dataset,score,draw,N,delta,mode,saving,containment_failure,inflation,inflation_exceeded
har,LAC,0,480,0.01,whole,0.7916666666666666,False,0.3076923076923077,False
har,LAC,0,480,0.05,whole,0.7916666666666666,False,0.12880143112701253,False
har,LAC,0,480,0.05,even_to_odd,0.7916666666666666,False,0.13237924865831843,False
har,LAC,0,480,0.1,whole,0.8333333333333334,False,0.12880143112701253,False
har,LAC,0,480,0.2,whole,0.8333333333333334,False,0.12880143112701253,False
har,LAC,1,480,0.01,whole,0.7916666666666666,False,0.21377459749552774,False
har,LAC,1,480,0.05,whole,0.8333333333333334,False,0.3094812164579606,False
har,LAC,1,480,0.05,even_to_odd,0.8333333333333334,False,0.3041144901610018,False
har,LAC,1,480,0.1,whole,0.8333333333333334,False,0.21377459749552774,False
har,LAC,1,480,0.2,whole,0.875,False,0.21377459749552774,False
har,LAC,2,480,0.01,whole,0.7916666666666666,False,0.3613595706618962,False
har,LAC,2,480,0.05,whole,0.875,False,0.12880143112701253,False
har,LAC,2,480,0.05,even_to_odd,0.875,False,0.13237924865831843,False
har,LAC,2,480,0.1,whole,0.875,False,0.12880143112701253,False
har,LAC,2,480,0.2,whole,0.9166666666666666,False,0.12880143112701253,False
har,LAC,3,480,0.01,whole,0.75,False,0.389087656529517,False
har,LAC,3,480,0.05,whole,0.75,False,0.33184257602862255,False
har,LAC,3,480,0.05,even_to_odd,0.75,False,0.33094812164579607,False
har,LAC,3,480,0.1,whole,0.75,False,0.24508050089445438,False
har,LAC,3,480,0.2,whole,0.7916666666666666,False,0.24508050089445438,False
har,LAC,4,480,0.01,whole,0.75,False,0.4400715563506261,False
har,LAC,4,480,0.05,whole,0.7916666666666666,False,0.4400715563506261,False
har,LAC,4,480,0.05,even_to_odd,0.7916666666666666,False,0.43828264758497315,False
har,LAC,4,480,0.1,whole,0.7916666666666666,False,0.4400715563506261,False
har,LAC,4,480,0.2,whole,0.7916666666666666,False,0.43828264758497315,False
har,LAC,5,480,0.01,whole,0.7916666666666666,False,0.334525939177102,False
har,LAC,5,480,0.05,whole,0.8333333333333334,False,0.334525939177102,False
har,LAC,5,480,0.05,even_to_odd,0.8333333333333334,False,0.33810375670840787,False
har,LAC,5,480,0.1,whole,0.8333333333333334,False,0.32379248658318427,False
har,LAC,5,480,0.2,whole,0.9166666666666666,False,0.12343470483005367,False
har,LAC,6,480,0.01,whole,0.7916666666666666,False,0.1520572450805009,False
har,LAC,6,480,0.05,whole,0.875,False,0.1779964221824687,False
har,LAC,6,480,0.05,even_to_odd,0.875,False,0.17889087656529518,False
har,LAC,6,480,0.1,whole,0.875,False,0.1779964221824687,False
har,LAC,6,480,0.2,whole,0.9166666666666666,False,0.1779964221824687,False
har,LAC,7,480,0.01,whole,0.8333333333333334,False,0.22093023255813954,False
har,LAC,7,480,0.05,whole,0.875,False,0.22093023255813954,False
har,LAC,7,480,0.05,even_to_odd,0.875,False,0.22003577817531306,False
har,LAC,7,480,0.1,whole,0.875,False,0.22093023255813954,False
har,LAC,7,480,0.2,whole,0.9166666666666666,False,0.1547406082289803,False
har,LAC,8,480,0.01,whole,0.8333333333333334,False,0.24955277280858676,False
har,LAC,8,480,0.05,whole,0.875,False,0.22719141323792486,False
har,LAC,8,480,0.05,even_to_odd,0.875,False,0.22898032200357782,False
har,LAC,8,480,0.1,whole,0.875,False,0.22719141323792486,False
har,LAC,8,480,0.2,whole,0.9166666666666666,False,0.22719141323792486,False
har,LAC,9,480,0.01,whole,0.75,False,0.3998211091234347,False
har,LAC,9,480,0.05,whole,0.7916666666666666,False,0.33810375670840787,False
har,LAC,9,480,0.05,even_to_odd,0.7916666666666666,False,0.34525939177101966,False
har,LAC,9,480,0.1,whole,0.7916666666666666,False,0.33810375670840787,False
har,LAC,9,480,0.2,whole,0.8333333333333334,False,0.3998211091234347,False
har,LAC,10,480,0.01,whole,0.7916666666666666,False,0.3425760286225403,False
har,LAC,10,480,0.05,whole,0.8333333333333334,False,0.3881932021466905,False
har,LAC,10,480,0.05,even_to_odd,0.8333333333333334,False,0.39713774597495527,False
har,LAC,10,480,0.1,whole,0.8333333333333334,False,0.3425760286225403,False
har,LAC,10,480,0.2,whole,0.875,False,0.3425760286225403,False
har,LAC,11,480,0.01,whole,0.7916666666666666,False,0.26744186046511625,False
har,LAC,11,480,0.05,whole,0.8333333333333334,False,0.40518783542039355,False
har,LAC,11,480,0.05,even_to_odd,0.8333333333333334,False,0.40250447227191416,False
har,LAC,11,480,0.1,whole,0.8333333333333334,False,0.26744186046511625,False
har,LAC,11,480,0.2,whole,0.875,False,0.40518783542039355,False
har,LAC,12,480,0.01,whole,0.7916666666666666,False,0.34615384615384615,False
har,LAC,12,480,0.05,whole,0.7916666666666666,False,0.3372093023255814,False
har,LAC,12,480,0.05,even_to_odd,0.7916666666666666,False,0.3363148479427549,False
har,LAC,12,480,0.1,whole,0.8333333333333334,False,0.34615384615384615,False
har,LAC,12,480,0.2,whole,0.8333333333333334,False,0.34615384615384615,False
har,LAC,13,480,0.01,whole,0.8333333333333334,False,0.387298747763864,False
har,LAC,13,480,0.05,whole,0.875,False,0.387298747763864,False
har,LAC,13,480,0.05,even_to_odd,0.875,False,0.3810375670840787,False
har,LAC,13,480,0.1,whole,0.875,False,0.387298747763864,False
har,LAC,13,480,0.2,whole,0.875,False,0.3631484794275492,False
har,LAC,14,480,0.01,whole,0.7916666666666666,False,0.2513416815742397,False
har,LAC,14,480,0.05,whole,0.8333333333333334,False,0.2513416815742397,False
har,LAC,14,480,0.05,even_to_odd,0.8333333333333334,False,0.24686940966010734,False
har,LAC,14,480,0.1,whole,0.8333333333333334,False,0.1967799642218247,False
har,LAC,14,480,0.2,whole,0.875,False,0.2513416815742397,False
har,LAC,15,480,0.01,whole,0.7916666666666666,False,0.29159212880143115,False
har,LAC,15,480,0.05,whole,0.8333333333333334,False,0.29159212880143115,False
har,LAC,15,480,0.05,even_to_odd,0.8333333333333334,False,0.29159212880143115,False
har,LAC,15,480,0.1,whole,0.8333333333333334,False,0.2146690518783542,False
har,LAC,15,480,0.2,whole,0.9166666666666666,False,0.2146690518783542,False
har,LAC,16,480,0.01,whole,0.7916666666666666,False,0.24150268336314848,False
har,LAC,16,480,0.05,whole,0.8333333333333334,False,0.24150268336314848,False
har,LAC,16,480,0.05,even_to_odd,0.8333333333333334,False,0.24686940966010734,False
har,LAC,16,480,0.1,whole,0.8333333333333334,False,0.1967799642218247,False
har,LAC,16,480,0.2,whole,0.9166666666666666,False,0.24150268336314848,False
har,LAC,17,480,0.01,whole,0.75,False,0.24776386404293382,False
har,LAC,17,480,0.05,whole,0.8333333333333334,False,0.24776386404293382,False
har,LAC,17,480,0.05,even_to_odd,0.8333333333333334,False,0.24150268336314848,False
har,LAC,17,480,0.1,whole,0.8333333333333334,False,0.23524150268336314,False
har,LAC,17,480,0.2,whole,0.875,False,0.24776386404293382,False
har,LAC,18,480,0.01,whole,0.8333333333333334,False,0.34525939177101966,False
har,LAC,18,480,0.05,whole,0.875,False,0.34525939177101966,False
har,LAC,18,480,0.05,even_to_odd,0.875,False,0.3542039355992844,False
har,LAC,18,480,0.1,whole,0.875,False,0.34525939177101966,False
har,LAC,18,480,0.2,whole,0.9166666666666666,False,0.34525939177101966,False
har,LAC,19,480,0.01,whole,0.7916666666666666,False,0.30143112701252234,False
har,LAC,19,480,0.05,whole,0.8333333333333334,False,0.30500894454382826,False
har,LAC,19,480,0.05,even_to_odd,0.8333333333333334,False,0.30590339892665475,False
har,LAC,19,480,0.1,whole,0.8333333333333334,False,0.30143112701252234,False
har,LAC,19,480,0.2,whole,0.875,False,0.30500894454382826,False
har,LAC,20,480,0.01,whole,0.7916666666666666,False,0.13864042933810375,False
har,LAC,20,480,0.05,whole,0.8333333333333334,False,0.25402504472271914,False
har,LAC,20,480,0.05,even_to_odd,0.8333333333333334,False,0.2522361359570662,False
har,LAC,20,480,0.1,whole,0.8333333333333334,False,0.13864042933810375,False
har,LAC,20,480,0.2,whole,0.9166666666666666,False,0.25402504472271914,False
har,LAC,21,480,0.01,whole,0.7083333333333333,False,0.4016100178890877,False
har,LAC,21,480,0.05,whole,0.7916666666666666,False,0.4016100178890877,False
har,LAC,21,480,0.05,even_to_odd,0.7916666666666666,False,0.40250447227191416,False
har,LAC,21,480,0.1,whole,0.8333333333333334,False,0.24776386404293382,False
har,LAC,21,480,0.2,whole,0.875,False,0.24776386404293382,False
har,LAC,22,480,0.01,whole,0.7916666666666666,False,0.38372093023255816,False
har,LAC,22,480,0.05,whole,0.875,False,0.38372093023255816,False
har,LAC,22,480,0.05,even_to_odd,0.875,False,0.3881932021466905,False
har,LAC,22,480,0.1,whole,0.875,False,0.38372093023255816,False
har,LAC,22,480,0.2,whole,0.875,False,0.36493738819320215,False
har,LAC,23,480,0.01,whole,0.8333333333333334,False,0.3962432915921288,False
har,LAC,23,480,0.05,whole,0.875,False,0.19499105545617174,False
har,LAC,23,480,0.05,even_to_odd,0.875,False,0.2003577817531306,False
har,LAC,23,480,0.1,whole,0.875,False,0.19499105545617174,False
har,LAC,23,480,0.2,whole,0.9166666666666666,False,0.19499105545617174,False
har,LAC,24,480,0.01,whole,0.75,False,0.34615384615384615,False
har,LAC,24,480,0.05,whole,0.7916666666666666,False,0.25760286225402507,False
har,LAC,24,480,0.05,even_to_odd,0.7916666666666666,False,0.24865831842576028,False
har,LAC,24,480,0.1,whole,0.8333333333333334,False,0.2558139534883721,False
har,LAC,24,480,0.2,whole,0.9166666666666666,False,0.15295169946332737,False
har,LAC,25,480,0.01,whole,0.7916666666666666,False,0.24329159212880144,False
har,LAC,25,480,0.05,whole,0.8333333333333334,False,0.24329159212880144,False
har,LAC,25,480,0.05,even_to_odd,0.8333333333333334,False,0.24150268336314848,False
har,LAC,25,480,0.1,whole,0.8333333333333334,False,0.24329159212880144,False
har,LAC,25,480,0.2,whole,0.875,False,0.06887298747763863,False
har,LAC,26,480,0.01,whole,0.7916666666666666,False,0.32379248658318427,False
har,LAC,26,480,0.05,whole,0.7916666666666666,False,0.29159212880143115,False
har,LAC,26,480,0.05,even_to_odd,0.7916666666666666,False,0.2826475849731664,False
har,LAC,26,480,0.1,whole,0.8333333333333334,False,0.32379248658318427,False
har,LAC,26,480,0.2,whole,0.8333333333333334,False,0.32379248658318427,False
har,LAC,27,480,0.01,whole,0.7916666666666666,False,0.3291592128801431,False
har,LAC,27,480,0.05,whole,0.8333333333333334,False,0.41055456171735244,False
har,LAC,27,480,0.05,even_to_odd,0.8333333333333334,False,0.407871198568873,False
har,LAC,27,480,0.1,whole,0.8333333333333334,False,0.3291592128801431,False
har,LAC,27,480,0.2,whole,0.9166666666666666,False,0.05008944543828265,False
har,LAC,28,480,0.01,whole,0.7916666666666666,False,0.1771019677996422,False
har,LAC,28,480,0.05,whole,0.875,False,0.20483005366726298,False
har,LAC,28,480,0.05,even_to_odd,0.875,False,0.20214669051878353,False
har,LAC,28,480,0.1,whole,0.875,False,0.20483005366726298,False
har,LAC,28,480,0.2,whole,0.9166666666666666,False,0.20483005366726298,False
har,LAC,29,480,0.01,whole,0.625,False,0.35062611806797855,False
har,LAC,29,480,0.05,whole,0.7083333333333333,False,0.4275491949910555,False
har,LAC,29,480,0.05,even_to_odd,0.6666666666666667,False,0.3613595706618962,False
har,LAC,29,480,0.1,whole,0.7083333333333333,False,0.4275491949910555,False
har,LAC,29,480,0.2,whole,0.7916666666666666,False,0.35062611806797855,False
har,LAC,30,480,0.01,whole,0.7916666666666666,False,0.3631484794275492,False
har,LAC,30,480,0.05,whole,0.7916666666666666,False,0.29338103756708406,False
har,LAC,30,480,0.05,even_to_odd,0.7916666666666666,False,0.295169946332737,False
har,LAC,30,480,0.1,whole,0.7916666666666666,False,0.29338103756708406,False
har,LAC,30,480,0.2,whole,0.8333333333333334,False,0.3631484794275492,False
har,LAC,31,480,0.01,whole,0.8333333333333334,False,0.40250447227191416,False
har,LAC,31,480,0.05,whole,0.875,False,0.40250447227191416,False
har,LAC,31,480,0.05,even_to_odd,0.875,False,0.3953488372093023,False
har,LAC,31,480,0.1,whole,0.875,False,0.40250447227191416,False
har,LAC,31,480,0.2,whole,0.9166666666666666,False,0.40250447227191416,False
har,LAC,32,480,0.01,whole,0.8333333333333334,False,0.29159212880143115,False
har,LAC,32,480,0.05,whole,0.875,False,0.11538461538461539,False
har,LAC,32,480,0.05,even_to_odd,0.875,False,0.10912343470483005,False
har,LAC,32,480,0.1,whole,0.875,False,0.11538461538461539,False
har,LAC,32,480,0.2,whole,0.9166666666666666,False,0.026833631484794274,False
har,LAC,33,480,0.01,whole,0.7916666666666666,False,0.37656529516994636,False
har,LAC,33,480,0.05,whole,0.8333333333333334,False,0.37656529516994636,False
har,LAC,33,480,0.05,even_to_odd,0.8333333333333334,False,0.3738819320214669,False
har,LAC,33,480,0.1,whole,0.8333333333333334,False,0.34525939177101966,False
har,LAC,33,480,0.2,whole,0.875,False,0.37656529516994636,False
har,LAC,34,480,0.01,whole,0.7083333333333333,False,0.20840787119856888,False
har,LAC,34,480,0.05,whole,0.7916666666666666,False,0.20840787119856888,False
har,LAC,34,480,0.05,even_to_odd,0.7916666666666666,False,0.20930232558139536,False
har,LAC,34,480,0.1,whole,0.8333333333333334,False,0.20840787119856888,False
har,LAC,34,480,0.2,whole,0.8333333333333334,False,0.20840787119856888,False
har,LAC,35,480,0.01,whole,0.7916666666666666,False,0.09838998211091235,False
har,LAC,35,480,0.05,whole,0.875,False,0.06082289803220036,False
har,LAC,35,480,0.05,even_to_odd,0.875,False,0.057245080500894455,False
har,LAC,35,480,0.1,whole,0.875,False,0.06082289803220036,False
har,LAC,35,480,0.2,whole,0.9166666666666666,False,0.04382826475849732,False
har,LAC,36,480,0.01,whole,0.6666666666666667,False,0.05008944543828265,False
har,LAC,36,480,0.05,whole,0.75,False,0.2710196779964222,False
har,LAC,36,480,0.05,even_to_odd,0.75,False,0.2701252236135957,False
har,LAC,36,480,0.1,whole,0.75,False,0.05008944543828265,False
har,LAC,36,480,0.2,whole,0.9166666666666666,False,0.2710196779964222,False
har,LAC,37,480,0.01,whole,0.7916666666666666,False,0.37835420393559926,False
har,LAC,37,480,0.05,whole,0.7916666666666666,False,0.33273703041144903,False
har,LAC,37,480,0.05,even_to_odd,0.7916666666666666,False,0.33989266547406083,False
har,LAC,37,480,0.1,whole,0.8333333333333334,False,0.37835420393559926,False
har,LAC,37,480,0.2,whole,0.875,False,0.33273703041144903,False
har,LAC,38,480,0.01,whole,0.75,False,0.3184257602862254,False
har,LAC,38,480,0.05,whole,0.7916666666666666,False,0.3184257602862254,False
har,LAC,38,480,0.05,even_to_odd,0.7916666666666666,False,0.3184257602862254,False
har,LAC,38,480,0.1,whole,0.7916666666666666,False,0.3184257602862254,False
har,LAC,38,480,0.2,whole,0.9166666666666666,False,0.04561717352415027,False
har,LAC,39,480,0.01,whole,0.7916666666666666,False,0.23792486583184258,False
har,LAC,39,480,0.05,whole,0.8333333333333334,False,0.2584973166368515,False
har,LAC,39,480,0.05,even_to_odd,0.8333333333333334,False,0.2504472271914132,False
har,LAC,39,480,0.1,whole,0.875,False,0.3962432915921288,False
har,LAC,39,480,0.2,whole,0.875,False,0.2584973166368515,False
har,APS,0,480,0.01,whole,0.7916666666666666,False,0.3228980322003578,False
har,APS,0,480,0.05,whole,0.7916666666666666,False,0.23255813953488372,False
har,APS,0,480,0.05,even_to_odd,0.7916666666666666,False,0.21288014311270126,False
har,APS,0,480,0.1,whole,0.8333333333333334,False,0.3228980322003578,False
har,APS,0,480,0.2,whole,0.875,False,0.23255813953488372,False
har,APS,1,480,0.01,whole,0.7916666666666666,False,0.4087656529516995,False
har,APS,1,480,0.05,whole,0.8333333333333334,False,0.4087656529516995,False
har,APS,1,480,0.05,even_to_odd,0.8333333333333334,False,0.38461538461538464,False
har,APS,1,480,0.1,whole,0.8333333333333334,False,0.33273703041144903,False
har,APS,1,480,0.2,whole,0.875,False,0.33273703041144903,False
har,APS,2,480,0.01,whole,0.75,False,0.2146690518783542,False
har,APS,2,480,0.05,whole,0.7916666666666666,False,0.2146690518783542,False
har,APS,2,480,0.05,even_to_odd,0.7916666666666666,False,0.18425760286225404,False
har,APS,2,480,0.1,whole,0.8333333333333334,False,0.2146690518783542,False
har,APS,2,480,0.2,whole,0.875,False,0.20214669051878353,False
har,APS,3,480,0.01,whole,0.8333333333333334,False,0.3282647584973166,False
har,APS,3,480,0.05,whole,0.875,False,0.2620751341681574,False
har,APS,3,480,0.05,even_to_odd,0.875,False,0.24508050089445438,False
har,APS,3,480,0.1,whole,0.875,False,0.2620751341681574,False
har,APS,3,480,0.2,whole,0.9166666666666666,False,0.19499105545617174,False
har,APS,4,480,0.01,whole,0.6666666666666667,False,0.28711985688729874,False
har,APS,4,480,0.05,whole,0.7083333333333333,False,0.276386404293381,False
har,APS,4,480,0.05,even_to_odd,0.6666666666666667,False,0.2558139534883721,False
har,APS,4,480,0.1,whole,0.7083333333333333,False,0.276386404293381,False
har,APS,4,480,0.2,whole,0.7916666666666666,False,0.2504472271914132,False
har,APS,5,480,0.01,whole,0.7083333333333333,False,0.2629695885509839,False
har,APS,5,480,0.05,whole,0.7916666666666666,False,0.061717352415026835,False
har,APS,5,480,0.05,even_to_odd,0.7916666666666666,False,0.05008944543828265,False
har,APS,5,480,0.1,whole,0.8333333333333334,False,0.061717352415026835,False
har,APS,5,480,0.2,whole,0.8333333333333334,False,0.061717352415026835,False
har,APS,6,480,0.01,whole,0.7916666666666666,False,0.21288014311270126,False
har,APS,6,480,0.05,whole,0.7916666666666666,False,0.09570661896243292,False
har,APS,6,480,0.05,even_to_odd,0.7916666666666666,False,0.08407871198568873,False
har,APS,6,480,0.1,whole,0.8333333333333334,False,0.21288014311270126,False
har,APS,6,480,0.2,whole,0.9166666666666666,False,0.09570661896243292,False
har,APS,7,480,0.01,whole,0.7916666666666666,False,0.13148479427549195,False
har,APS,7,480,0.05,whole,0.7916666666666666,False,0.08318425760286226,False
har,APS,7,480,0.05,even_to_odd,0.7916666666666666,False,0.06976744186046512,False
har,APS,7,480,0.1,whole,0.8333333333333334,False,0.055456171735241505,False
har,APS,7,480,0.2,whole,0.875,False,0.008050089445438283,False
har,APS,8,480,0.01,whole,0.7083333333333333,False,0.29964221824686943,False
har,APS,8,480,0.05,whole,0.7916666666666666,False,0.20214669051878353,False
har,APS,8,480,0.05,even_to_odd,0.7916666666666666,False,0.16994633273703041,False
har,APS,8,480,0.1,whole,0.7916666666666666,False,0.17620751341681573,False
har,APS,8,480,0.2,whole,0.7916666666666666,False,0.17620751341681573,False
har,APS,9,480,0.01,whole,0.75,False,0.44275491949910556,False
har,APS,9,480,0.05,whole,0.75,False,0.40250447227191416,False
har,APS,9,480,0.05,even_to_odd,0.75,False,0.37924865831842575,False
har,APS,9,480,0.1,whole,0.8333333333333334,False,0.44275491949910556,False
har,APS,9,480,0.2,whole,0.875,False,0.44275491949910556,False
har,APS,10,480,0.01,whole,0.5833333333333333,False,0.3112701252236136,False
har,APS,10,480,0.05,whole,0.7083333333333333,False,0.3148479427549195,False
har,APS,10,480,0.05,even_to_odd,0.7083333333333333,False,0.2880143112701252,False
har,APS,10,480,0.1,whole,0.75,False,0.3148479427549195,False
har,APS,10,480,0.2,whole,0.7916666666666666,False,0.22271914132379247,False
har,APS,11,480,0.01,whole,0.7083333333333333,False,0.22898032200357782,False
har,APS,11,480,0.05,whole,0.75,False,0.20840787119856888,False
har,APS,11,480,0.05,even_to_odd,0.75,False,0.18604651162790697,False
har,APS,11,480,0.1,whole,0.75,False,0.10196779964221825,False
har,APS,11,480,0.2,whole,0.7916666666666666,False,0.20840787119856888,False
har,APS,12,480,0.01,whole,0.7083333333333333,False,0.3935599284436494,False
har,APS,12,480,0.05,whole,0.7916666666666666,False,0.3935599284436494,False
har,APS,12,480,0.05,even_to_odd,0.7916666666666666,False,0.370304114490161,False
har,APS,12,480,0.1,whole,0.7916666666666666,False,0.3935599284436494,False
har,APS,12,480,0.2,whole,0.7916666666666666,False,0.38372093023255816,False
har,APS,13,480,0.01,whole,0.6666666666666667,False,0.16279069767441862,False
har,APS,13,480,0.05,whole,0.7916666666666666,False,0.16279069767441862,False
har,APS,13,480,0.05,even_to_odd,0.7916666666666666,False,0.1449016100178891,False
har,APS,13,480,0.1,whole,0.7916666666666666,False,0.16279069767441862,False
har,APS,13,480,0.2,whole,0.7916666666666666,False,0.1001788908765653,False
har,APS,14,480,0.01,whole,0.6666666666666667,False,0.29338103756708406,False
har,APS,14,480,0.05,whole,0.6666666666666667,False,0.2889087656529517,False
har,APS,14,480,0.05,even_to_odd,0.625,False,0.1771019677996422,False
har,APS,14,480,0.1,whole,0.6666666666666667,False,0.20483005366726298,False
har,APS,14,480,0.2,whole,0.7083333333333333,False,0.20483005366726298,False
har,APS,15,480,0.01,whole,0.7916666666666666,False,0.278175313059034,False
har,APS,15,480,0.05,whole,0.7916666666666666,False,0.23076923076923078,False
har,APS,15,480,0.05,even_to_odd,0.7916666666666666,False,0.20930232558139536,False
har,APS,15,480,0.1,whole,0.8333333333333334,False,0.278175313059034,False
har,APS,15,480,0.2,whole,0.875,False,0.278175313059034,False
har,APS,16,480,0.01,whole,0.7916666666666666,False,0.03577817531305903,False
har,APS,16,480,0.05,whole,0.8333333333333334,True,-0.023255813953488372,False
har,APS,16,480,0.05,even_to_odd,0.8333333333333334,True,-0.025044722719141325,False
har,APS,16,480,0.1,whole,0.8333333333333334,True,-0.055456171735241505,False
har,APS,16,480,0.2,whole,0.9166666666666666,True,-0.023255813953488372,False
har,APS,17,480,0.01,whole,0.75,False,0.334525939177102,False
har,APS,17,480,0.05,whole,0.7916666666666666,False,0.334525939177102,False
har,APS,17,480,0.05,even_to_odd,0.7916666666666666,False,0.31305903398926654,False
har,APS,17,480,0.1,whole,0.8333333333333334,False,0.334525939177102,False
har,APS,17,480,0.2,whole,0.875,False,0.11091234347048301,False
har,APS,18,480,0.01,whole,0.7083333333333333,False,0.1967799642218247,False
har,APS,18,480,0.05,whole,0.75,False,0.13595706618962433,False
har,APS,18,480,0.05,even_to_odd,0.75,False,0.11806797853309481,False
har,APS,18,480,0.1,whole,0.7916666666666666,False,0.13595706618962433,False
har,APS,18,480,0.2,whole,0.7916666666666666,False,0.12701252236135957,False
har,APS,19,480,0.01,whole,0.75,False,0.2549194991055456,False
har,APS,19,480,0.05,whole,0.7916666666666666,False,0.2513416815742397,False
har,APS,19,480,0.05,even_to_odd,0.75,False,0.23613595706618962,False
har,APS,19,480,0.1,whole,0.8333333333333334,False,0.1520572450805009,False
har,APS,19,480,0.2,whole,0.875,False,0.1520572450805009,False
har,APS,20,480,0.01,whole,0.7083333333333333,False,0.4007155635062612,False
har,APS,20,480,0.05,whole,0.7916666666666666,False,0.4007155635062612,False
har,APS,20,480,0.05,even_to_odd,0.7916666666666666,False,0.37924865831842575,False
har,APS,20,480,0.1,whole,0.8333333333333334,False,0.4007155635062612,False
har,APS,20,480,0.2,whole,0.875,False,0.3291592128801431,False
har,APS,21,480,0.01,whole,0.6666666666666667,False,0.29964221824686943,False
har,APS,21,480,0.05,whole,0.75,False,0.3747763864042934,False
har,APS,21,480,0.05,even_to_odd,0.7083333333333333,False,0.2558139534883721,False
har,APS,21,480,0.1,whole,0.75,False,0.29964221824686943,False
har,APS,21,480,0.2,whole,0.9166666666666666,False,0.0706618962432916,False
har,APS,22,480,0.01,whole,0.7083333333333333,False,0.32558139534883723,False
har,APS,22,480,0.05,whole,0.75,False,0.32558139534883723,False
har,APS,22,480,0.05,even_to_odd,0.75,False,0.29695885509839,False
har,APS,22,480,0.1,whole,0.75,False,0.25313059033989266,False
har,APS,22,480,0.2,whole,0.7916666666666666,False,0.32558139534883723,False
har,APS,23,480,0.01,whole,0.7083333333333333,False,0.26833631484794274,False
har,APS,23,480,0.05,whole,0.7916666666666666,False,0.1806797853309481,False
har,APS,23,480,0.05,even_to_odd,0.7916666666666666,False,0.1520572450805009,False
har,APS,23,480,0.1,whole,0.8333333333333334,False,0.1806797853309481,False
har,APS,23,480,0.2,whole,0.875,False,0.167262969588551,False
har,APS,24,480,0.01,whole,0.6666666666666667,False,0.2370304114490161,False
har,APS,24,480,0.05,whole,0.7916666666666666,False,0.2370304114490161,False
har,APS,24,480,0.05,even_to_odd,0.7916666666666666,False,0.20930232558139536,False
har,APS,24,480,0.1,whole,0.7916666666666666,False,0.2370304114490161,False
har,APS,24,480,0.2,whole,0.7916666666666666,False,0.19946332737030412,False
har,APS,25,480,0.01,whole,0.75,False,0.29964221824686943,False
har,APS,25,480,0.05,whole,0.7916666666666666,False,0.29964221824686943,False
har,APS,25,480,0.05,even_to_odd,0.7916666666666666,False,0.26654740608228983,False
har,APS,25,480,0.1,whole,0.8333333333333334,False,0.29964221824686943,False
har,APS,25,480,0.2,whole,0.875,False,0.29964221824686943,False
har,APS,26,480,0.01,whole,0.6666666666666667,False,0.08228980322003578,False
har,APS,26,480,0.05,whole,0.7916666666666666,False,0.08228980322003578,False
har,APS,26,480,0.05,even_to_odd,0.7916666666666666,False,0.07692307692307693,False
har,APS,26,480,0.1,whole,0.7916666666666666,False,0.08228980322003578,False
har,APS,26,480,0.2,whole,0.7916666666666666,False,0.03667262969588551,False
har,APS,27,480,0.01,whole,0.7916666666666666,False,0.33273703041144903,False
har,APS,27,480,0.05,whole,0.7916666666666666,False,0.29159212880143115,False
har,APS,27,480,0.05,even_to_odd,0.7916666666666666,False,0.25760286225402507,False
har,APS,27,480,0.1,whole,0.8333333333333334,False,0.33273703041144903,False
har,APS,27,480,0.2,whole,0.8333333333333334,False,0.33273703041144903,False
har,APS,28,480,0.01,whole,0.7916666666666666,False,0.23971377459749552,False
har,APS,28,480,0.05,whole,0.875,False,0.3363148479427549,False
har,APS,28,480,0.05,even_to_odd,0.875,False,0.32558139534883723,False
har,APS,28,480,0.1,whole,0.875,False,0.3363148479427549,False
har,APS,28,480,0.2,whole,0.875,False,0.22361359570661896,False
har,APS,29,480,0.01,whole,0.5833333333333333,False,0.23166368515205724,False
har,APS,29,480,0.05,whole,0.6666666666666667,False,0.23166368515205724,False
har,APS,29,480,0.05,even_to_odd,0.625,False,0.18425760286225404,False
har,APS,29,480,0.1,whole,0.7083333333333333,False,0.20304114490161002,False
har,APS,29,480,0.2,whole,0.75,False,0.20304114490161002,False
har,APS,30,480,0.01,whole,0.75,False,0.2584973166368515,False
har,APS,30,480,0.05,whole,0.7916666666666666,False,0.2584973166368515,False
har,APS,30,480,0.05,even_to_odd,0.75,False,0.18604651162790697,False
har,APS,30,480,0.1,whole,0.8333333333333334,False,0.2584973166368515,False
har,APS,30,480,0.2,whole,0.8333333333333334,False,0.2584973166368515,False
har,APS,31,480,0.01,whole,0.7083333333333333,False,0.23524150268336314,False
har,APS,31,480,0.05,whole,0.7916666666666666,False,0.23524150268336314,False
har,APS,31,480,0.05,even_to_odd,0.7916666666666666,False,0.19856887298747763,False
har,APS,31,480,0.1,whole,0.7916666666666666,False,0.23524150268336314,False
har,APS,31,480,0.2,whole,0.7916666666666666,False,0.22898032200357782,False
har,APS,32,480,0.01,whole,0.7083333333333333,False,0.29338103756708406,False
har,APS,32,480,0.05,whole,0.8333333333333334,False,0.29338103756708406,False
har,APS,32,480,0.05,even_to_odd,0.8333333333333334,False,0.2629695885509839,False
har,APS,32,480,0.1,whole,0.8333333333333334,False,0.2817531305903399,False
har,APS,32,480,0.2,whole,0.875,False,0.29338103756708406,False
har,APS,33,480,0.01,whole,0.75,False,0.17262969588550983,False
har,APS,33,480,0.05,whole,0.7916666666666666,False,0.17262969588550983,False
har,APS,33,480,0.05,even_to_odd,0.7916666666666666,False,0.15742397137745975,False
har,APS,33,480,0.1,whole,0.7916666666666666,False,0.17262969588550983,False
har,APS,33,480,0.2,whole,0.7916666666666666,False,0.09928443649373882,False
har,APS,34,480,0.01,whole,0.6666666666666667,False,0.38640429338103754,False
har,APS,34,480,0.05,whole,0.75,False,0.38640429338103754,False
har,APS,34,480,0.05,even_to_odd,0.75,False,0.3685152057245081,False
har,APS,34,480,0.1,whole,0.8333333333333334,False,0.3103756708407871,False
har,APS,34,480,0.2,whole,0.875,False,0.16905187835420393,False
har,APS,35,480,0.01,whole,0.7083333333333333,False,0.24597495527728086,False
har,APS,35,480,0.05,whole,0.7916666666666666,False,0.24597495527728086,False
har,APS,35,480,0.05,even_to_odd,0.7916666666666666,False,0.21645796064400716,False
har,APS,35,480,0.1,whole,0.8333333333333334,False,0.09123434704830054,False
har,APS,35,480,0.2,whole,0.875,False,0.09123434704830054,False
har,APS,36,480,0.01,whole,0.75,False,0.33810375670840787,False
har,APS,36,480,0.05,whole,0.7916666666666666,False,0.334525939177102,False
har,APS,36,480,0.05,even_to_odd,0.7916666666666666,False,0.33094812164579607,False
har,APS,36,480,0.1,whole,0.7916666666666666,False,0.334525939177102,False
har,APS,36,480,0.2,whole,0.8333333333333334,False,0.43112701252236135,False
har,APS,37,480,0.01,whole,0.7083333333333333,False,0.26118067978533094,False
har,APS,37,480,0.05,whole,0.75,False,0.26118067978533094,False
har,APS,37,480,0.05,even_to_odd,0.7083333333333333,False,0.15742397137745975,False
har,APS,37,480,0.1,whole,0.7916666666666666,False,0.30500894454382826,False
har,APS,37,480,0.2,whole,0.7916666666666666,False,0.26118067978533094,False
har,APS,38,480,0.01,whole,0.7083333333333333,False,0.3944543828264758,False
har,APS,38,480,0.05,whole,0.75,False,0.35330948121645794,False
har,APS,38,480,0.05,even_to_odd,0.75,False,0.32558139534883723,False
har,APS,38,480,0.1,whole,0.75,False,0.32558139534883723,False
har,APS,38,480,0.2,whole,0.7916666666666666,False,0.35330948121645794,False
har,APS,39,480,0.01,whole,0.7916666666666666,False,0.1520572450805009,False
har,APS,39,480,0.05,whole,0.7916666666666666,False,0.10196779964221825,False
har,APS,39,480,0.05,even_to_odd,0.7916666666666666,False,0.08050089445438283,False
har,APS,39,480,0.1,whole,0.8333333333333334,False,0.1520572450805009,False
har,APS,39,480,0.2,whole,0.8333333333333334,False,0.1520572450805009,False
dsads,LAC,0,360,0.01,whole,0.05555555555555558,False,0.12763157894736843,False
dsads,LAC,0,360,0.05,whole,0.05555555555555558,False,0.10350877192982456,False
dsads,LAC,0,360,0.05,even_to_odd,0.05555555555555558,False,0.0956140350877193,False
dsads,LAC,0,360,0.1,whole,0.11111111111111116,False,0.04912280701754386,False
dsads,LAC,0,360,0.2,whole,0.11111111111111116,False,0.04912280701754386,False
dsads,LAC,1,360,0.01,whole,0.05555555555555558,False,0.4425438596491228,False
dsads,LAC,1,360,0.05,whole,0.05555555555555558,False,0.4004385964912281,False
dsads,LAC,1,360,0.05,even_to_odd,0.05555555555555558,False,0.36929824561403507,False
dsads,LAC,1,360,0.1,whole,0.16666666666666663,False,0.22543859649122808,False
dsads,LAC,1,360,0.2,whole,0.2222222222222222,False,0.4004385964912281,False
dsads,LAC,2,360,0.01,whole,0.05555555555555558,False,0.21929824561403508,False
dsads,LAC,2,360,0.05,whole,0.05555555555555558,False,0.20087719298245615,False
dsads,LAC,2,360,0.05,even_to_odd,0.05555555555555558,False,0.2131578947368421,False
dsads,LAC,2,360,0.1,whole,0.16666666666666663,False,0.662719298245614,True
dsads,LAC,2,360,0.2,whole,0.16666666666666663,False,0.47412280701754383,False
dsads,LAC,3,360,0.01,whole,0.05555555555555558,False,0.0956140350877193,False
dsads,LAC,3,360,0.05,whole,0.16666666666666663,False,0.0837719298245614,False
dsads,LAC,3,360,0.05,even_to_odd,0.11111111111111116,False,0.06842105263157895,False
dsads,LAC,3,360,0.1,whole,0.16666666666666663,False,0.060526315789473685,False
dsads,LAC,3,360,0.2,whole,0.2777777777777778,False,0.0,False
dsads,LAC,4,360,0.01,whole,0.0,False,0.0,False
dsads,LAC,4,360,0.05,whole,0.0,False,0.0,False
dsads,LAC,4,360,0.05,even_to_odd,0.0,False,0.0,False
dsads,LAC,4,360,0.1,whole,0.0,False,0.0,False
dsads,LAC,4,360,0.2,whole,0.33333333333333337,False,0.0,False
dsads,LAC,5,360,0.01,whole,0.05555555555555558,False,0.34649122807017546,False
dsads,LAC,5,360,0.05,whole,0.05555555555555558,False,0.3232456140350877,False
dsads,LAC,5,360,0.05,even_to_odd,0.05555555555555558,False,0.3254385964912281,False
dsads,LAC,5,360,0.1,whole,0.05555555555555558,False,0.3030701754385965,False
dsads,LAC,5,360,0.2,whole,0.05555555555555558,False,0.3030701754385965,False
dsads,LAC,6,360,0.01,whole,0.05555555555555558,False,0.3868421052631579,False
dsads,LAC,6,360,0.05,whole,0.05555555555555558,False,0.36622807017543857,False
dsads,LAC,6,360,0.05,even_to_odd,0.05555555555555558,False,0.3447368421052632,False
dsads,LAC,6,360,0.1,whole,0.05555555555555558,False,0.2535087719298246,False
dsads,LAC,6,360,0.2,whole,0.11111111111111116,False,0.36622807017543857,False
dsads,LAC,7,360,0.01,whole,0.11111111111111116,False,0.34385964912280703,False
dsads,LAC,7,360,0.05,whole,0.11111111111111116,False,0.16885964912280702,False
dsads,LAC,7,360,0.05,even_to_odd,0.11111111111111116,False,0.1649122807017544,False
dsads,LAC,7,360,0.1,whole,0.11111111111111116,False,0.1513157894736842,False
dsads,LAC,7,360,0.2,whole,0.33333333333333337,False,0.16885964912280702,False
dsads,LAC,8,360,0.01,whole,0.11111111111111116,False,0.26842105263157895,False
dsads,LAC,8,360,0.05,whole,0.11111111111111116,False,0.262719298245614,False
dsads,LAC,8,360,0.05,even_to_odd,0.11111111111111116,False,0.2657894736842105,False
dsads,LAC,8,360,0.1,whole,0.16666666666666663,False,0.26842105263157895,False
dsads,LAC,8,360,0.2,whole,0.16666666666666663,False,0.262719298245614,False
dsads,LAC,9,360,0.01,whole,0.0,False,0.0,False
dsads,LAC,9,360,0.05,whole,0.0,False,0.0,False
dsads,LAC,9,360,0.05,even_to_odd,0.0,False,0.0,False
dsads,LAC,9,360,0.1,whole,0.05555555555555558,False,0.18640350877192982,False
dsads,LAC,9,360,0.2,whole,0.05555555555555558,False,0.18640350877192982,False
dsads,LAC,10,360,0.01,whole,0.0,False,0.0,False
dsads,LAC,10,360,0.05,whole,0.0,False,0.0,False
dsads,LAC,10,360,0.05,even_to_odd,0.0,False,0.0,False
dsads,LAC,10,360,0.1,whole,0.05555555555555558,False,0.45745614035087717,False
dsads,LAC,10,360,0.2,whole,0.05555555555555558,False,0.4486842105263158,False
dsads,LAC,11,360,0.01,whole,0.11111111111111116,False,0.25043859649122807,False
dsads,LAC,11,360,0.05,whole,0.2222222222222222,False,0.2530701754385965,False
dsads,LAC,11,360,0.05,even_to_odd,0.2222222222222222,False,0.25526315789473686,False
dsads,LAC,11,360,0.1,whole,0.2777777777777778,False,0.25043859649122807,False
dsads,LAC,11,360,0.2,whole,0.2777777777777778,False,0.17105263157894737,False
dsads,LAC,12,360,0.01,whole,0.05555555555555558,False,0.26403508771929823,False
dsads,LAC,12,360,0.05,whole,0.11111111111111116,False,0.26403508771929823,False
dsads,LAC,12,360,0.05,even_to_odd,0.11111111111111116,False,0.2912280701754386,False
dsads,LAC,12,360,0.1,whole,0.11111111111111116,False,0.23289473684210527,False
dsads,LAC,12,360,0.2,whole,0.11111111111111116,False,0.23289473684210527,False
dsads,LAC,13,360,0.01,whole,0.05555555555555558,False,0.15,False
dsads,LAC,13,360,0.05,whole,0.11111111111111116,False,0.19605263157894737,False
dsads,LAC,13,360,0.05,even_to_odd,0.11111111111111116,False,0.19298245614035087,False
dsads,LAC,13,360,0.1,whole,0.16666666666666663,False,0.19605263157894737,False
dsads,LAC,13,360,0.2,whole,0.16666666666666663,False,0.15,False
dsads,LAC,14,360,0.01,whole,0.05555555555555558,False,0.4,False
dsads,LAC,14,360,0.05,whole,0.05555555555555558,False,0.20921052631578949,False
dsads,LAC,14,360,0.05,even_to_odd,0.05555555555555558,False,0.19649122807017544,False
dsads,LAC,14,360,0.1,whole,0.05555555555555558,False,0.1649122807017544,False
dsads,LAC,14,360,0.2,whole,0.05555555555555558,False,0.1649122807017544,False
dsads,LAC,15,360,0.01,whole,0.0,False,0.0,False
dsads,LAC,15,360,0.05,whole,0.0,False,0.0,False
dsads,LAC,15,360,0.05,even_to_odd,0.0,False,0.0,False
dsads,LAC,15,360,0.1,whole,0.0,False,0.0,False
dsads,LAC,15,360,0.2,whole,0.05555555555555558,False,0.49429824561403507,False
dsads,LAC,16,360,0.01,whole,0.0,False,0.0,False
dsads,LAC,16,360,0.05,whole,0.05555555555555558,False,0.23596491228070177,False
dsads,LAC,16,360,0.05,even_to_odd,0.05555555555555558,False,0.23421052631578948,False
dsads,LAC,16,360,0.1,whole,0.05555555555555558,False,0.22017543859649122,False
dsads,LAC,16,360,0.2,whole,0.05555555555555558,False,0.22017543859649122,False
dsads,LAC,17,360,0.01,whole,0.05555555555555558,False,0.4649122807017544,False
dsads,LAC,17,360,0.05,whole,0.05555555555555558,False,0.23508771929824562,False
dsads,LAC,17,360,0.05,even_to_odd,0.05555555555555558,False,0.22456140350877193,False
dsads,LAC,17,360,0.1,whole,0.05555555555555558,False,0.2026315789473684,False
dsads,LAC,17,360,0.2,whole,0.05555555555555558,False,0.2026315789473684,False
dsads,LAC,18,360,0.01,whole,0.0,False,0.0,False
dsads,LAC,18,360,0.05,whole,0.0,False,0.0,False
dsads,LAC,18,360,0.05,even_to_odd,0.0,False,0.0,False
dsads,LAC,18,360,0.1,whole,0.0,False,0.0,False
dsads,LAC,18,360,0.2,whole,0.0,False,0.0,False
dsads,LAC,19,360,0.01,whole,0.2777777777777778,True,-0.5745614035087719,False
dsads,LAC,19,360,0.05,whole,0.2777777777777778,True,-0.5877192982456141,False
dsads,LAC,19,360,0.05,even_to_odd,0.2777777777777778,True,-0.6035087719298246,False
dsads,LAC,19,360,0.1,whole,0.2777777777777778,True,-0.6,False
dsads,LAC,19,360,0.2,whole,0.7222222222222222,True,-0.737280701754386,False
dsads,LAC,20,360,0.01,whole,0.0,False,0.0,False
dsads,LAC,20,360,0.05,whole,0.05555555555555558,False,0.2995614035087719,False
dsads,LAC,20,360,0.05,even_to_odd,0.0,False,0.0,False
dsads,LAC,20,360,0.1,whole,0.05555555555555558,False,0.1280701754385965,False
dsads,LAC,20,360,0.2,whole,0.05555555555555558,False,0.1280701754385965,False
dsads,LAC,21,360,0.01,whole,0.11111111111111116,False,0.060087719298245613,False
dsads,LAC,21,360,0.05,whole,0.33333333333333337,False,0.005263157894736842,False
dsads,LAC,21,360,0.05,even_to_odd,0.33333333333333337,False,0.0043859649122807015,False
dsads,LAC,21,360,0.1,whole,0.5555555555555556,True,-0.16096491228070176,False
dsads,LAC,21,360,0.2,whole,0.6666666666666667,True,-0.16096491228070176,False
dsads,LAC,22,360,0.01,whole,0.05555555555555558,False,0.17675438596491228,False
dsads,LAC,22,360,0.05,whole,0.11111111111111116,False,0.1513157894736842,False
dsads,LAC,22,360,0.05,even_to_odd,0.11111111111111116,False,0.1412280701754386,False
dsads,LAC,22,360,0.1,whole,0.16666666666666663,False,0.1513157894736842,False
dsads,LAC,22,360,0.2,whole,0.16666666666666663,False,0.07192982456140351,False
dsads,LAC,23,360,0.01,whole,0.0,False,0.0,False
dsads,LAC,23,360,0.05,whole,0.0,False,0.0,False
dsads,LAC,23,360,0.05,even_to_odd,0.0,False,0.0,False
dsads,LAC,23,360,0.1,whole,0.11111111111111116,False,0.1706140350877193,False
dsads,LAC,23,360,0.2,whole,0.33333333333333337,False,0.5942982456140351,True
dsads,LAC,24,360,0.01,whole,0.0,False,0.0,False
dsads,LAC,24,360,0.05,whole,0.0,False,0.0,False
dsads,LAC,24,360,0.05,even_to_odd,0.0,False,0.0,False
dsads,LAC,24,360,0.1,whole,0.0,False,0.0,False
dsads,LAC,24,360,0.2,whole,0.0,False,0.0,False
dsads,LAC,25,360,0.01,whole,0.0,False,0.0,False
dsads,LAC,25,360,0.05,whole,0.0,False,0.0,False
dsads,LAC,25,360,0.05,even_to_odd,0.0,False,0.0,False
dsads,LAC,25,360,0.1,whole,0.0,False,0.0,False
dsads,LAC,25,360,0.2,whole,0.0,False,0.0,False
dsads,LAC,26,360,0.01,whole,0.05555555555555558,False,0.4267543859649123,False
dsads,LAC,26,360,0.05,whole,0.11111111111111116,False,0.4407894736842105,False
dsads,LAC,26,360,0.05,even_to_odd,0.05555555555555558,False,0.3719298245614035,False
dsads,LAC,26,360,0.1,whole,0.11111111111111116,False,0.4267543859649123,False
dsads,LAC,26,360,0.2,whole,0.2222222222222222,False,0.4267543859649123,False
dsads,LAC,27,360,0.01,whole,0.11111111111111116,False,0.36798245614035086,False
dsads,LAC,27,360,0.05,whole,0.16666666666666663,False,0.3412280701754386,False
dsads,LAC,27,360,0.05,even_to_odd,0.16666666666666663,False,0.3307017543859649,False
dsads,LAC,27,360,0.1,whole,0.16666666666666663,False,0.18640350877192982,False
dsads,LAC,27,360,0.2,whole,0.33333333333333337,False,0.18640350877192982,False
dsads,LAC,28,360,0.01,whole,0.0,False,0.0,False
dsads,LAC,28,360,0.05,whole,0.0,False,0.0,False
dsads,LAC,28,360,0.05,even_to_odd,0.0,False,0.0,False
dsads,LAC,28,360,0.1,whole,0.0,False,0.0,False
dsads,LAC,28,360,0.2,whole,0.0,False,0.0,False
dsads,LAC,29,360,0.01,whole,0.05555555555555558,False,0.29605263157894735,False
dsads,LAC,29,360,0.05,whole,0.05555555555555558,False,0.23640350877192984,False
dsads,LAC,29,360,0.05,even_to_odd,0.05555555555555558,False,0.21929824561403508,False
dsads,LAC,29,360,0.1,whole,0.11111111111111116,False,0.29605263157894735,False
dsads,LAC,29,360,0.2,whole,0.16666666666666663,False,0.33245614035087717,False
dsads,LAC,30,360,0.01,whole,0.0,False,0.0,False
dsads,LAC,30,360,0.05,whole,0.0,False,0.0,False
dsads,LAC,30,360,0.05,even_to_odd,0.0,False,0.0,False
dsads,LAC,30,360,0.1,whole,0.0,False,0.0,False
dsads,LAC,30,360,0.2,whole,0.0,False,0.0,False
dsads,LAC,31,360,0.01,whole,0.05555555555555558,False,0.3969298245614035,False
dsads,LAC,31,360,0.05,whole,0.05555555555555558,False,0.3587719298245614,False
dsads,LAC,31,360,0.05,even_to_odd,0.05555555555555558,False,0.37456140350877193,False
dsads,LAC,31,360,0.1,whole,0.05555555555555558,False,0.2771929824561403,False
dsads,LAC,31,360,0.2,whole,0.2222222222222222,False,0.13991228070175438,False
dsads,LAC,32,360,0.01,whole,0.05555555555555558,False,0.2394736842105263,False
dsads,LAC,32,360,0.05,whole,0.11111111111111116,False,0.0837719298245614,False
dsads,LAC,32,360,0.05,even_to_odd,0.11111111111111116,False,0.08859649122807017,False
dsads,LAC,32,360,0.1,whole,0.16666666666666663,False,0.2723684210526316,False
dsads,LAC,32,360,0.2,whole,0.16666666666666663,False,0.0837719298245614,False
dsads,LAC,33,360,0.01,whole,0.05555555555555558,False,0.46842105263157896,False
dsads,LAC,33,360,0.05,whole,0.05555555555555558,False,0.4614035087719298,False
dsads,LAC,33,360,0.05,even_to_odd,0.05555555555555558,False,0.4614035087719298,False
dsads,LAC,33,360,0.1,whole,0.11111111111111116,False,0.25219298245614036,False
dsads,LAC,33,360,0.2,whole,0.16666666666666663,False,0.225,False
dsads,LAC,34,360,0.01,whole,0.0,False,0.0,False
dsads,LAC,34,360,0.05,whole,0.0,False,0.0,False
dsads,LAC,34,360,0.05,even_to_odd,0.0,False,0.0,False
dsads,LAC,34,360,0.1,whole,0.05555555555555558,False,0.29210526315789476,False
dsads,LAC,34,360,0.2,whole,0.11111111111111116,False,0.29210526315789476,False
dsads,LAC,35,360,0.01,whole,0.05555555555555558,False,0.06710526315789474,False
dsads,LAC,35,360,0.05,whole,0.16666666666666663,False,0.06710526315789474,False
dsads,LAC,35,360,0.05,even_to_odd,0.16666666666666663,False,0.05175438596491228,False
dsads,LAC,35,360,0.1,whole,0.2222222222222222,False,0.06710526315789474,False
dsads,LAC,35,360,0.2,whole,0.2777777777777778,False,0.06710526315789474,False
dsads,LAC,36,360,0.01,whole,0.0,False,0.0,False
dsads,LAC,36,360,0.05,whole,0.0,False,0.0,False
dsads,LAC,36,360,0.05,even_to_odd,0.0,False,0.0,False
dsads,LAC,36,360,0.1,whole,0.05555555555555558,False,0.4456140350877193,False
dsads,LAC,36,360,0.2,whole,0.05555555555555558,False,0.4456140350877193,False
dsads,LAC,37,360,0.01,whole,0.0,False,0.0,False
dsads,LAC,37,360,0.05,whole,0.05555555555555558,False,0.20087719298245615,False
dsads,LAC,37,360,0.05,even_to_odd,0.05555555555555558,False,0.20350877192982456,False
dsads,LAC,37,360,0.1,whole,0.05555555555555558,False,0.14692982456140352,False
dsads,LAC,37,360,0.2,whole,0.05555555555555558,False,0.046052631578947366,False
dsads,LAC,38,360,0.01,whole,0.0,False,0.0,False
dsads,LAC,38,360,0.05,whole,0.0,False,0.0,False
dsads,LAC,38,360,0.05,even_to_odd,0.0,False,0.0,False
dsads,LAC,38,360,0.1,whole,0.0,False,0.0,False
dsads,LAC,38,360,0.2,whole,0.0,False,0.0,False
dsads,LAC,39,360,0.01,whole,0.0,False,0.0,False
dsads,LAC,39,360,0.05,whole,0.0,False,0.0,False
dsads,LAC,39,360,0.05,even_to_odd,0.0,False,0.0,False
dsads,LAC,39,360,0.1,whole,0.0,False,0.0,False
dsads,LAC,39,360,0.2,whole,0.0,False,0.0,False
dsads,APS,0,360,0.01,whole,0.11111111111111116,False,0.1850877192982456,False
dsads,APS,0,360,0.05,whole,0.11111111111111116,False,0.14210526315789473,False
dsads,APS,0,360,0.05,even_to_odd,0.11111111111111116,False,0.14385964912280702,False
dsads,APS,0,360,0.1,whole,0.16666666666666663,False,0.14210526315789473,False
dsads,APS,0,360,0.2,whole,0.16666666666666663,False,0.1307017543859649,False
dsads,APS,1,360,0.01,whole,0.05555555555555558,False,0.26228070175438595,False
dsads,APS,1,360,0.05,whole,0.05555555555555558,False,0.19078947368421054,False
dsads,APS,1,360,0.05,even_to_odd,0.05555555555555558,False,0.19473684210526315,False
dsads,APS,1,360,0.1,whole,0.05555555555555558,False,0.17192982456140352,False
dsads,APS,1,360,0.2,whole,0.2777777777777778,False,0.26228070175438595,False
dsads,APS,2,360,0.01,whole,0.0,False,0.0,False
dsads,APS,2,360,0.05,whole,0.0,False,0.0,False
dsads,APS,2,360,0.05,even_to_odd,0.0,False,0.0,False
dsads,APS,2,360,0.1,whole,0.05555555555555558,False,0.2662280701754386,False
dsads,APS,2,360,0.2,whole,0.05555555555555558,False,0.2662280701754386,False
dsads,APS,3,360,0.01,whole,0.0,False,0.0,False
dsads,APS,3,360,0.05,whole,0.0,False,0.0,False
dsads,APS,3,360,0.05,even_to_odd,0.0,False,0.0,False
dsads,APS,3,360,0.1,whole,0.05555555555555558,False,0.4776315789473684,False
dsads,APS,3,360,0.2,whole,0.05555555555555558,False,0.4776315789473684,False
dsads,APS,4,360,0.01,whole,0.05555555555555558,False,0.21710526315789475,False
dsads,APS,4,360,0.05,whole,0.2222222222222222,False,0.005263157894736842,False
dsads,APS,4,360,0.05,even_to_odd,0.2222222222222222,False,0.007017543859649123,False
dsads,APS,4,360,0.1,whole,0.2222222222222222,False,0.005263157894736842,False
dsads,APS,4,360,0.2,whole,0.33333333333333337,False,0.0,False
dsads,APS,5,360,0.01,whole,0.0,False,0.0,False
dsads,APS,5,360,0.05,whole,0.0,False,0.0,False
dsads,APS,5,360,0.05,even_to_odd,0.0,False,0.0,False
dsads,APS,5,360,0.1,whole,0.05555555555555558,False,0.2267543859649123,False
dsads,APS,5,360,0.2,whole,0.05555555555555558,False,0.2267543859649123,False
dsads,APS,6,360,0.01,whole,0.16666666666666663,False,0.33157894736842103,False
dsads,APS,6,360,0.05,whole,0.33333333333333337,False,0.2912280701754386,False
dsads,APS,6,360,0.05,even_to_odd,0.2777777777777778,False,0.2824561403508772,False
dsads,APS,6,360,0.1,whole,0.33333333333333337,False,0.2912280701754386,False
dsads,APS,6,360,0.2,whole,0.38888888888888884,False,0.17412280701754385,False
dsads,APS,7,360,0.01,whole,0.11111111111111116,False,0.15263157894736842,False
dsads,APS,7,360,0.05,whole,0.16666666666666663,False,0.3850877192982456,False
dsads,APS,7,360,0.05,even_to_odd,0.16666666666666663,False,0.3675438596491228,False
dsads,APS,7,360,0.1,whole,0.16666666666666663,False,0.3254385964912281,False
dsads,APS,7,360,0.2,whole,0.33333333333333337,False,0.4881578947368421,False
dsads,APS,8,360,0.01,whole,0.11111111111111116,False,0.3631578947368421,False
dsads,APS,8,360,0.05,whole,0.16666666666666663,False,0.27807017543859647,False
dsads,APS,8,360,0.05,even_to_odd,0.16666666666666663,False,0.29385964912280704,False
dsads,APS,8,360,0.1,whole,0.2777777777777778,False,0.3631578947368421,False
dsads,APS,8,360,0.2,whole,0.33333333333333337,False,0.3631578947368421,False
dsads,APS,9,360,0.01,whole,0.0,False,0.0,False
dsads,APS,9,360,0.05,whole,0.0,False,0.0,False
dsads,APS,9,360,0.05,even_to_odd,0.0,False,0.0,False
dsads,APS,9,360,0.1,whole,0.05555555555555558,False,0.4745614035087719,False
dsads,APS,9,360,0.2,whole,0.05555555555555558,False,0.4745614035087719,False
dsads,APS,10,360,0.01,whole,0.0,False,0.0,False
dsads,APS,10,360,0.05,whole,0.0,False,0.0,False
dsads,APS,10,360,0.05,even_to_odd,0.0,False,0.0,False
dsads,APS,10,360,0.1,whole,0.0,False,0.0,False
dsads,APS,10,360,0.2,whole,0.0,False,0.0,False
dsads,APS,11,360,0.01,whole,0.11111111111111116,False,0.21271929824561403,False
dsads,APS,11,360,0.05,whole,0.16666666666666663,False,0.2307017543859649,False
dsads,APS,11,360,0.05,even_to_odd,0.16666666666666663,False,0.21228070175438596,False
dsads,APS,11,360,0.1,whole,0.16666666666666663,False,0.21271929824561403,False
dsads,APS,11,360,0.2,whole,0.2777777777777778,False,0.2307017543859649,False
dsads,APS,12,360,0.01,whole,0.0,False,0.0,False
dsads,APS,12,360,0.05,whole,0.05555555555555558,False,0.15570175438596492,False
dsads,APS,12,360,0.05,even_to_odd,0.05555555555555558,False,0.15526315789473685,False
dsads,APS,12,360,0.1,whole,0.05555555555555558,False,0.1355263157894737,False
dsads,APS,12,360,0.2,whole,0.05555555555555558,False,0.1355263157894737,False
dsads,APS,13,360,0.01,whole,0.0,False,0.0,False
dsads,APS,13,360,0.05,whole,0.0,False,0.0,False
dsads,APS,13,360,0.05,even_to_odd,0.0,False,0.0,False
dsads,APS,13,360,0.1,whole,0.0,False,0.0,False
dsads,APS,13,360,0.2,whole,0.05555555555555558,False,0.4969298245614035,False
dsads,APS,14,360,0.01,whole,0.0,False,0.0,False
dsads,APS,14,360,0.05,whole,0.05555555555555558,False,0.3206140350877193,False
dsads,APS,14,360,0.05,even_to_odd,0.05555555555555558,False,0.312280701754386,False
dsads,APS,14,360,0.1,whole,0.05555555555555558,False,0.20043859649122808,False
dsads,APS,14,360,0.2,whole,0.05555555555555558,False,0.20043859649122808,False
dsads,APS,15,360,0.01,whole,0.05555555555555558,False,0.32763157894736844,False
dsads,APS,15,360,0.05,whole,0.05555555555555558,False,0.2710526315789474,False
dsads,APS,15,360,0.05,even_to_odd,0.05555555555555558,False,0.27807017543859647,False
dsads,APS,15,360,0.1,whole,0.05555555555555558,False,0.2710526315789474,False
dsads,APS,15,360,0.2,whole,0.05555555555555558,False,0.21666666666666667,False
dsads,APS,16,360,0.01,whole,0.0,False,0.0,False
dsads,APS,16,360,0.05,whole,0.05555555555555558,False,0.3701754385964912,False
dsads,APS,16,360,0.05,even_to_odd,0.05555555555555558,False,0.3798245614035088,False
dsads,APS,16,360,0.1,whole,0.11111111111111116,False,0.4644736842105263,False
dsads,APS,16,360,0.2,whole,0.11111111111111116,False,0.4644736842105263,False
dsads,APS,17,360,0.01,whole,0.0,False,0.0,False
dsads,APS,17,360,0.05,whole,0.05555555555555558,False,0.3118421052631579,False
dsads,APS,17,360,0.05,even_to_odd,0.05555555555555558,False,0.3078947368421053,False
dsads,APS,17,360,0.1,whole,0.05555555555555558,False,0.31008771929824563,False
dsads,APS,17,360,0.2,whole,0.05555555555555558,False,0.31008771929824563,False
dsads,APS,18,360,0.01,whole,0.05555555555555558,False,0.40964912280701754,False
dsads,APS,18,360,0.05,whole,0.11111111111111116,False,0.40964912280701754,False
dsads,APS,18,360,0.05,even_to_odd,0.11111111111111116,False,0.4149122807017544,False
dsads,APS,18,360,0.1,whole,0.11111111111111116,False,0.29780701754385963,False
dsads,APS,18,360,0.2,whole,0.16666666666666663,False,0.29780701754385963,False
dsads,APS,19,360,0.01,whole,0.4444444444444444,True,-0.2412280701754386,False
dsads,APS,19,360,0.05,whole,0.5,True,-0.24473684210526317,False
dsads,APS,19,360,0.05,even_to_odd,0.5,True,-0.22631578947368422,False
dsads,APS,19,360,0.1,whole,0.5,True,-0.29780701754385963,False
dsads,APS,19,360,0.2,whole,0.5,True,-0.3026315789473684,False
dsads,APS,20,360,0.01,whole,0.0,False,0.0,False
dsads,APS,20,360,0.05,whole,0.05555555555555558,False,0.12105263157894737,False
dsads,APS,20,360,0.05,even_to_odd,0.05555555555555558,False,0.11754385964912281,False
dsads,APS,20,360,0.1,whole,0.05555555555555558,False,0.02675438596491228,False
dsads,APS,20,360,0.2,whole,0.05555555555555558,False,0.02675438596491228,False
dsads,APS,21,360,0.01,whole,0.0,False,0.0,False
dsads,APS,21,360,0.05,whole,0.0,False,0.0,False
dsads,APS,21,360,0.05,even_to_odd,0.0,False,0.0,False
dsads,APS,21,360,0.1,whole,0.0,False,0.0,False
dsads,APS,21,360,0.2,whole,0.0,False,0.0,False
dsads,APS,22,360,0.01,whole,0.11111111111111116,False,0.3973684210526316,False
dsads,APS,22,360,0.05,whole,0.11111111111111116,False,0.3925438596491228,False
dsads,APS,22,360,0.05,even_to_odd,0.11111111111111116,False,0.39649122807017545,False
dsads,APS,22,360,0.1,whole,0.11111111111111116,False,0.3894736842105263,False
dsads,APS,22,360,0.2,whole,0.16666666666666663,False,0.37894736842105264,False
dsads,APS,23,360,0.01,whole,0.11111111111111116,False,0.2293859649122807,False
dsads,APS,23,360,0.05,whole,0.16666666666666663,False,0.2741228070175439,False
dsads,APS,23,360,0.05,even_to_odd,0.16666666666666663,False,0.2754385964912281,False
dsads,APS,23,360,0.1,whole,0.16666666666666663,False,0.2293859649122807,False
dsads,APS,23,360,0.2,whole,0.33333333333333337,False,0.30657894736842106,False
dsads,APS,24,360,0.01,whole,0.05555555555555558,False,0.11008771929824561,False
dsads,APS,24,360,0.05,whole,0.05555555555555558,False,0.038157894736842106,False
dsads,APS,24,360,0.05,even_to_odd,0.05555555555555558,False,0.0412280701754386,False
dsads,APS,24,360,0.1,whole,0.05555555555555558,True,-0.09517543859649123,False
dsads,APS,24,360,0.2,whole,0.05555555555555558,True,-0.09517543859649123,False
dsads,APS,25,360,0.01,whole,0.0,False,0.0,False
dsads,APS,25,360,0.05,whole,0.0,False,0.0,False
dsads,APS,25,360,0.05,even_to_odd,0.0,False,0.0,False
dsads,APS,25,360,0.1,whole,0.05555555555555558,False,0.4144736842105263,False
dsads,APS,25,360,0.2,whole,0.2777777777777778,False,0.18289473684210528,False
dsads,APS,26,360,0.01,whole,0.0,False,0.0,False
dsads,APS,26,360,0.05,whole,0.0,False,0.0,False
dsads,APS,26,360,0.05,even_to_odd,0.0,False,0.0,False
dsads,APS,26,360,0.1,whole,0.0,False,0.0,False
dsads,APS,26,360,0.2,whole,0.0,False,0.0,False
dsads,APS,27,360,0.01,whole,0.0,False,0.0,False
dsads,APS,27,360,0.05,whole,0.0,False,0.0,False
dsads,APS,27,360,0.05,even_to_odd,0.0,False,0.0,False
dsads,APS,27,360,0.1,whole,0.0,False,0.0,False
dsads,APS,27,360,0.2,whole,0.0,False,0.0,False
dsads,APS,28,360,0.01,whole,0.0,False,0.0,False
dsads,APS,28,360,0.05,whole,0.0,False,0.0,False
dsads,APS,28,360,0.05,even_to_odd,0.0,False,0.0,False
dsads,APS,28,360,0.1,whole,0.05555555555555558,False,0.005263157894736842,False
dsads,APS,28,360,0.2,whole,0.11111111111111116,False,0.0,False
dsads,APS,29,360,0.01,whole,0.0,False,0.0,False
dsads,APS,29,360,0.05,whole,0.05555555555555558,False,0.17412280701754385,False
dsads,APS,29,360,0.05,even_to_odd,0.05555555555555558,False,0.16666666666666666,False
dsads,APS,29,360,0.1,whole,0.05555555555555558,False,0.11929824561403508,False
dsads,APS,29,360,0.2,whole,0.05555555555555558,False,0.11929824561403508,False
dsads,APS,30,360,0.01,whole,0.0,False,0.0,False
dsads,APS,30,360,0.05,whole,0.05555555555555558,False,0.4969298245614035,False
dsads,APS,30,360,0.05,even_to_odd,0.05555555555555558,False,0.49912280701754386,False
dsads,APS,30,360,0.1,whole,0.05555555555555558,False,0.44473684210526315,False
dsads,APS,30,360,0.2,whole,0.11111111111111116,False,0.44473684210526315,False
dsads,APS,31,360,0.01,whole,0.05555555555555558,False,0.19517543859649122,False
dsads,APS,31,360,0.05,whole,0.11111111111111116,False,0.15657894736842104,False
dsads,APS,31,360,0.05,even_to_odd,0.11111111111111116,False,0.16052631578947368,False
dsads,APS,31,360,0.1,whole,0.11111111111111116,False,0.15,False
dsads,APS,31,360,0.2,whole,0.16666666666666663,False,0.15,False
dsads,APS,32,360,0.01,whole,0.16666666666666663,False,0.2482456140350877,False
dsads,APS,32,360,0.05,whole,0.2222222222222222,False,0.2482456140350877,False
dsads,APS,32,360,0.05,even_to_odd,0.2222222222222222,False,0.25526315789473686,False
dsads,APS,32,360,0.1,whole,0.2222222222222222,False,0.2482456140350877,False
dsads,APS,32,360,0.2,whole,0.2777777777777778,False,0.2482456140350877,False
dsads,APS,33,360,0.01,whole,0.11111111111111116,False,0.35175438596491226,False
dsads,APS,33,360,0.05,whole,0.11111111111111116,False,0.29254385964912283,False
dsads,APS,33,360,0.05,even_to_odd,0.11111111111111116,False,0.31140350877192985,False
dsads,APS,33,360,0.1,whole,0.11111111111111116,False,0.11096491228070175,False
dsads,APS,33,360,0.2,whole,0.16666666666666663,False,0.08114035087719298,False
dsads,APS,34,360,0.01,whole,0.11111111111111116,False,0.28596491228070176,False
dsads,APS,34,360,0.05,whole,0.11111111111111116,False,0.262719298245614,False
dsads,APS,34,360,0.05,even_to_odd,0.11111111111111116,False,0.2631578947368421,False
dsads,APS,34,360,0.1,whole,0.16666666666666663,False,0.28596491228070176,False
dsads,APS,34,360,0.2,whole,0.2222222222222222,False,0.30833333333333335,False
dsads,APS,35,360,0.01,whole,0.11111111111111116,False,0.13903508771929823,False
dsads,APS,35,360,0.05,whole,0.11111111111111116,False,0.12412280701754386,False
dsads,APS,35,360,0.05,even_to_odd,0.11111111111111116,False,0.13421052631578947,False
dsads,APS,35,360,0.1,whole,0.11111111111111116,False,0.07850877192982456,False
dsads,APS,35,360,0.2,whole,0.2222222222222222,False,0.07850877192982456,False
dsads,APS,36,360,0.01,whole,0.0,False,0.0,False
dsads,APS,36,360,0.05,whole,0.0,False,0.0,False
dsads,APS,36,360,0.05,even_to_odd,0.0,False,0.0,False
dsads,APS,36,360,0.1,whole,0.11111111111111116,False,0.2307017543859649,False
dsads,APS,36,360,0.2,whole,0.38888888888888884,False,0.2162280701754386,False
dsads,APS,37,360,0.01,whole,0.05555555555555558,False,0.1412280701754386,False
dsads,APS,37,360,0.05,whole,0.11111111111111116,False,0.20394736842105263,False
dsads,APS,37,360,0.05,even_to_odd,0.11111111111111116,False,0.2131578947368421,False
dsads,APS,37,360,0.1,whole,0.11111111111111116,False,0.09298245614035087,False
dsads,APS,37,360,0.2,whole,0.11111111111111116,False,0.09298245614035087,False
dsads,APS,38,360,0.01,whole,0.05555555555555558,False,0.1425438596491228,False
dsads,APS,38,360,0.05,whole,0.05555555555555558,False,0.1324561403508772,False
dsads,APS,38,360,0.05,even_to_odd,0.05555555555555558,False,0.12982456140350876,False
dsads,APS,38,360,0.1,whole,0.05555555555555558,False,0.10438596491228071,False
dsads,APS,38,360,0.2,whole,0.2222222222222222,False,0.29912280701754385,False
dsads,APS,39,360,0.01,whole,0.05555555555555558,False,0.33421052631578946,False
dsads,APS,39,360,0.05,whole,0.05555555555555558,False,0.3043859649122807,False
dsads,APS,39,360,0.05,even_to_odd,0.05555555555555558,False,0.2771929824561403,False
dsads,APS,39,360,0.1,whole,0.11111111111111116,False,0.33421052631578946,False
dsads,APS,39,360,0.2,whole,0.2777777777777778,False,0.33421052631578946,False
mhealth,LAC,0,480,0.01,whole,0.7916666666666666,False,0.2581818181818182,False
mhealth,LAC,0,480,0.05,whole,0.8333333333333334,False,0.2581818181818182,False
mhealth,LAC,0,480,0.05,even_to_odd,0.875,False,0.35766423357664234,False
mhealth,LAC,0,480,0.1,whole,0.875,False,0.3527272727272727,False
mhealth,LAC,0,480,0.2,whole,0.9166666666666666,False,0.3527272727272727,False
mhealth,LAC,1,480,0.01,whole,0.75,False,0.3236363636363636,False
mhealth,LAC,1,480,0.05,whole,0.7916666666666666,False,0.22545454545454546,False
mhealth,LAC,1,480,0.05,even_to_odd,0.7916666666666666,False,0.24087591240875914,False
mhealth,LAC,1,480,0.1,whole,0.8333333333333334,False,0.22545454545454546,False
mhealth,LAC,1,480,0.2,whole,0.8333333333333334,False,0.22545454545454546,False
mhealth,LAC,2,480,0.01,whole,0.7916666666666666,False,0.10909090909090909,False
mhealth,LAC,2,480,0.05,whole,0.875,False,0.04363636363636364,False
mhealth,LAC,2,480,0.05,even_to_odd,0.875,False,0.058394160583941604,False
mhealth,LAC,2,480,0.1,whole,0.875,False,0.04363636363636364,False
mhealth,LAC,2,480,0.2,whole,0.9166666666666666,True,-0.04363636363636364,False
mhealth,LAC,3,480,0.01,whole,0.75,False,0.2509090909090909,False
mhealth,LAC,3,480,0.05,whole,0.7916666666666666,False,0.2509090909090909,False
mhealth,LAC,3,480,0.05,even_to_odd,0.7916666666666666,False,0.27007299270072993,False
mhealth,LAC,3,480,0.1,whole,0.7916666666666666,False,0.2509090909090909,False
mhealth,LAC,3,480,0.2,whole,0.7916666666666666,False,0.15636363636363637,False
mhealth,LAC,4,480,0.01,whole,0.7083333333333333,False,0.38545454545454544,False
mhealth,LAC,4,480,0.05,whole,0.7916666666666666,False,0.38545454545454544,False
mhealth,LAC,4,480,0.05,even_to_odd,0.7916666666666666,False,0.39416058394160586,False
mhealth,LAC,4,480,0.1,whole,0.8333333333333334,False,0.38545454545454544,False
mhealth,LAC,4,480,0.2,whole,0.8333333333333334,False,0.38545454545454544,False
mhealth,LAC,5,480,0.01,whole,0.6666666666666667,False,0.2581818181818182,False
mhealth,LAC,5,480,0.05,whole,0.7916666666666666,False,0.38181818181818183,False
mhealth,LAC,5,480,0.05,even_to_odd,0.7916666666666666,False,0.39416058394160586,False
mhealth,LAC,5,480,0.1,whole,0.7916666666666666,False,0.38181818181818183,False
mhealth,LAC,5,480,0.2,whole,0.7916666666666666,False,0.21818181818181817,False
mhealth,LAC,6,480,0.01,whole,0.7916666666666666,False,0.26181818181818184,False
mhealth,LAC,6,480,0.05,whole,0.8333333333333334,False,0.32727272727272727,False
mhealth,LAC,6,480,0.05,even_to_odd,0.8333333333333334,False,0.3284671532846715,False
mhealth,LAC,6,480,0.1,whole,0.8333333333333334,False,0.26181818181818184,False
mhealth,LAC,6,480,0.2,whole,0.9166666666666666,False,0.17454545454545456,False
mhealth,LAC,7,480,0.01,whole,0.6666666666666667,False,0.31636363636363635,False
mhealth,LAC,7,480,0.05,whole,0.875,False,0.34545454545454546,False
mhealth,LAC,7,480,0.05,even_to_odd,0.875,False,0.34306569343065696,False
mhealth,LAC,7,480,0.1,whole,0.875,False,0.34545454545454546,False
mhealth,LAC,7,480,0.2,whole,0.9166666666666666,False,0.34545454545454546,False
mhealth,LAC,8,480,0.01,whole,0.7916666666666666,False,0.32,False
mhealth,LAC,8,480,0.05,whole,0.875,False,0.32727272727272727,False
mhealth,LAC,8,480,0.05,even_to_odd,0.875,False,0.3284671532846715,False
mhealth,LAC,8,480,0.1,whole,0.875,False,0.32727272727272727,False
mhealth,LAC,8,480,0.2,whole,0.9166666666666666,False,0.32,False
mhealth,LAC,9,480,0.01,whole,0.7916666666666666,False,0.38545454545454544,False
mhealth,LAC,9,480,0.05,whole,0.8333333333333334,False,0.38545454545454544,False
mhealth,LAC,9,480,0.05,even_to_odd,0.8333333333333334,False,0.40145985401459855,False
mhealth,LAC,9,480,0.1,whole,0.8333333333333334,False,0.32727272727272727,False
mhealth,LAC,9,480,0.2,whole,0.875,False,0.38545454545454544,False
mhealth,LAC,10,480,0.01,whole,0.6666666666666667,False,0.3563636363636364,False
mhealth,LAC,10,480,0.05,whole,0.7083333333333333,False,0.3563636363636364,False
mhealth,LAC,10,480,0.05,even_to_odd,0.7083333333333333,False,0.36496350364963503,False
mhealth,LAC,10,480,0.1,whole,0.75,False,0.38545454545454544,False
mhealth,LAC,10,480,0.2,whole,0.7916666666666666,False,0.38545454545454544,False
mhealth,LAC,11,480,0.01,whole,0.7916666666666666,False,0.14545454545454545,False
mhealth,LAC,11,480,0.05,whole,0.8333333333333334,False,0.22545454545454546,False
mhealth,LAC,11,480,0.05,even_to_odd,0.8333333333333334,False,0.24087591240875914,False
mhealth,LAC,11,480,0.1,whole,0.8333333333333334,False,0.12363636363636364,False
mhealth,LAC,11,480,0.2,whole,0.9166666666666666,False,0.12363636363636364,False
mhealth,LAC,12,480,0.01,whole,0.7916666666666666,False,0.3781818181818182,False
mhealth,LAC,12,480,0.05,whole,0.875,False,0.3781818181818182,False
mhealth,LAC,12,480,0.05,even_to_odd,0.875,False,0.38686131386861317,False
mhealth,LAC,12,480,0.1,whole,0.875,False,0.3781818181818182,False
mhealth,LAC,12,480,0.2,whole,0.9166666666666666,False,0.3781818181818182,False
mhealth,LAC,13,480,0.01,whole,0.8333333333333334,False,0.3890909090909091,False
mhealth,LAC,13,480,0.05,whole,0.875,False,0.3890909090909091,False
mhealth,LAC,13,480,0.05,even_to_odd,0.875,False,0.40145985401459855,False
mhealth,LAC,13,480,0.1,whole,0.875,False,0.3890909090909091,False
mhealth,LAC,13,480,0.2,whole,0.9166666666666666,False,0.22181818181818183,False
mhealth,LAC,14,480,0.01,whole,0.7083333333333333,False,0.3890909090909091,False
mhealth,LAC,14,480,0.05,whole,0.7916666666666666,False,0.3890909090909091,False
mhealth,LAC,14,480,0.05,even_to_odd,0.7916666666666666,False,0.40145985401459855,False
mhealth,LAC,14,480,0.1,whole,0.7916666666666666,False,0.3890909090909091,False
mhealth,LAC,14,480,0.2,whole,0.7916666666666666,False,0.2290909090909091,False
mhealth,LAC,15,480,0.01,whole,0.7916666666666666,False,0.32,False
mhealth,LAC,15,480,0.05,whole,0.875,False,0.14909090909090908,False
mhealth,LAC,15,480,0.05,even_to_odd,0.875,False,0.17518248175182483,False
mhealth,LAC,15,480,0.1,whole,0.875,False,0.14909090909090908,False
mhealth,LAC,15,480,0.2,whole,0.9166666666666666,False,0.14909090909090908,False
mhealth,LAC,16,480,0.01,whole,0.8333333333333334,False,0.31636363636363635,False
mhealth,LAC,16,480,0.05,whole,0.875,False,0.2690909090909091,False
mhealth,LAC,16,480,0.05,even_to_odd,0.875,False,0.291970802919708,False
mhealth,LAC,16,480,0.1,whole,0.875,False,0.2690909090909091,False
mhealth,LAC,16,480,0.2,whole,0.9166666666666666,False,0.2690909090909091,False
mhealth,LAC,17,480,0.01,whole,0.7916666666666666,False,0.31272727272727274,False
mhealth,LAC,17,480,0.05,whole,0.8333333333333334,False,0.31272727272727274,False
mhealth,LAC,17,480,0.05,even_to_odd,0.8333333333333334,False,0.29927007299270075,False
mhealth,LAC,17,480,0.1,whole,0.8333333333333334,False,0.14181818181818182,False
mhealth,LAC,17,480,0.2,whole,0.875,False,0.31272727272727274,False
mhealth,LAC,18,480,0.01,whole,0.6666666666666667,False,0.31636363636363635,False
mhealth,LAC,18,480,0.05,whole,0.7083333333333333,False,0.31636363636363635,False
mhealth,LAC,18,480,0.05,even_to_odd,0.7083333333333333,False,0.30656934306569344,False
mhealth,LAC,18,480,0.1,whole,0.7083333333333333,False,0.31636363636363635,False
mhealth,LAC,18,480,0.2,whole,0.7083333333333333,False,0.2509090909090909,False
mhealth,LAC,19,480,0.01,whole,0.7916666666666666,False,0.32,False
mhealth,LAC,19,480,0.05,whole,0.7916666666666666,False,0.2727272727272727,False
mhealth,LAC,19,480,0.05,even_to_odd,0.7916666666666666,False,0.29927007299270075,False
mhealth,LAC,19,480,0.1,whole,0.8333333333333334,False,0.32,False
mhealth,LAC,19,480,0.2,whole,0.8333333333333334,False,0.32,False
mhealth,LAC,20,480,0.01,whole,0.6666666666666667,False,0.38181818181818183,False
mhealth,LAC,20,480,0.05,whole,0.7083333333333333,False,0.38181818181818183,False
mhealth,LAC,20,480,0.05,even_to_odd,0.7083333333333333,False,0.39416058394160586,False
mhealth,LAC,20,480,0.1,whole,0.75,False,0.38181818181818183,False
mhealth,LAC,20,480,0.2,whole,0.7916666666666666,False,0.38181818181818183,False
mhealth,LAC,21,480,0.01,whole,0.7916666666666666,False,0.3490909090909091,False
mhealth,LAC,21,480,0.05,whole,0.8333333333333334,False,0.3490909090909091,False
mhealth,LAC,21,480,0.05,even_to_odd,0.8333333333333334,False,0.35036496350364965,False
mhealth,LAC,21,480,0.1,whole,0.8333333333333334,False,0.2545454545454545,False
mhealth,LAC,21,480,0.2,whole,0.875,False,0.3490909090909091,False
mhealth,LAC,22,480,0.01,whole,0.7916666666666666,False,0.16727272727272727,False
mhealth,LAC,22,480,0.05,whole,0.7916666666666666,False,0.14181818181818182,False
mhealth,LAC,22,480,0.05,even_to_odd,0.7916666666666666,False,0.16058394160583941,False
mhealth,LAC,22,480,0.1,whole,0.8333333333333334,False,0.16727272727272727,False
mhealth,LAC,22,480,0.2,whole,0.875,False,0.16727272727272727,False
mhealth,LAC,23,480,0.01,whole,0.7916666666666666,False,0.38545454545454544,False
mhealth,LAC,23,480,0.05,whole,0.7916666666666666,False,0.38181818181818183,False
mhealth,LAC,23,480,0.05,even_to_odd,0.7916666666666666,False,0.39416058394160586,False
mhealth,LAC,23,480,0.1,whole,0.8333333333333334,False,0.38545454545454544,False
mhealth,LAC,23,480,0.2,whole,0.8333333333333334,False,0.38545454545454544,False
mhealth,LAC,24,480,0.01,whole,0.7916666666666666,False,0.38545454545454544,False
mhealth,LAC,24,480,0.05,whole,0.8333333333333334,False,0.38545454545454544,False
mhealth,LAC,24,480,0.05,even_to_odd,0.8333333333333334,False,0.39416058394160586,False
mhealth,LAC,24,480,0.1,whole,0.8333333333333334,False,0.1709090909090909,False
mhealth,LAC,24,480,0.2,whole,0.875,False,0.1709090909090909,False
mhealth,LAC,25,480,0.01,whole,0.7916666666666666,False,0.26545454545454544,False
mhealth,LAC,25,480,0.05,whole,0.8333333333333334,False,0.26545454545454544,False
mhealth,LAC,25,480,0.05,even_to_odd,0.8333333333333334,False,0.2846715328467153,False
mhealth,LAC,25,480,0.1,whole,0.8333333333333334,False,0.26545454545454544,False
mhealth,LAC,25,480,0.2,whole,0.875,False,0.26545454545454544,False
mhealth,LAC,26,480,0.01,whole,0.75,False,0.3527272727272727,False
mhealth,LAC,26,480,0.05,whole,0.875,False,0.14545454545454545,False
mhealth,LAC,26,480,0.05,even_to_odd,0.875,False,0.1678832116788321,False
mhealth,LAC,26,480,0.1,whole,0.875,False,0.14545454545454545,False
mhealth,LAC,26,480,0.2,whole,0.9166666666666666,False,0.14545454545454545,False
mhealth,LAC,27,480,0.01,whole,0.7916666666666666,False,0.21454545454545454,False
mhealth,LAC,27,480,0.05,whole,0.7916666666666666,False,0.1709090909090909,False
mhealth,LAC,27,480,0.05,even_to_odd,0.7916666666666666,False,0.19708029197080293,False
mhealth,LAC,27,480,0.1,whole,0.8333333333333334,False,0.21454545454545454,False
mhealth,LAC,27,480,0.2,whole,0.9166666666666666,False,0.21454545454545454,False
mhealth,LAC,28,480,0.01,whole,0.7083333333333333,False,0.3527272727272727,False
mhealth,LAC,28,480,0.05,whole,0.7916666666666666,False,0.3527272727272727,False
mhealth,LAC,28,480,0.05,even_to_odd,0.7916666666666666,False,0.35766423357664234,False
mhealth,LAC,28,480,0.1,whole,0.7916666666666666,False,0.3527272727272727,False
mhealth,LAC,28,480,0.2,whole,0.7916666666666666,False,0.3236363636363636,False
mhealth,LAC,29,480,0.01,whole,0.7916666666666666,False,0.32,False
mhealth,LAC,29,480,0.05,whole,0.8333333333333334,False,0.31272727272727274,False
mhealth,LAC,29,480,0.05,even_to_odd,0.8333333333333334,False,0.29927007299270075,False
mhealth,LAC,29,480,0.1,whole,0.8333333333333334,False,0.26545454545454544,False
mhealth,LAC,29,480,0.2,whole,0.9166666666666666,False,0.31272727272727274,False
mhealth,LAC,30,480,0.01,whole,0.8333333333333334,False,0.2727272727272727,False
mhealth,LAC,30,480,0.05,whole,0.875,False,0.2727272727272727,False
mhealth,LAC,30,480,0.05,even_to_odd,0.875,False,0.29927007299270075,False
mhealth,LAC,30,480,0.1,whole,0.875,False,0.2727272727272727,False
mhealth,LAC,30,480,0.2,whole,0.9166666666666666,False,0.2727272727272727,False
mhealth,LAC,31,480,0.01,whole,0.75,False,0.38545454545454544,False
mhealth,LAC,31,480,0.05,whole,0.7916666666666666,False,0.38545454545454544,False
mhealth,LAC,31,480,0.05,even_to_odd,0.7916666666666666,False,0.39416058394160586,False
mhealth,LAC,31,480,0.1,whole,0.8333333333333334,False,0.38545454545454544,False
mhealth,LAC,31,480,0.2,whole,0.8333333333333334,False,0.38545454545454544,False
mhealth,LAC,32,480,0.01,whole,0.7916666666666666,False,0.19272727272727272,False
mhealth,LAC,32,480,0.05,whole,0.875,False,0.26545454545454544,False
mhealth,LAC,32,480,0.05,even_to_odd,0.875,False,0.2846715328467153,False
mhealth,LAC,32,480,0.1,whole,0.875,False,0.26545454545454544,False
mhealth,LAC,32,480,0.2,whole,0.875,False,0.19272727272727272,False
mhealth,LAC,33,480,0.01,whole,0.7916666666666666,False,0.16363636363636364,False
mhealth,LAC,33,480,0.05,whole,0.8333333333333334,False,0.31636363636363635,False
mhealth,LAC,33,480,0.05,even_to_odd,0.8333333333333334,False,0.30656934306569344,False
mhealth,LAC,33,480,0.1,whole,0.8333333333333334,False,0.16363636363636364,False
mhealth,LAC,33,480,0.2,whole,0.875,False,0.31636363636363635,False
mhealth,LAC,34,480,0.01,whole,0.6666666666666667,False,0.37454545454545457,False
mhealth,LAC,34,480,0.05,whole,0.7083333333333333,False,0.37454545454545457,False
mhealth,LAC,34,480,0.05,even_to_odd,0.7083333333333333,False,0.3795620437956204,False
mhealth,LAC,34,480,0.1,whole,0.7083333333333333,False,0.37454545454545457,False
mhealth,LAC,34,480,0.2,whole,0.7083333333333333,False,0.3090909090909091,False
mhealth,LAC,35,480,0.01,whole,0.6666666666666667,False,0.3527272727272727,False
mhealth,LAC,35,480,0.05,whole,0.7916666666666666,False,0.3527272727272727,False
mhealth,LAC,35,480,0.05,even_to_odd,0.7916666666666666,False,0.35766423357664234,False
mhealth,LAC,35,480,0.1,whole,0.7916666666666666,False,0.3527272727272727,False
mhealth,LAC,35,480,0.2,whole,0.7916666666666666,False,0.2581818181818182,False
mhealth,LAC,36,480,0.01,whole,0.7916666666666666,False,0.32,False
mhealth,LAC,36,480,0.05,whole,0.8333333333333334,False,0.32,False
mhealth,LAC,36,480,0.05,even_to_odd,0.8333333333333334,False,0.31386861313868614,False
mhealth,LAC,36,480,0.1,whole,0.8333333333333334,False,0.24727272727272728,False
mhealth,LAC,36,480,0.2,whole,0.875,False,0.32,False
mhealth,LAC,37,480,0.01,whole,0.8333333333333334,False,0.26181818181818184,False
mhealth,LAC,37,480,0.05,whole,0.875,False,0.26181818181818184,False
mhealth,LAC,37,480,0.05,even_to_odd,0.875,False,0.2846715328467153,False
mhealth,LAC,37,480,0.1,whole,0.875,False,0.26181818181818184,False
mhealth,LAC,37,480,0.2,whole,0.9166666666666666,False,0.22181818181818183,False
mhealth,LAC,38,480,0.01,whole,0.7916666666666666,False,0.2690909090909091,False
mhealth,LAC,38,480,0.05,whole,0.8333333333333334,False,0.3236363636363636,False
mhealth,LAC,38,480,0.05,even_to_odd,0.8333333333333334,False,0.32116788321167883,False
mhealth,LAC,38,480,0.1,whole,0.8333333333333334,False,0.2690909090909091,False
mhealth,LAC,38,480,0.2,whole,0.9166666666666666,False,0.2690909090909091,False
mhealth,LAC,39,480,0.01,whole,0.7916666666666666,False,0.14545454545454545,False
mhealth,LAC,39,480,0.05,whole,0.8333333333333334,False,0.19636363636363635,False
mhealth,LAC,39,480,0.05,even_to_odd,0.8333333333333334,False,0.21897810218978103,False
mhealth,LAC,39,480,0.1,whole,0.8333333333333334,False,0.14181818181818182,False
mhealth,LAC,39,480,0.2,whole,0.875,False,0.19636363636363635,False
mhealth,APS,0,480,0.01,whole,0.33333333333333337,False,0.3381818181818182,False
mhealth,APS,0,480,0.05,whole,0.375,False,0.3236363636363636,False
mhealth,APS,0,480,0.05,even_to_odd,0.41666666666666663,False,0.3284671532846715,False
mhealth,APS,0,480,0.1,whole,0.375,False,0.3236363636363636,False
mhealth,APS,0,480,0.2,whole,0.5,False,0.2727272727272727,False
mhealth,APS,1,480,0.01,whole,0.375,False,0.2690909090909091,False
mhealth,APS,1,480,0.05,whole,0.45833333333333337,False,0.14545454545454545,False
mhealth,APS,1,480,0.05,even_to_odd,0.45833333333333337,False,0.1386861313868613,False
mhealth,APS,1,480,0.1,whole,0.5416666666666667,False,0.12727272727272726,False
mhealth,APS,1,480,0.2,whole,0.5416666666666667,False,0.12727272727272726,False
mhealth,APS,2,480,0.01,whole,0.33333333333333337,False,0.3381818181818182,False
mhealth,APS,2,480,0.05,whole,0.375,False,0.3381818181818182,False
mhealth,APS,2,480,0.05,even_to_odd,0.41666666666666663,False,0.35036496350364965,False
mhealth,APS,2,480,0.1,whole,0.41666666666666663,False,0.3381818181818182,False
mhealth,APS,2,480,0.2,whole,0.7083333333333333,False,0.3381818181818182,False
mhealth,APS,3,480,0.01,whole,0.25,False,0.39636363636363636,False
mhealth,APS,3,480,0.05,whole,0.5833333333333333,False,0.5381818181818182,True
mhealth,APS,3,480,0.05,even_to_odd,0.5833333333333333,False,0.5328467153284672,True
mhealth,APS,3,480,0.1,whole,0.75,False,0.7854545454545454,True
mhealth,APS,3,480,0.2,whole,0.7916666666666666,False,0.7854545454545454,True
mhealth,APS,4,480,0.01,whole,0.25,False,0.3563636363636364,False
mhealth,APS,4,480,0.05,whole,0.375,False,0.4727272727272727,False
mhealth,APS,4,480,0.05,even_to_odd,0.375,False,0.49635036496350365,False
mhealth,APS,4,480,0.1,whole,0.375,False,0.4727272727272727,False
mhealth,APS,4,480,0.2,whole,0.41666666666666663,False,0.4218181818181818,False
mhealth,APS,5,480,0.01,whole,0.25,False,0.31636363636363635,False
mhealth,APS,5,480,0.05,whole,0.375,False,0.3563636363636364,False
mhealth,APS,5,480,0.05,even_to_odd,0.375,False,0.36496350364963503,False
mhealth,APS,5,480,0.1,whole,0.41666666666666663,False,0.3563636363636364,False
mhealth,APS,5,480,0.2,whole,0.45833333333333337,False,0.3563636363636364,False
mhealth,APS,6,480,0.01,whole,0.5,True,-0.08,False
mhealth,APS,6,480,0.05,whole,0.6666666666666667,True,-0.11272727272727273,False
mhealth,APS,6,480,0.05,even_to_odd,0.5833333333333333,True,-0.10218978102189781,False
mhealth,APS,6,480,0.1,whole,0.7083333333333333,True,-0.11272727272727273,False
mhealth,APS,6,480,0.2,whole,0.7083333333333333,True,-0.13090909090909092,False
mhealth,APS,7,480,0.01,whole,0.20833333333333337,False,0.10181818181818182,False
mhealth,APS,7,480,0.05,whole,0.25,False,0.2509090909090909,False
mhealth,APS,7,480,0.05,even_to_odd,0.33333333333333337,False,0.27007299270072993,False
mhealth,APS,7,480,0.1,whole,0.33333333333333337,False,0.2509090909090909,False
mhealth,APS,7,480,0.2,whole,0.33333333333333337,False,0.2509090909090909,False
mhealth,APS,8,480,0.01,whole,0.25,False,0.2909090909090909,False
mhealth,APS,8,480,0.05,whole,0.29166666666666663,False,0.2909090909090909,False
mhealth,APS,8,480,0.05,even_to_odd,0.29166666666666663,False,0.30656934306569344,False
mhealth,APS,8,480,0.1,whole,0.33333333333333337,False,0.3490909090909091,False
mhealth,APS,8,480,0.2,whole,0.33333333333333337,False,0.3490909090909091,False
mhealth,APS,9,480,0.01,whole,0.41666666666666663,False,0.28,False
mhealth,APS,9,480,0.05,whole,0.5416666666666667,False,0.28,False
mhealth,APS,9,480,0.05,even_to_odd,0.5833333333333333,False,0.29927007299270075,False
mhealth,APS,9,480,0.1,whole,0.75,False,0.2545454545454545,False
mhealth,APS,9,480,0.2,whole,0.7916666666666666,False,0.2545454545454545,False
mhealth,APS,10,480,0.01,whole,0.16666666666666663,False,0.3236363636363636,False
mhealth,APS,10,480,0.05,whole,0.33333333333333337,False,0.3563636363636364,False
mhealth,APS,10,480,0.05,even_to_odd,0.33333333333333337,False,0.34306569343065696,False
mhealth,APS,10,480,0.1,whole,0.375,False,0.39636363636363636,False
mhealth,APS,10,480,0.2,whole,0.625,False,0.39636363636363636,False
mhealth,APS,11,480,0.01,whole,0.25,False,0.3381818181818182,False
mhealth,APS,11,480,0.05,whole,0.25,False,0.3054545454545455,False
mhealth,APS,11,480,0.05,even_to_odd,0.25,False,0.32116788321167883,False
mhealth,APS,11,480,0.1,whole,0.33333333333333337,False,0.3381818181818182,False
mhealth,APS,11,480,0.2,whole,0.33333333333333337,False,0.3381818181818182,False
mhealth,APS,12,480,0.01,whole,0.16666666666666663,False,0.26181818181818184,False
mhealth,APS,12,480,0.05,whole,0.25,False,0.33454545454545453,False
mhealth,APS,12,480,0.05,even_to_odd,0.25,False,0.34306569343065696,False
mhealth,APS,12,480,0.1,whole,0.25,False,0.33454545454545453,False
mhealth,APS,12,480,0.2,whole,0.375,False,0.26181818181818184,False
mhealth,APS,13,480,0.01,whole,0.25,False,0.3054545454545455,False
mhealth,APS,13,480,0.05,whole,0.33333333333333337,False,0.3054545454545455,False
mhealth,APS,13,480,0.05,even_to_odd,0.5416666666666667,False,0.32116788321167883,False
mhealth,APS,13,480,0.1,whole,0.5416666666666667,False,0.3054545454545455,False
mhealth,APS,13,480,0.2,whole,0.5833333333333333,False,0.28,False
mhealth,APS,14,480,0.01,whole,0.25,False,0.36,False
mhealth,APS,14,480,0.05,whole,0.375,False,0.4509090909090909,False
mhealth,APS,14,480,0.05,even_to_odd,0.375,False,0.48175182481751827,False
mhealth,APS,14,480,0.1,whole,0.375,False,0.4509090909090909,False
mhealth,APS,14,480,0.2,whole,0.5,False,0.56,True
mhealth,APS,15,480,0.01,whole,0.25,False,0.31636363636363635,False
mhealth,APS,15,480,0.05,whole,0.41666666666666663,False,0.2909090909090909,False
mhealth,APS,15,480,0.05,even_to_odd,0.41666666666666663,False,0.30656934306569344,False
mhealth,APS,15,480,0.1,whole,0.41666666666666663,False,0.2909090909090909,False
mhealth,APS,15,480,0.2,whole,0.5833333333333333,False,0.1781818181818182,False
mhealth,APS,16,480,0.01,whole,0.16666666666666663,False,0.2581818181818182,False
mhealth,APS,16,480,0.05,whole,0.20833333333333337,False,0.2290909090909091,False
mhealth,APS,16,480,0.05,even_to_odd,0.25,False,0.24817518248175183,False
mhealth,APS,16,480,0.1,whole,0.29166666666666663,False,0.07272727272727272,False
mhealth,APS,16,480,0.2,whole,0.375,False,0.0,False
mhealth,APS,17,480,0.01,whole,0.20833333333333337,False,0.3890909090909091,False
mhealth,APS,17,480,0.05,whole,0.25,False,0.3890909090909091,False
mhealth,APS,17,480,0.05,even_to_odd,0.29166666666666663,False,0.38686131386861317,False
mhealth,APS,17,480,0.1,whole,0.33333333333333337,False,0.33090909090909093,False
mhealth,APS,17,480,0.2,whole,0.41666666666666663,False,0.31636363636363635,False
mhealth,APS,18,480,0.01,whole,0.20833333333333337,False,0.29454545454545455,False
mhealth,APS,18,480,0.05,whole,0.29166666666666663,False,0.29454545454545455,False
mhealth,APS,18,480,0.05,even_to_odd,0.29166666666666663,False,0.31386861313868614,False
mhealth,APS,18,480,0.1,whole,0.29166666666666663,False,0.2872727272727273,False
mhealth,APS,18,480,0.2,whole,0.41666666666666663,False,0.31272727272727274,False
mhealth,APS,19,480,0.01,whole,0.25,False,0.28363636363636363,False
mhealth,APS,19,480,0.05,whole,0.5416666666666667,False,0.29818181818181816,False
mhealth,APS,19,480,0.05,even_to_odd,0.5416666666666667,False,0.32116788321167883,False
mhealth,APS,19,480,0.1,whole,0.5416666666666667,False,0.2909090909090909,False
mhealth,APS,19,480,0.2,whole,0.5833333333333333,False,0.2909090909090909,False
mhealth,APS,20,480,0.01,whole,0.25,False,0.23272727272727273,False
mhealth,APS,20,480,0.05,whole,0.33333333333333337,False,0.08363636363636363,False
mhealth,APS,20,480,0.05,even_to_odd,0.33333333333333337,False,0.10218978102189781,False
mhealth,APS,20,480,0.1,whole,0.33333333333333337,False,0.07636363636363637,False
mhealth,APS,20,480,0.2,whole,0.375,False,0.23272727272727273,False
mhealth,APS,21,480,0.01,whole,0.45833333333333337,False,0.10545454545454545,False
mhealth,APS,21,480,0.05,whole,0.5,False,0.01090909090909091,False
mhealth,APS,21,480,0.05,even_to_odd,0.5,False,0.0072992700729927005,False
mhealth,APS,21,480,0.1,whole,0.5,False,0.01090909090909091,False
mhealth,APS,21,480,0.2,whole,0.625,True,-0.08,False
mhealth,APS,22,480,0.01,whole,0.375,False,0.31636363636363635,False
mhealth,APS,22,480,0.05,whole,0.5416666666666667,False,0.31636363636363635,False
mhealth,APS,22,480,0.05,even_to_odd,0.5416666666666667,False,0.3284671532846715,False
mhealth,APS,22,480,0.1,whole,0.5416666666666667,False,0.31636363636363635,False
mhealth,APS,22,480,0.2,whole,0.7083333333333333,False,0.14181818181818182,False
mhealth,APS,23,480,0.01,whole,0.25,False,0.44,False
mhealth,APS,23,480,0.05,whole,0.375,False,0.4909090909090909,False
mhealth,APS,23,480,0.05,even_to_odd,0.375,False,0.49635036496350365,False
mhealth,APS,23,480,0.1,whole,0.41666666666666663,False,0.44,False
mhealth,APS,23,480,0.2,whole,0.5,False,0.5054545454545455,True
mhealth,APS,24,480,0.01,whole,0.25,True,-0.08363636363636363,False
mhealth,APS,24,480,0.05,whole,0.5,True,-0.08363636363636363,False
mhealth,APS,24,480,0.05,even_to_odd,0.45833333333333337,True,-0.08029197080291971,False
mhealth,APS,24,480,0.1,whole,0.5833333333333333,True,-0.08363636363636363,False
mhealth,APS,24,480,0.2,whole,0.7916666666666666,True,-0.12727272727272726,False
mhealth,APS,25,480,0.01,whole,0.25,False,0.10545454545454545,False
mhealth,APS,25,480,0.05,whole,0.5,False,0.31272727272727274,False
mhealth,APS,25,480,0.05,even_to_odd,0.5416666666666667,False,0.3795620437956204,False
mhealth,APS,25,480,0.1,whole,0.5416666666666667,False,0.36727272727272725,False
mhealth,APS,25,480,0.2,whole,0.5416666666666667,False,0.31636363636363635,False
mhealth,APS,26,480,0.01,whole,0.29166666666666663,False,0.3054545454545455,False
mhealth,APS,26,480,0.05,whole,0.375,False,0.28,False
mhealth,APS,26,480,0.05,even_to_odd,0.5,False,0.32116788321167883,False
mhealth,APS,26,480,0.1,whole,0.45833333333333337,False,0.3054545454545455,False
mhealth,APS,26,480,0.2,whole,0.7916666666666666,False,0.10181818181818182,False
mhealth,APS,27,480,0.01,whole,0.25,False,0.3018181818181818,False
mhealth,APS,27,480,0.05,whole,0.375,False,0.3018181818181818,False
mhealth,APS,27,480,0.05,even_to_odd,0.625,False,0.32116788321167883,False
mhealth,APS,27,480,0.1,whole,0.625,False,0.3018181818181818,False
mhealth,APS,27,480,0.2,whole,0.625,False,0.29454545454545455,False
mhealth,APS,28,480,0.01,whole,0.16666666666666663,False,0.2545454545454545,False
mhealth,APS,28,480,0.05,whole,0.20833333333333337,False,0.28,False
mhealth,APS,28,480,0.05,even_to_odd,0.33333333333333337,False,0.31386861313868614,False
mhealth,APS,28,480,0.1,whole,0.20833333333333337,False,0.28,False
mhealth,APS,28,480,0.2,whole,0.29166666666666663,False,0.28,False
mhealth,APS,29,480,0.01,whole,0.16666666666666663,False,0.36727272727272725,False
mhealth,APS,29,480,0.05,whole,0.33333333333333337,False,0.3418181818181818,False
mhealth,APS,29,480,0.05,even_to_odd,0.33333333333333337,False,0.35766423357664234,False
mhealth,APS,29,480,0.1,whole,0.33333333333333337,False,0.3418181818181818,False
mhealth,APS,29,480,0.2,whole,0.41666666666666663,False,0.31272727272727274,False
mhealth,APS,30,480,0.01,whole,0.33333333333333337,False,0.3018181818181818,False
mhealth,APS,30,480,0.05,whole,0.375,False,0.29454545454545455,False
mhealth,APS,30,480,0.05,even_to_odd,0.375,False,0.32116788321167883,False
mhealth,APS,30,480,0.1,whole,0.41666666666666663,False,0.32,False
mhealth,APS,30,480,0.2,whole,0.45833333333333337,False,0.29454545454545455,False
mhealth,APS,31,480,0.01,whole,0.29166666666666663,False,0.36,False
mhealth,APS,31,480,0.05,whole,0.33333333333333337,False,0.29454545454545455,False
mhealth,APS,31,480,0.05,even_to_odd,0.375,False,0.32116788321167883,False
mhealth,APS,31,480,0.1,whole,0.33333333333333337,False,0.29454545454545455,False
mhealth,APS,31,480,0.2,whole,0.625,False,0.29454545454545455,False
mhealth,APS,32,480,0.01,whole,0.25,False,0.3381818181818182,False
mhealth,APS,32,480,0.05,whole,0.25,False,0.3236363636363636,False
mhealth,APS,32,480,0.05,even_to_odd,0.5,False,0.34306569343065696,False
mhealth,APS,32,480,0.1,whole,0.25,False,0.3236363636363636,False
mhealth,APS,32,480,0.2,whole,0.33333333333333337,False,0.3236363636363636,False
mhealth,APS,33,480,0.01,whole,0.25,False,0.2872727272727273,False
mhealth,APS,33,480,0.05,whole,0.375,False,0.31272727272727274,False
mhealth,APS,33,480,0.05,even_to_odd,0.375,False,0.31386861313868614,False
mhealth,APS,33,480,0.1,whole,0.41666666666666663,False,0.31272727272727274,False
mhealth,APS,33,480,0.2,whole,0.41666666666666663,False,0.2872727272727273,False
mhealth,APS,34,480,0.01,whole,0.20833333333333337,False,0.16727272727272727,False
mhealth,APS,34,480,0.05,whole,0.25,False,0.13090909090909092,False
mhealth,APS,34,480,0.05,even_to_odd,0.25,False,0.1386861313868613,False
mhealth,APS,34,480,0.1,whole,0.33333333333333337,False,0.16727272727272727,False
mhealth,APS,34,480,0.2,whole,0.45833333333333337,False,0.16727272727272727,False
mhealth,APS,35,480,0.01,whole,0.25,False,0.3054545454545455,False
mhealth,APS,35,480,0.05,whole,0.375,False,0.3054545454545455,False
mhealth,APS,35,480,0.05,even_to_odd,0.375,False,0.32116788321167883,False
mhealth,APS,35,480,0.1,whole,0.375,False,0.3054545454545455,False
mhealth,APS,35,480,0.2,whole,0.5416666666666667,False,0.3054545454545455,False
mhealth,APS,36,480,0.01,whole,0.25,False,0.32,False
mhealth,APS,36,480,0.05,whole,0.33333333333333337,False,0.36,False
mhealth,APS,36,480,0.05,even_to_odd,0.33333333333333337,False,0.36496350364963503,False
mhealth,APS,36,480,0.1,whole,0.33333333333333337,False,0.36,False
mhealth,APS,36,480,0.2,whole,0.375,False,0.3018181818181818,False
mhealth,APS,37,480,0.01,whole,0.25,False,0.21818181818181817,False
mhealth,APS,37,480,0.05,whole,0.33333333333333337,False,0.1890909090909091,False
mhealth,APS,37,480,0.05,even_to_odd,0.41666666666666663,False,0.34306569343065696,False
mhealth,APS,37,480,0.1,whole,0.5833333333333333,False,0.13090909090909092,False
mhealth,APS,37,480,0.2,whole,0.6666666666666667,False,0.13090909090909092,False
mhealth,APS,38,480,0.01,whole,0.25,False,0.21454545454545454,False
mhealth,APS,38,480,0.05,whole,0.29166666666666663,False,0.21454545454545454,False
mhealth,APS,38,480,0.05,even_to_odd,0.375,False,0.41605839416058393,False
mhealth,APS,38,480,0.1,whole,0.33333333333333337,False,0.21454545454545454,False
mhealth,APS,38,480,0.2,whole,0.5416666666666667,False,0.39636363636363636,False
mhealth,APS,39,480,0.01,whole,0.16666666666666663,False,0.2690909090909091,False
mhealth,APS,39,480,0.05,whole,0.41666666666666663,False,0.37454545454545457,False
mhealth,APS,39,480,0.05,even_to_odd,0.41666666666666663,False,0.3795620437956204,False
mhealth,APS,39,480,0.1,whole,0.45833333333333337,False,0.38545454545454544,False
mhealth,APS,39,480,0.2,whole,0.5,False,0.4509090909090909,False
wisdm,LAC,0,480,0.01,whole,0.0,False,0.0,False
wisdm,LAC,0,480,0.05,whole,0.04166666666666663,False,0.41356294219730344,False
wisdm,LAC,0,480,0.05,even_to_odd,0.04166666666666663,False,0.40907877169559415,False
wisdm,LAC,0,480,0.1,whole,0.04166666666666663,False,0.41356294219730344,False
wisdm,LAC,0,480,0.2,whole,0.04166666666666663,False,0.29114937925510614,False
wisdm,LAC,1,480,0.01,whole,0.0,False,0.0,False
wisdm,LAC,1,480,0.05,whole,0.0,False,0.0,False
wisdm,LAC,1,480,0.05,even_to_odd,0.0,False,0.0,False
wisdm,LAC,1,480,0.1,whole,0.0,False,0.0,False
wisdm,LAC,1,480,0.2,whole,0.04166666666666663,False,0.010279001468428781,False
wisdm,LAC,2,480,0.01,whole,0.04166666666666663,False,0.17727940194900546,False
wisdm,LAC,2,480,0.05,whole,0.08333333333333337,False,0.17727940194900546,False
wisdm,LAC,2,480,0.05,even_to_odd,0.08333333333333337,False,0.17676902536715622,False
wisdm,LAC,2,480,0.1,whole,0.08333333333333337,False,0.17727940194900546,False
wisdm,LAC,2,480,0.2,whole,0.08333333333333337,False,0.17447603791216126,False
wisdm,LAC,3,480,0.01,whole,0.0,False,0.0,False
wisdm,LAC,3,480,0.05,whole,0.04166666666666663,False,0.1763449472700574,False
wisdm,LAC,3,480,0.05,even_to_odd,0.04166666666666663,False,0.17249666221628837,False
wisdm,LAC,3,480,0.1,whole,0.04166666666666663,False,0.1763449472700574,False
wisdm,LAC,3,480,0.2,whole,0.04166666666666663,False,0.1748765184888533,False
wisdm,LAC,4,480,0.01,whole,0.0,False,0.0,False
wisdm,LAC,4,480,0.05,whole,0.04166666666666663,False,0.15845681484448004,False
wisdm,LAC,4,480,0.05,even_to_odd,0.04166666666666663,False,0.15941255006675567,False
wisdm,LAC,4,480,0.1,whole,0.04166666666666663,False,0.15845681484448004,False
wisdm,LAC,4,480,0.2,whole,0.125,False,0.48885329061540517,False
wisdm,LAC,5,480,0.01,whole,0.04166666666666663,False,0.31544520090775596,False
wisdm,LAC,5,480,0.05,whole,0.04166666666666663,False,0.28273928714457347,False
wisdm,LAC,5,480,0.05,even_to_odd,0.04166666666666663,False,0.27850467289719627,False
wisdm,LAC,5,480,0.1,whole,0.04166666666666663,False,0.28273928714457347,False
wisdm,LAC,5,480,0.2,whole,0.08333333333333337,False,0.42904819116272863,False
wisdm,LAC,6,480,0.01,whole,0.0,False,0.0,False
wisdm,LAC,6,480,0.05,whole,0.0,False,0.0,False
wisdm,LAC,6,480,0.05,even_to_odd,0.0,False,0.0,False
wisdm,LAC,6,480,0.1,whole,0.0,False,0.0,False
wisdm,LAC,6,480,0.2,whole,0.0,False,0.0,False
wisdm,LAC,7,480,0.01,whole,0.0,False,0.0,False
wisdm,LAC,7,480,0.05,whole,0.0,False,0.0,False
wisdm,LAC,7,480,0.05,even_to_odd,0.0,False,0.0,False
wisdm,LAC,7,480,0.1,whole,0.0,False,0.0,False
wisdm,LAC,7,480,0.2,whole,0.04166666666666663,False,0.2157255373114404,False
wisdm,LAC,8,480,0.01,whole,0.0,False,0.0,False
wisdm,LAC,8,480,0.05,whole,0.0,False,0.0,False
wisdm,LAC,8,480,0.05,even_to_odd,0.0,False,0.0,False
wisdm,LAC,8,480,0.1,whole,0.0,False,0.0,False
wisdm,LAC,8,480,0.2,whole,0.08333333333333337,False,0.07862768655720198,False
wisdm,LAC,9,480,0.01,whole,0.04166666666666663,False,0.35162194633560273,False
wisdm,LAC,9,480,0.05,whole,0.08333333333333337,False,0.4160993191830196,False
wisdm,LAC,9,480,0.05,even_to_odd,0.08333333333333337,False,0.4213618157543391,False
wisdm,LAC,9,480,0.1,whole,0.08333333333333337,False,0.35162194633560273,False
wisdm,LAC,9,480,0.2,whole,0.16666666666666663,False,0.4160993191830196,False
wisdm,LAC,10,480,0.01,whole,0.0,False,0.0,False
wisdm,LAC,10,480,0.05,whole,0.0,False,0.0,False
wisdm,LAC,10,480,0.05,even_to_odd,0.0,False,0.0,False
wisdm,LAC,10,480,0.1,whole,0.0,False,0.0,False
wisdm,LAC,10,480,0.2,whole,0.0,False,0.0,False
wisdm,LAC,11,480,0.01,whole,0.04166666666666663,False,0.3413429448671739,False
wisdm,LAC,11,480,0.05,whole,0.08333333333333337,False,0.3564277132559071,False
wisdm,LAC,11,480,0.05,even_to_odd,0.04166666666666663,False,0.3054739652870494,False
wisdm,LAC,11,480,0.1,whole,0.125,False,0.3564277132559071,False
wisdm,LAC,11,480,0.2,whole,0.5,False,0.15018021625951142,False
wisdm,LAC,12,480,0.01,whole,0.0,False,0.0,False
wisdm,LAC,12,480,0.05,whole,0.0,False,0.0,False
wisdm,LAC,12,480,0.05,even_to_odd,0.0,False,0.0,False
wisdm,LAC,12,480,0.1,whole,0.0,False,0.0,False
wisdm,LAC,12,480,0.2,whole,0.04166666666666663,False,0.09184354558803898,False
wisdm,LAC,13,480,0.01,whole,0.0,False,0.0,False
wisdm,LAC,13,480,0.05,whole,0.0,False,0.0,False
wisdm,LAC,13,480,0.05,even_to_odd,0.0,False,0.0,False
wisdm,LAC,13,480,0.1,whole,0.0,False,0.0,False
wisdm,LAC,13,480,0.2,whole,0.0,False,0.0,False
wisdm,LAC,14,480,0.01,whole,0.0,False,0.0,False
wisdm,LAC,14,480,0.05,whole,0.0,False,0.0,False
wisdm,LAC,14,480,0.05,even_to_odd,0.0,False,0.0,False
wisdm,LAC,14,480,0.1,whole,0.0,False,0.0,False
wisdm,LAC,14,480,0.2,whole,0.0,False,0.0,False
wisdm,LAC,15,480,0.01,whole,0.04166666666666663,False,0.44760379121612603,False
wisdm,LAC,15,480,0.05,whole,0.08333333333333337,False,0.2996929648912028,False
wisdm,LAC,15,480,0.05,even_to_odd,0.08333333333333337,False,0.3030707610146863,False
wisdm,LAC,15,480,0.1,whole,0.08333333333333337,False,0.2870110799626218,False
wisdm,LAC,15,480,0.2,whole,0.08333333333333337,False,0.2870110799626218,False
wisdm,LAC,16,480,0.01,whole,0.08333333333333337,False,0.3474836470431184,False
wisdm,LAC,16,480,0.05,whole,0.125,False,0.11814177012414898,False
wisdm,LAC,16,480,0.05,even_to_odd,0.125,False,0.12176234979973298,False
wisdm,LAC,16,480,0.1,whole,0.125,False,0.06955012681884928,False
wisdm,LAC,16,480,0.2,whole,0.25,False,0.11814177012414898,False
wisdm,LAC,17,480,0.01,whole,0.04166666666666663,False,0.26898945401148044,False
wisdm,LAC,17,480,0.05,whole,0.08333333333333337,False,0.26898945401148044,False
wisdm,LAC,17,480,0.05,even_to_odd,0.08333333333333337,False,0.26221628838451266,False
wisdm,LAC,17,480,0.1,whole,0.16666666666666663,False,0.26898945401148044,False
wisdm,LAC,17,480,0.2,whole,0.16666666666666663,False,0.2553731144039514,False
wisdm,LAC,18,480,0.01,whole,0.0,False,0.0,False
wisdm,LAC,18,480,0.05,whole,0.04166666666666663,False,0.12067814710986517,False
wisdm,LAC,18,480,0.05,even_to_odd,0.04166666666666663,False,0.12096128170894525,False
wisdm,LAC,18,480,0.1,whole,0.04166666666666663,False,0.12067814710986517,False
wisdm,LAC,18,480,0.2,whole,0.04166666666666663,False,0.0,False
wisdm,LAC,19,480,0.01,whole,0.04166666666666663,False,0.3757842744626886,False
wisdm,LAC,19,480,0.05,whole,0.08333333333333337,False,0.37698571619276466,False
wisdm,LAC,19,480,0.05,even_to_odd,0.08333333333333337,False,0.3986648865153538,False
wisdm,LAC,19,480,0.1,whole,0.08333333333333337,False,0.3757842744626886,False
wisdm,LAC,19,480,0.2,whole,0.16666666666666663,False,0.28060339073554935,False
wisdm,LAC,20,480,0.01,whole,0.0,False,0.0,False
wisdm,LAC,20,480,0.05,whole,0.04166666666666663,False,0.2292083833934054,False
wisdm,LAC,20,480,0.05,even_to_odd,0.04166666666666663,False,0.23204272363150868,False
wisdm,LAC,20,480,0.1,whole,0.04166666666666663,False,0.2292083833934054,False
wisdm,LAC,20,480,0.2,whole,0.08333333333333337,False,0.2292083833934054,False
wisdm,LAC,21,480,0.01,whole,0.04166666666666663,False,0.15325056734748366,False
wisdm,LAC,21,480,0.05,whole,0.08333333333333337,False,0.15325056734748366,False
wisdm,LAC,21,480,0.05,even_to_odd,0.08333333333333337,False,0.15193591455273697,False
wisdm,LAC,21,480,0.1,whole,0.125,False,0.18689093578961422,False
wisdm,LAC,21,480,0.2,whole,0.16666666666666663,False,0.38085702843412095,False
wisdm,LAC,22,480,0.01,whole,0.04166666666666663,False,0.29195034040849016,False
wisdm,LAC,22,480,0.05,whole,0.04166666666666663,False,0.17968228540915765,False
wisdm,LAC,22,480,0.05,even_to_odd,0.04166666666666663,False,0.17730307076101468,False
wisdm,LAC,22,480,0.1,whole,0.125,False,0.07529034841810173,False
wisdm,LAC,22,480,0.2,whole,0.125,False,0.07529034841810173,False
wisdm,LAC,23,480,0.01,whole,0.08333333333333337,False,0.3078360699506074,False
wisdm,LAC,23,480,0.05,whole,0.16666666666666663,False,0.08383393405419837,False
wisdm,LAC,23,480,0.05,even_to_odd,0.16666666666666663,False,0.08384512683578105,False
wisdm,LAC,23,480,0.1,whole,0.16666666666666663,False,0.023094379922573755,False
wisdm,LAC,23,480,0.2,whole,0.20833333333333337,False,0.023094379922573755,False
wisdm,LAC,24,480,0.01,whole,0.0,False,0.0,False
wisdm,LAC,24,480,0.05,whole,0.0,False,0.0,False
wisdm,LAC,24,480,0.05,even_to_odd,0.0,False,0.0,False
wisdm,LAC,24,480,0.1,whole,0.0,False,0.0,False
wisdm,LAC,24,480,0.2,whole,0.0,False,0.0,False
wisdm,LAC,25,480,0.01,whole,0.0,False,0.0,False
wisdm,LAC,25,480,0.05,whole,0.04166666666666663,False,0.04645574689627553,False
wisdm,LAC,25,480,0.05,even_to_odd,0.04166666666666663,False,0.04512683578104139,False
wisdm,LAC,25,480,0.1,whole,0.04166666666666663,False,0.04645574689627553,False
wisdm,LAC,25,480,0.2,whole,0.08333333333333337,False,0.04645574689627553,False
wisdm,LAC,26,480,0.01,whole,0.04166666666666663,False,0.0750233613669737,False
wisdm,LAC,26,480,0.05,whole,0.08333333333333337,False,0.010012014417300761,False
wisdm,LAC,26,480,0.05,even_to_odd,0.08333333333333337,False,0.010146862483311082,False
wisdm,LAC,26,480,0.1,whole,0.08333333333333337,False,0.010012014417300761,False
wisdm,LAC,26,480,0.2,whole,0.08333333333333337,False,0.005740221599252436,False
wisdm,LAC,27,480,0.01,whole,0.0,False,0.0,False
wisdm,LAC,27,480,0.05,whole,0.0,False,0.0,False
wisdm,LAC,27,480,0.05,even_to_odd,0.0,False,0.0,False
wisdm,LAC,27,480,0.1,whole,0.0,False,0.0,False
wisdm,LAC,27,480,0.2,whole,0.04166666666666663,False,0.5162194633560272,True
wisdm,LAC,28,480,0.01,whole,0.04166666666666663,False,0.09037511680683487,False
wisdm,LAC,28,480,0.05,whole,0.125,False,0.09037511680683487,False
wisdm,LAC,28,480,0.05,even_to_odd,0.125,False,0.08518024032042723,False
wisdm,LAC,28,480,0.1,whole,0.125,False,0.07996262181284208,False
wisdm,LAC,28,480,0.2,whole,0.16666666666666663,False,0.18595648111066612,False
wisdm,LAC,29,480,0.01,whole,0.04166666666666663,False,0.3143772527032439,False
wisdm,LAC,29,480,0.05,whole,0.04166666666666663,False,0.171138699773061,False
wisdm,LAC,29,480,0.05,even_to_odd,0.04166666666666663,False,0.17169559412550067,False
wisdm,LAC,29,480,0.1,whole,0.04166666666666663,False,0.171138699773061,False
wisdm,LAC,29,480,0.2,whole,0.20833333333333337,False,0.3514884528100387,False
wisdm,LAC,30,480,0.01,whole,0.0,False,0.0,False
wisdm,LAC,30,480,0.05,whole,0.0,False,0.0,False
wisdm,LAC,30,480,0.05,even_to_odd,0.0,False,0.0,False
wisdm,LAC,30,480,0.1,whole,0.0,False,0.0,False
wisdm,LAC,30,480,0.2,whole,0.0,False,0.0,False
wisdm,LAC,31,480,0.01,whole,0.0,False,0.0,False
wisdm,LAC,31,480,0.05,whole,0.125,False,0.3476171405686824,False
wisdm,LAC,31,480,0.05,even_to_odd,0.125,False,0.35113484646194926,False
wisdm,LAC,31,480,0.1,whole,0.125,False,0.3470831664664264,False
wisdm,LAC,31,480,0.2,whole,0.125,False,0.3470831664664264,False
wisdm,LAC,32,480,0.01,whole,0.04166666666666663,False,0.2657856093979442,False
wisdm,LAC,32,480,0.05,whole,0.04166666666666663,False,0.16646642637832065,False
wisdm,LAC,32,480,0.05,even_to_odd,0.04166666666666663,False,0.17036048064085446,False
wisdm,LAC,32,480,0.1,whole,0.08333333333333337,False,0.09624883193165132,False
wisdm,LAC,32,480,0.2,whole,0.125,False,0.08890668802563076,False
wisdm,LAC,33,480,0.01,whole,0.0,False,0.0,False
wisdm,LAC,33,480,0.05,whole,0.0,False,0.0,False
wisdm,LAC,33,480,0.05,even_to_odd,0.0,False,0.0,False
wisdm,LAC,33,480,0.1,whole,0.0,False,0.0,False
wisdm,LAC,33,480,0.2,whole,0.0,False,0.0,False
wisdm,LAC,34,480,0.01,whole,0.0,False,0.0,False
wisdm,LAC,34,480,0.05,whole,0.04166666666666663,False,0.017220664797757308,False
wisdm,LAC,34,480,0.05,even_to_odd,0.04166666666666663,False,0.015487316421895861,False
wisdm,LAC,34,480,0.1,whole,0.04166666666666663,False,0.017220664797757308,False
wisdm,LAC,34,480,0.2,whole,0.08333333333333337,False,0.00814310505940462,False
wisdm,LAC,35,480,0.01,whole,0.0,False,0.0,False
wisdm,LAC,35,480,0.05,whole,0.0,False,0.0,False
wisdm,LAC,35,480,0.05,even_to_odd,0.0,False,0.0,False
wisdm,LAC,35,480,0.1,whole,0.0,False,0.0,False
wisdm,LAC,35,480,0.2,whole,0.0,False,0.0,False
wisdm,LAC,36,480,0.01,whole,0.04166666666666663,False,0.3761847550393806,False
wisdm,LAC,36,480,0.05,whole,0.04166666666666663,False,0.34948604992657856,False
wisdm,LAC,36,480,0.05,even_to_odd,0.04166666666666663,False,0.3479305740987984,False
wisdm,LAC,36,480,0.1,whole,0.04166666666666663,False,0.34948604992657856,False
wisdm,LAC,36,480,0.2,whole,0.08333333333333337,False,0.3761847550393806,False
wisdm,LAC,37,480,0.01,whole,0.04166666666666663,False,0.34775063409424645,False
wisdm,LAC,37,480,0.05,whole,0.04166666666666663,False,0.31277533039647576,False
wisdm,LAC,37,480,0.05,even_to_odd,0.04166666666666663,False,0.3078771695594125,False
wisdm,LAC,37,480,0.1,whole,0.125,False,0.48164464023494863,False
wisdm,LAC,37,480,0.2,whole,0.125,False,0.48164464023494863,False
wisdm,LAC,38,480,0.01,whole,0.04166666666666663,False,0.3470831664664264,False
wisdm,LAC,38,480,0.05,whole,0.04166666666666663,False,0.26138032305433184,False
wisdm,LAC,38,480,0.05,even_to_odd,0.04166666666666663,False,0.253671562082777,False
wisdm,LAC,38,480,0.1,whole,0.04166666666666663,False,0.26138032305433184,False
wisdm,LAC,38,480,0.2,whole,0.5833333333333333,True,-0.5752236016553197,False
wisdm,LAC,39,480,0.01,whole,0.0,False,0.0,False
wisdm,LAC,39,480,0.05,whole,0.04166666666666663,False,0.40648778534241087,False
wisdm,LAC,39,480,0.05,even_to_odd,0.04166666666666663,False,0.4069425901201602,False
wisdm,LAC,39,480,0.1,whole,0.04166666666666663,False,0.40648778534241087,False
wisdm,LAC,39,480,0.2,whole,0.29166666666666663,False,0.0,False
wisdm,APS,0,480,0.01,whole,0.04166666666666663,False,0.41262848751835535,False
wisdm,APS,0,480,0.05,whole,0.04166666666666663,False,0.3249232412228007,False
wisdm,APS,0,480,0.05,even_to_odd,0.04166666666666663,False,0.3287049399198932,False
wisdm,APS,0,480,0.1,whole,0.125,False,0.41262848751835535,False
wisdm,APS,0,480,0.2,whole,0.125,False,0.41262848751835535,False
wisdm,APS,1,480,0.01,whole,0.08333333333333337,False,0.15738886663996796,False
wisdm,APS,1,480,0.05,whole,0.125,False,0.15738886663996796,False
wisdm,APS,1,480,0.05,even_to_odd,0.125,False,0.16048064085447264,False
wisdm,APS,1,480,0.1,whole,0.25,False,0.1934321185422507,False
wisdm,APS,1,480,0.2,whole,0.25,False,0.15738886663996796,False
wisdm,APS,2,480,0.01,whole,0.0,False,0.0,False
wisdm,APS,2,480,0.05,whole,0.0,False,0.0,False
wisdm,APS,2,480,0.05,even_to_odd,0.0,False,0.0,False
wisdm,APS,2,480,0.1,whole,0.0,False,0.0,False
wisdm,APS,2,480,0.2,whole,0.0,False,0.0,False
wisdm,APS,3,480,0.01,whole,0.0,False,0.0,False
wisdm,APS,3,480,0.05,whole,0.0,False,0.0,False
wisdm,APS,3,480,0.05,even_to_odd,0.0,False,0.0,False
wisdm,APS,3,480,0.1,whole,0.0,False,0.0,False
wisdm,APS,3,480,0.2,whole,0.08333333333333337,False,0.06340942464290482,False
wisdm,APS,4,480,0.01,whole,0.04166666666666663,False,0.2173274596182085,False
wisdm,APS,4,480,0.05,whole,0.08333333333333337,False,0.3237217994927246,False
wisdm,APS,4,480,0.05,even_to_odd,0.08333333333333337,False,0.32176234979973295,False
wisdm,APS,4,480,0.1,whole,0.125,False,0.3237217994927246,False
wisdm,APS,4,480,0.2,whole,0.16666666666666663,False,0.43759177679882527,False
wisdm,APS,5,480,0.01,whole,0.04166666666666663,False,0.4800427179281805,False
wisdm,APS,5,480,0.05,whole,0.04166666666666663,False,0.44773728474169,False
wisdm,APS,5,480,0.05,even_to_odd,0.04166666666666663,False,0.4456608811748999,False
wisdm,APS,5,480,0.1,whole,0.04166666666666663,False,0.44773728474169,False
wisdm,APS,5,480,0.2,whole,0.04166666666666663,False,0.3801895608063009,False
wisdm,APS,6,480,0.01,whole,0.0,False,0.0,False
wisdm,APS,6,480,0.05,whole,0.04166666666666663,False,0.2302763315979175,False
wisdm,APS,6,480,0.05,even_to_odd,0.04166666666666663,False,0.22590120160213617,False
wisdm,APS,6,480,0.1,whole,0.04166666666666663,False,0.20758243225203576,False
wisdm,APS,6,480,0.2,whole,0.04166666666666663,False,0.20758243225203576,False
wisdm,APS,7,480,0.01,whole,0.0,False,0.0,False
wisdm,APS,7,480,0.05,whole,0.0,False,0.0,False
wisdm,APS,7,480,0.05,even_to_odd,0.0,False,0.0,False
wisdm,APS,7,480,0.1,whole,0.0,False,0.0,False
wisdm,APS,7,480,0.2,whole,0.04166666666666663,False,0.28354024829795754,False
wisdm,APS,8,480,0.01,whole,0.04166666666666663,False,0.26778801228140436,False
wisdm,APS,8,480,0.05,whole,0.04166666666666663,False,0.16352956881591243,False
wisdm,APS,8,480,0.05,even_to_odd,0.04166666666666663,False,0.15834445927903873,False
wisdm,APS,8,480,0.1,whole,0.125,False,0.060339073554932586,False
wisdm,APS,8,480,0.2,whole,0.125,False,0.0,False
wisdm,APS,9,480,0.01,whole,0.04166666666666663,False,0.16873581631290882,False
wisdm,APS,9,480,0.05,whole,0.04166666666666663,False,0.15592043785876386,False
wisdm,APS,9,480,0.05,even_to_odd,0.04166666666666663,False,0.15407209612817088,False
wisdm,APS,9,480,0.1,whole,0.04166666666666663,False,0.15592043785876386,False
wisdm,APS,9,480,0.2,whole,0.08333333333333337,False,0.20210919770391136,False
wisdm,APS,10,480,0.01,whole,0.0,False,0.0,False
wisdm,APS,10,480,0.05,whole,0.0,False,0.0,False
wisdm,APS,10,480,0.05,even_to_odd,0.0,False,0.0,False
wisdm,APS,10,480,0.1,whole,0.0,False,0.0,False
wisdm,APS,10,480,0.2,whole,0.0,False,0.0,False
wisdm,APS,11,480,0.01,whole,0.04166666666666663,False,0.28500867707916167,False
wisdm,APS,11,480,0.05,whole,0.04166666666666663,False,0.12107862768655721,False
wisdm,APS,11,480,0.05,even_to_odd,0.04166666666666663,False,0.12443257676902536,False
wisdm,APS,11,480,0.1,whole,0.125,False,0.28500867707916167,False
wisdm,APS,11,480,0.2,whole,0.5416666666666667,True,-0.788813242557736,False
wisdm,APS,12,480,0.01,whole,0.0,False,0.0,False
wisdm,APS,12,480,0.05,whole,0.375,True,-0.46749432652516354,False
wisdm,APS,12,480,0.05,even_to_odd,0.375,True,-0.4688918558077437,False
wisdm,APS,12,480,0.1,whole,0.375,True,-0.46749432652516354,False
wisdm,APS,12,480,0.2,whole,0.5,True,-0.4788412761981044,False
wisdm,APS,13,480,0.01,whole,0.04166666666666663,False,0.31985048725136833,False
wisdm,APS,13,480,0.05,whole,0.04166666666666663,False,0.3052996929648912,False
wisdm,APS,13,480,0.05,even_to_odd,0.04166666666666663,False,0.30280373831775703,False
wisdm,APS,13,480,0.1,whole,0.04166666666666663,False,0.3052996929648912,False
wisdm,APS,13,480,0.2,whole,0.125,False,0.3052996929648912,False
wisdm,APS,14,480,0.01,whole,0.0,False,0.0,False
wisdm,APS,14,480,0.05,whole,0.16666666666666663,False,0.24723000934454678,False
wisdm,APS,14,480,0.05,even_to_odd,0.16666666666666663,False,0.2437917222963952,False
wisdm,APS,14,480,0.1,whole,0.20833333333333337,False,0.24456013883326658,False
wisdm,APS,14,480,0.2,whole,0.25,False,0.24456013883326658,False
wisdm,APS,15,480,0.01,whole,0.04166666666666663,False,0.31250834334534777,False
wisdm,APS,15,480,0.05,whole,0.04166666666666663,False,0.26805499933253235,False
wisdm,APS,15,480,0.05,even_to_odd,0.04166666666666663,False,0.2667556742323097,False
wisdm,APS,15,480,0.1,whole,0.04166666666666663,False,0.26805499933253235,False
wisdm,APS,15,480,0.2,whole,0.04166666666666663,False,0.2420237618475504,False
wisdm,APS,16,480,0.01,whole,0.04166666666666663,False,0.2603123748498198,False
wisdm,APS,16,480,0.05,whole,0.08333333333333337,False,0.11947670537978908,False
wisdm,APS,16,480,0.05,even_to_odd,0.08333333333333337,False,0.11748998664886515,False
wisdm,APS,16,480,0.1,whole,0.125,False,0.11947670537978908,False
wisdm,APS,16,480,0.2,whole,0.16666666666666663,False,0.2603123748498198,False
wisdm,APS,17,480,0.01,whole,0.0,False,0.0,False
wisdm,APS,17,480,0.05,whole,0.0,False,0.0,False
wisdm,APS,17,480,0.05,even_to_odd,0.0,False,0.0,False
wisdm,APS,17,480,0.1,whole,0.08333333333333337,False,0.1593912695234281,False
wisdm,APS,17,480,0.2,whole,0.125,False,0.1144039514083567,False
wisdm,APS,18,480,0.01,whole,0.0,False,0.0,False
wisdm,APS,18,480,0.05,whole,0.0,False,0.0,False
wisdm,APS,18,480,0.05,even_to_odd,0.0,False,0.0,False
wisdm,APS,18,480,0.1,whole,0.04166666666666663,False,0.2341476438392738,False
wisdm,APS,18,480,0.2,whole,0.04166666666666663,False,0.2065144840475237,False
wisdm,APS,19,480,0.01,whole,0.0,False,0.0,False
wisdm,APS,19,480,0.05,whole,0.0,False,0.0,False
wisdm,APS,19,480,0.05,even_to_odd,0.0,False,0.0,False
wisdm,APS,19,480,0.1,whole,0.0,False,0.0,False
wisdm,APS,19,480,0.2,whole,0.08333333333333337,False,0.40248297957549056,False
wisdm,APS,20,480,0.01,whole,0.04166666666666663,False,0.15752236016553198,False
wisdm,APS,20,480,0.05,whole,0.04166666666666663,False,0.13149112268055,False
wisdm,APS,20,480,0.05,even_to_odd,0.04166666666666663,False,0.13164218958611482,False
wisdm,APS,20,480,0.1,whole,0.04166666666666663,False,0.13149112268055,False
wisdm,APS,20,480,0.2,whole,0.04166666666666663,False,0.016419703644373247,False
wisdm,APS,21,480,0.01,whole,0.0,False,0.0,False
wisdm,APS,21,480,0.05,whole,0.0,False,0.0,False
wisdm,APS,21,480,0.05,even_to_odd,0.0,False,0.0,False
wisdm,APS,21,480,0.1,whole,0.04166666666666663,False,0.18101722066479775,False
wisdm,APS,21,480,0.2,whole,0.08333333333333337,False,0.3457482312107863,False
wisdm,APS,22,480,0.01,whole,0.125,False,0.19823788546255505,False
wisdm,APS,22,480,0.05,whole,0.16666666666666663,False,0.19823788546255505,False
wisdm,APS,22,480,0.05,even_to_odd,0.16666666666666663,False,0.19759679572763686,False
wisdm,APS,22,480,0.1,whole,0.20833333333333337,False,0.10692831397677213,False
wisdm,APS,22,480,0.2,whole,0.33333333333333337,False,0.10692831397677213,False
wisdm,APS,23,480,0.01,whole,0.0,False,0.0,False
wisdm,APS,23,480,0.05,whole,0.0,False,0.0,False
wisdm,APS,23,480,0.05,even_to_odd,0.0,False,0.0,False
wisdm,APS,23,480,0.1,whole,0.08333333333333337,False,0.250300360432519,False
wisdm,APS,23,480,0.2,whole,0.08333333333333337,False,0.250300360432519,False
wisdm,APS,24,480,0.01,whole,0.04166666666666663,False,0.26231477773327994,False
wisdm,APS,24,480,0.05,whole,0.04166666666666663,False,0.21385662795354426,False
wisdm,APS,24,480,0.05,even_to_odd,0.04166666666666663,False,0.21869158878504674,False
wisdm,APS,24,480,0.1,whole,0.04166666666666663,False,0.21385662795354426,False
wisdm,APS,24,480,0.2,whole,0.08333333333333337,False,0.21385662795354426,False
wisdm,APS,25,480,0.01,whole,0.0,False,0.0,False
wisdm,APS,25,480,0.05,whole,0.0,False,0.0,False
wisdm,APS,25,480,0.05,even_to_odd,0.0,False,0.0,False
wisdm,APS,25,480,0.1,whole,0.0,False,0.0,False
wisdm,APS,25,480,0.2,whole,0.04166666666666663,True,-0.11467093845948471,False
wisdm,APS,26,480,0.01,whole,0.0,False,0.0,False
wisdm,APS,26,480,0.05,whole,0.0,False,0.0,False
wisdm,APS,26,480,0.05,even_to_odd,0.0,False,0.0,False
wisdm,APS,26,480,0.1,whole,0.0,False,0.0,False
wisdm,APS,26,480,0.2,whole,0.0,False,0.0,False
wisdm,APS,27,480,0.01,whole,0.04166666666666663,False,0.3488185822987585,False
wisdm,APS,27,480,0.05,whole,0.08333333333333337,False,0.3991456414363903,False
wisdm,APS,27,480,0.05,even_to_odd,0.08333333333333337,False,0.4069425901201602,False
wisdm,APS,27,480,0.1,whole,0.08333333333333337,False,0.3991456414363903,False
wisdm,APS,27,480,0.2,whole,0.08333333333333337,False,0.3828594313175811,False
wisdm,APS,28,480,0.01,whole,0.04166666666666663,False,0.034174342544386595,False
wisdm,APS,28,480,0.05,whole,0.08333333333333337,False,0.034174342544386595,False
wisdm,APS,28,480,0.05,even_to_odd,0.08333333333333337,False,0.03337783711615487,False
wisdm,APS,28,480,0.1,whole,0.08333333333333337,False,0.021225470564677613,False
wisdm,APS,28,480,0.2,whole,0.20833333333333337,False,0.06501134694967294,False
wisdm,APS,29,480,0.01,whole,0.0,False,0.0,False
wisdm,APS,29,480,0.05,whole,0.0,False,0.0,False
wisdm,APS,29,480,0.05,even_to_odd,0.0,False,0.0,False
wisdm,APS,29,480,0.1,whole,0.0,False,0.0,False
wisdm,APS,29,480,0.2,whole,0.20833333333333337,False,0.6956347617140569,True
wisdm,APS,30,480,0.01,whole,0.0,False,0.0,False
wisdm,APS,30,480,0.05,whole,0.0,False,0.0,False
wisdm,APS,30,480,0.05,even_to_odd,0.0,False,0.0,False
wisdm,APS,30,480,0.1,whole,0.0,False,0.0,False
wisdm,APS,30,480,0.2,whole,0.0,False,0.0,False
wisdm,APS,31,480,0.01,whole,0.08333333333333337,False,0.2541716726738753,False
wisdm,APS,31,480,0.05,whole,0.125,False,0.2380189560806301,False
wisdm,APS,31,480,0.05,even_to_odd,0.125,False,0.2397863818424566,False
wisdm,APS,31,480,0.1,whole,0.125,False,0.2029101588572954,False
wisdm,APS,31,480,0.2,whole,0.16666666666666663,False,0.2541716726738753,False
wisdm,APS,32,480,0.01,whole,0.04166666666666663,False,0.20237618475503938,False
wisdm,APS,32,480,0.05,whole,0.16666666666666663,False,0.28861300226938996,False
wisdm,APS,32,480,0.05,even_to_odd,0.16666666666666663,False,0.2897196261682243,False
wisdm,APS,32,480,0.1,whole,0.16666666666666663,False,0.20237618475503938,False
wisdm,APS,32,480,0.2,whole,0.25,False,0.28861300226938996,False
wisdm,APS,33,480,0.01,whole,0.04166666666666663,False,0.11694032839407288,False
wisdm,APS,33,480,0.05,whole,0.04166666666666663,True,-0.05953811240154853,False
wisdm,APS,33,480,0.05,even_to_odd,0.04166666666666663,True,-0.05527369826435247,False
wisdm,APS,33,480,0.1,whole,0.04166666666666663,False,0.10545988519556801,False
wisdm,APS,33,480,0.2,whole,0.125,True,-0.36924309171005204,False
wisdm,APS,34,480,0.01,whole,0.0,False,0.0,False
wisdm,APS,34,480,0.05,whole,0.0,False,0.0,False
wisdm,APS,34,480,0.05,even_to_odd,0.0,False,0.0,False
wisdm,APS,34,480,0.1,whole,0.0,False,0.0,False
wisdm,APS,34,480,0.2,whole,0.04166666666666663,False,0.37151248164464024,False
wisdm,APS,35,480,0.01,whole,0.04166666666666663,False,0.21358964090241622,False
wisdm,APS,35,480,0.05,whole,0.04166666666666663,False,0.11226805499933253,False
wisdm,APS,35,480,0.05,even_to_odd,0.04166666666666663,False,0.11481975967957277,False
wisdm,APS,35,480,0.1,whole,0.16666666666666663,False,0.21358964090241622,False
wisdm,APS,35,480,0.2,whole,0.16666666666666663,False,0.11226805499933253,False
wisdm,APS,36,480,0.01,whole,0.04166666666666663,False,0.28874649579495393,False
wisdm,APS,36,480,0.05,whole,0.125,False,0.45774929915899076,False
wisdm,APS,36,480,0.05,even_to_odd,0.125,False,0.45607476635514016,False
wisdm,APS,36,480,0.1,whole,0.125,False,0.4174342544386597,False
wisdm,APS,36,480,0.2,whole,0.125,False,0.4174342544386597,False
wisdm,APS,37,480,0.01,whole,0.0,False,0.0,False
wisdm,APS,37,480,0.05,whole,0.0,False,0.0,False
wisdm,APS,37,480,0.05,even_to_odd,0.0,False,0.0,False
wisdm,APS,37,480,0.1,whole,0.0,False,0.0,False
wisdm,APS,37,480,0.2,whole,0.0,False,0.0,False
wisdm,APS,38,480,0.01,whole,0.04166666666666663,False,0.3038312641836871,False
wisdm,APS,38,480,0.05,whole,0.04166666666666663,False,0.1696702709918569,False
wisdm,APS,38,480,0.05,even_to_odd,0.04166666666666663,False,0.1658210947930574,False
wisdm,APS,38,480,0.1,whole,0.08333333333333337,False,0.40435188893338675,False
wisdm,APS,38,480,0.2,whole,0.08333333333333337,False,0.3038312641836871,False
wisdm,APS,39,480,0.01,whole,0.0,False,0.0,False
wisdm,APS,39,480,0.05,whole,0.04166666666666663,False,0.1500467227339474,False
wisdm,APS,39,480,0.05,even_to_odd,0.04166666666666663,False,0.14339118825100133,False
wisdm,APS,39,480,0.1,whole,0.08333333333333337,False,0.1500467227339474,False
wisdm,APS,39,480,0.2,whole,0.29166666666666663,False,0.0,False
pamap2,LAC,0,360,0.01,whole,0.05555555555555558,False,0.4586108468125595,False
pamap2,LAC,0,360,0.05,whole,0.16666666666666663,False,0.483349191246432,False
pamap2,LAC,0,360,0.05,even_to_odd,0.16666666666666663,False,0.5142857142857142,True
pamap2,LAC,0,360,0.1,whole,0.16666666666666663,False,0.483349191246432,False
pamap2,LAC,0,360,0.2,whole,0.16666666666666663,False,0.4586108468125595,False
pamap2,LAC,1,360,0.01,whole,0.11111111111111116,False,0.2940057088487155,False
pamap2,LAC,1,360,0.05,whole,0.16666666666666663,False,0.2940057088487155,False
pamap2,LAC,1,360,0.05,even_to_odd,0.16666666666666663,False,0.3333333333333333,False
pamap2,LAC,1,360,0.1,whole,0.16666666666666663,False,0.18934348239771645,False
pamap2,LAC,1,360,0.2,whole,0.2222222222222222,False,0.2940057088487155,False
pamap2,LAC,2,360,0.01,whole,0.0,False,0.0,False
pamap2,LAC,2,360,0.05,whole,0.0,False,0.0,False
pamap2,LAC,2,360,0.05,even_to_odd,0.05555555555555558,False,0.5447619047619048,True
pamap2,LAC,2,360,0.1,whole,0.05555555555555558,False,0.42435775451950525,False
pamap2,LAC,2,360,0.2,whole,0.05555555555555558,False,0.42435775451950525,False
pamap2,LAC,3,360,0.01,whole,0.05555555555555558,False,0.47288296860133205,False
pamap2,LAC,3,360,0.05,whole,0.05555555555555558,False,0.34823977164605135,False
pamap2,LAC,3,360,0.05,even_to_odd,0.11111111111111116,False,0.5066666666666667,True
pamap2,LAC,3,360,0.1,whole,0.05555555555555558,False,0.3396764985727878,False
pamap2,LAC,3,360,0.2,whole,0.2777777777777778,False,0.47288296860133205,False
pamap2,LAC,4,360,0.01,whole,0.11111111111111116,False,0.23977164605137963,False
pamap2,LAC,4,360,0.05,whole,0.33333333333333337,False,0.142721217887726,False
pamap2,LAC,4,360,0.05,even_to_odd,0.38888888888888884,False,0.17142857142857143,False
pamap2,LAC,4,360,0.1,whole,0.33333333333333337,False,0.142721217887726,False
pamap2,LAC,4,360,0.2,whole,0.4444444444444444,False,0.037107516650808754,False
pamap2,LAC,5,360,0.01,whole,0.11111111111111116,False,0.1845861084681256,False
pamap2,LAC,5,360,0.05,whole,0.2222222222222222,False,0.29971455756422455,False
pamap2,LAC,5,360,0.05,even_to_odd,0.2222222222222222,False,0.3047619047619048,False
pamap2,LAC,5,360,0.1,whole,0.38888888888888884,False,0.29971455756422455,False
pamap2,LAC,5,360,0.2,whole,0.7777777777777778,False,0.29971455756422455,False
pamap2,LAC,6,360,0.01,whole,0.05555555555555558,False,0.17507136060894388,False
pamap2,LAC,6,360,0.05,whole,0.11111111111111116,False,0.35965746907706947,False
pamap2,LAC,6,360,0.05,even_to_odd,0.11111111111111116,False,0.3942857142857143,False
pamap2,LAC,6,360,0.1,whole,0.11111111111111116,False,0.22454804947668885,False
pamap2,LAC,6,360,0.2,whole,0.16666666666666663,False,0.35965746907706947,False
pamap2,LAC,7,360,0.01,whole,0.05555555555555558,False,0.38058991436726924,False
pamap2,LAC,7,360,0.05,whole,0.05555555555555558,False,0.22169362511893434,False
pamap2,LAC,7,360,0.05,even_to_odd,0.05555555555555558,False,0.20952380952380953,False
pamap2,LAC,7,360,0.1,whole,0.11111111111111116,False,0.05708848715509039,False
pamap2,LAC,7,360,0.2,whole,0.33333333333333337,False,0.030447193149381543,False
pamap2,LAC,8,360,0.01,whole,0.05555555555555558,False,0.21693625118934348,False
pamap2,LAC,8,360,0.05,whole,0.05555555555555558,False,0.14462416745956233,False
pamap2,LAC,8,360,0.05,even_to_odd,0.05555555555555558,False,0.15619047619047619,False
pamap2,LAC,8,360,0.1,whole,0.05555555555555558,False,0.037107516650808754,False
pamap2,LAC,8,360,0.2,whole,0.11111111111111116,False,0.14462416745956233,False
pamap2,LAC,9,360,0.01,whole,0.05555555555555558,False,0.2483349191246432,False
pamap2,LAC,9,360,0.05,whole,0.11111111111111116,False,0.16841103710751665,False
pamap2,LAC,9,360,0.05,even_to_odd,0.11111111111111116,False,0.19238095238095237,False
pamap2,LAC,9,360,0.1,whole,0.11111111111111116,False,0.0818268315889629,False
pamap2,LAC,9,360,0.2,whole,0.4444444444444444,True,-0.21027592768791628,False
pamap2,LAC,10,360,0.01,whole,0.0,False,0.0,False
pamap2,LAC,10,360,0.05,whole,0.0,False,0.0,False
pamap2,LAC,10,360,0.05,even_to_odd,0.0,False,0.0,False
pamap2,LAC,10,360,0.1,whole,0.0,False,0.0,False
pamap2,LAC,10,360,0.2,whole,0.0,False,0.0,False
pamap2,LAC,11,360,0.01,whole,0.0,False,0.0,False
pamap2,LAC,11,360,0.05,whole,0.0,False,0.0,False
pamap2,LAC,11,360,0.05,even_to_odd,0.0,False,0.0,False
pamap2,LAC,11,360,0.1,whole,0.05555555555555558,False,0.28353948620361563,False
pamap2,LAC,11,360,0.2,whole,0.05555555555555558,False,0.28353948620361563,False
pamap2,LAC,12,360,0.01,whole,0.0,False,0.0,False
pamap2,LAC,12,360,0.05,whole,0.05555555555555558,False,0.17507136060894388,False
pamap2,LAC,12,360,0.05,even_to_odd,0.05555555555555558,False,0.18476190476190477,False
pamap2,LAC,12,360,0.1,whole,0.11111111111111116,False,0.0532825880114177,False
pamap2,LAC,12,360,0.2,whole,0.11111111111111116,False,0.0532825880114177,False
pamap2,LAC,13,360,0.01,whole,0.0,False,0.0,False
pamap2,LAC,13,360,0.05,whole,0.0,False,0.0,False
pamap2,LAC,13,360,0.05,even_to_odd,0.0,False,0.0,False
pamap2,LAC,13,360,0.1,whole,0.05555555555555558,False,0.4652711703139867,False
pamap2,LAC,13,360,0.2,whole,0.5555555555555556,False,0.18363463368220742,False
pamap2,LAC,14,360,0.01,whole,0.0,False,0.0,False
pamap2,LAC,14,360,0.05,whole,0.0,False,0.0,False
pamap2,LAC,14,360,0.05,even_to_odd,0.0,False,0.0,False
pamap2,LAC,14,360,0.1,whole,0.0,False,0.0,False
pamap2,LAC,14,360,0.2,whole,0.0,False,0.0,False
pamap2,LAC,15,360,0.01,whole,0.16666666666666663,False,0.3396764985727878,False
pamap2,LAC,15,360,0.05,whole,0.2777777777777778,False,0.25118934348239774,False
pamap2,LAC,15,360,0.05,even_to_odd,0.2777777777777778,False,0.2876190476190476,False
pamap2,LAC,15,360,0.1,whole,0.33333333333333337,False,0.0818268315889629,False
pamap2,LAC,15,360,0.2,whole,0.5555555555555556,False,0.0,False
pamap2,LAC,16,360,0.01,whole,0.05555555555555558,False,0.17507136060894388,False
pamap2,LAC,16,360,0.05,whole,0.11111111111111116,False,0.17507136060894388,False
pamap2,LAC,16,360,0.05,even_to_odd,0.11111111111111116,False,0.19238095238095237,False
pamap2,LAC,16,360,0.1,whole,0.16666666666666663,False,0.15889628924833493,False
pamap2,LAC,16,360,0.2,whole,0.16666666666666663,False,0.048525214081826834,False
pamap2,LAC,17,360,0.01,whole,0.11111111111111116,False,0.1455756422454805,False
pamap2,LAC,17,360,0.05,whole,0.16666666666666663,False,0.1455756422454805,False
pamap2,LAC,17,360,0.05,even_to_odd,0.16666666666666663,False,0.15428571428571428,False
pamap2,LAC,17,360,0.1,whole,0.2222222222222222,False,0.1455756422454805,False
pamap2,LAC,17,360,0.2,whole,0.33333333333333337,False,0.023786869647954328,False
pamap2,LAC,18,360,0.01,whole,0.16666666666666663,False,0.18363463368220742,False
pamap2,LAC,18,360,0.05,whole,0.2222222222222222,False,0.14081826831588962,False
pamap2,LAC,18,360,0.05,even_to_odd,0.2222222222222222,False,0.16952380952380952,False
pamap2,LAC,18,360,0.1,whole,0.2777777777777778,False,0.22930542340627974,False
pamap2,LAC,18,360,0.2,whole,0.33333333333333337,False,0.19790675547098002,False
pamap2,LAC,19,360,0.01,whole,0.05555555555555558,False,0.3235014272121789,False
pamap2,LAC,19,360,0.05,whole,0.11111111111111116,False,0.33111322549952427,False
pamap2,LAC,19,360,0.05,even_to_odd,0.11111111111111116,False,0.3314285714285714,False
pamap2,LAC,19,360,0.1,whole,0.11111111111111116,False,0.3235014272121789,False
pamap2,LAC,19,360,0.2,whole,0.16666666666666663,False,0.3235014272121789,False
pamap2,LAC,20,360,0.01,whole,0.05555555555555558,False,0.3368220742150333,False
pamap2,LAC,20,360,0.05,whole,0.05555555555555558,False,0.20456707897240722,False
pamap2,LAC,20,360,0.05,even_to_odd,0.05555555555555558,False,0.22666666666666666,False
pamap2,LAC,20,360,0.1,whole,0.05555555555555558,False,0.20456707897240722,False
pamap2,LAC,20,360,0.2,whole,0.05555555555555558,False,0.20456707897240722,False
pamap2,LAC,21,360,0.01,whole,0.11111111111111116,False,0.20266412940057088,False
pamap2,LAC,21,360,0.05,whole,0.11111111111111116,False,0.19410085632730734,False
pamap2,LAC,21,360,0.05,even_to_odd,0.16666666666666663,False,0.29523809523809524,False
pamap2,LAC,21,360,0.1,whole,0.16666666666666663,False,0.20266412940057088,False
pamap2,LAC,21,360,0.2,whole,0.2777777777777778,False,0.20266412940057088,False
pamap2,LAC,22,360,0.01,whole,0.2222222222222222,False,0.38058991436726924,False
pamap2,LAC,22,360,0.05,whole,0.33333333333333337,False,0.38058991436726924,False
pamap2,LAC,22,360,0.05,even_to_odd,0.33333333333333337,False,0.41333333333333333,False
pamap2,LAC,22,360,0.1,whole,0.33333333333333337,False,0.3139866793529971,False
pamap2,LAC,22,360,0.2,whole,0.38888888888888884,False,0.38058991436726924,False
pamap2,LAC,23,360,0.01,whole,0.11111111111111116,False,0.33111322549952427,False
pamap2,LAC,23,360,0.05,whole,0.2222222222222222,False,0.1807802093244529,False
pamap2,LAC,23,360,0.05,even_to_odd,0.2222222222222222,False,0.2038095238095238,False
pamap2,LAC,23,360,0.1,whole,0.5,False,0.1807802093244529,False
pamap2,LAC,23,360,0.2,whole,0.5555555555555556,False,0.10466222645099905,False
pamap2,LAC,24,360,0.01,whole,0.0,False,0.0,False
pamap2,LAC,24,360,0.05,whole,0.0,False,0.0,False
pamap2,LAC,24,360,0.05,even_to_odd,0.0,False,0.0,False
pamap2,LAC,24,360,0.1,whole,0.05555555555555558,False,0.35965746907706947,False
pamap2,LAC,24,360,0.2,whole,0.16666666666666663,False,0.35965746907706947,False
pamap2,LAC,25,360,0.01,whole,0.05555555555555558,False,0.3748810656517602,False
pamap2,LAC,25,360,0.05,whole,0.05555555555555558,False,0.3292102759276879,False
pamap2,LAC,25,360,0.05,even_to_odd,0.05555555555555558,False,0.3580952380952381,False
pamap2,LAC,25,360,0.1,whole,0.05555555555555558,False,0.3168411037107517,False
pamap2,LAC,25,360,0.2,whole,0.05555555555555558,False,0.3168411037107517,False
pamap2,LAC,26,360,0.01,whole,0.2777777777777778,False,0.12654614652711704,False
pamap2,LAC,26,360,0.05,whole,0.33333333333333337,False,0.06279733587059944,False
pamap2,LAC,26,360,0.05,even_to_odd,0.33333333333333337,False,0.06857142857142857,False
pamap2,LAC,26,360,0.1,whole,0.33333333333333337,False,0.06279733587059944,False
pamap2,LAC,26,360,0.2,whole,0.38888888888888884,False,0.0,False
pamap2,LAC,27,360,0.01,whole,0.11111111111111116,False,0.34823977164605135,False
pamap2,LAC,27,360,0.05,whole,0.2777777777777778,False,0.0,False
pamap2,LAC,27,360,0.05,even_to_odd,0.2777777777777778,False,0.0,False
pamap2,LAC,27,360,0.1,whole,0.33333333333333337,True,-0.029495718363463368,False
pamap2,LAC,27,360,0.2,whole,0.38888888888888884,True,-0.048525214081826834,False
pamap2,LAC,28,360,0.01,whole,0.0,False,0.0,False
pamap2,LAC,28,360,0.05,whole,0.0,False,0.0,False
pamap2,LAC,28,360,0.05,even_to_odd,0.0,False,0.0,False
pamap2,LAC,28,360,0.1,whole,0.05555555555555558,False,0.18173168411037108,False
pamap2,LAC,28,360,0.2,whole,0.05555555555555558,False,0.18173168411037108,False
pamap2,LAC,29,360,0.01,whole,0.05555555555555558,False,0.2521408182683159,False
pamap2,LAC,29,360,0.05,whole,0.05555555555555558,False,0.15318744053282587,False
pamap2,LAC,29,360,0.05,even_to_odd,0.05555555555555558,False,0.16,False
pamap2,LAC,29,360,0.1,whole,0.11111111111111116,False,0.15318744053282587,False
pamap2,LAC,29,360,0.2,whole,0.16666666666666663,False,0.15318744053282587,False
pamap2,LAC,30,360,0.01,whole,0.16666666666666663,False,0.368220742150333,False
pamap2,LAC,30,360,0.05,whole,0.16666666666666663,False,0.3339676498572788,False
pamap2,LAC,30,360,0.05,even_to_odd,0.16666666666666663,False,0.37333333333333335,False
pamap2,LAC,30,360,0.1,whole,0.33333333333333337,False,0.2093244529019981,False
pamap2,LAC,30,360,0.2,whole,0.5,False,0.43101807802093245,False
pamap2,LAC,31,360,0.01,whole,0.11111111111111116,False,0.263558515699334,False
pamap2,LAC,31,360,0.05,whole,0.2222222222222222,False,0.263558515699334,False
pamap2,LAC,31,360,0.05,even_to_odd,0.2222222222222222,False,0.26285714285714284,False
pamap2,LAC,31,360,0.1,whole,0.2777777777777778,False,0.263558515699334,False
pamap2,LAC,31,360,0.2,whole,0.2777777777777778,False,0.21503330161750714,False
pamap2,LAC,32,360,0.01,whole,0.0,False,0.0,False
pamap2,LAC,32,360,0.05,whole,0.05555555555555558,False,0.3292102759276879,False
pamap2,LAC,32,360,0.05,even_to_odd,0.05555555555555558,False,0.36,False
pamap2,LAC,32,360,0.1,whole,0.05555555555555558,False,0.3139866793529971,False
pamap2,LAC,32,360,0.2,whole,0.05555555555555558,False,0.3139866793529971,False
pamap2,LAC,33,360,0.01,whole,0.0,False,0.0,False
pamap2,LAC,33,360,0.05,whole,0.05555555555555558,False,0.19314938154138916,False
pamap2,LAC,33,360,0.05,even_to_odd,0.05555555555555558,False,0.18857142857142858,False
pamap2,LAC,33,360,0.1,whole,0.05555555555555558,False,0.18553758325404376,False
pamap2,LAC,33,360,0.2,whole,0.05555555555555558,False,0.18553758325404376,False
pamap2,LAC,34,360,0.01,whole,0.0,False,0.0,False
pamap2,LAC,34,360,0.05,whole,0.0,False,0.0,False
pamap2,LAC,34,360,0.05,even_to_odd,0.0,False,0.0,False
pamap2,LAC,34,360,0.1,whole,0.11111111111111116,False,0.20361560418648905,False
pamap2,LAC,34,360,0.2,whole,0.11111111111111116,False,0.20361560418648905,False
pamap2,LAC,35,360,0.01,whole,0.05555555555555558,False,0.2626070409134158,False
pamap2,LAC,35,360,0.05,whole,0.16666666666666663,False,0.16270218839200762,False
pamap2,LAC,35,360,0.05,even_to_odd,0.16666666666666663,False,0.17333333333333334,False
pamap2,LAC,35,360,0.1,whole,0.16666666666666663,False,0.11322549952426261,False
pamap2,LAC,35,360,0.2,whole,0.16666666666666663,False,0.08372978116079924,False
pamap2,LAC,36,360,0.01,whole,0.16666666666666663,False,0.16270218839200762,False
pamap2,LAC,36,360,0.05,whole,0.2222222222222222,False,0.16270218839200762,False
pamap2,LAC,36,360,0.05,even_to_odd,0.2222222222222222,False,0.17904761904761904,False
pamap2,LAC,36,360,0.1,whole,0.2222222222222222,False,0.16270218839200762,False
pamap2,LAC,36,360,0.2,whole,0.2777777777777778,False,0.16270218839200762,False
pamap2,LAC,37,360,0.01,whole,0.05555555555555558,False,0.3006660323501427,False
pamap2,LAC,37,360,0.05,whole,0.05555555555555558,False,0.269267364414843,False
pamap2,LAC,37,360,0.05,even_to_odd,0.05555555555555558,False,0.2838095238095238,False
pamap2,LAC,37,360,0.1,whole,0.05555555555555558,False,0.24643196955280686,False
pamap2,LAC,37,360,0.2,whole,0.16666666666666663,False,0.06945765937202664,False
pamap2,LAC,38,360,0.01,whole,0.11111111111111116,False,0.29590865842055186,False
pamap2,LAC,38,360,0.05,whole,0.11111111111111116,False,0.26736441484300666,False
pamap2,LAC,38,360,0.05,even_to_odd,0.11111111111111116,False,0.2571428571428571,False
pamap2,LAC,38,360,0.1,whole,0.16666666666666663,False,0.29590865842055186,False
pamap2,LAC,38,360,0.2,whole,0.16666666666666663,False,0.26736441484300666,False
pamap2,LAC,39,360,0.01,whole,0.0,False,0.0,False
pamap2,LAC,39,360,0.05,whole,0.05555555555555558,False,0.2559467174119886,False
pamap2,LAC,39,360,0.05,even_to_odd,0.05555555555555558,False,0.2914285714285714,False
pamap2,LAC,39,360,0.1,whole,0.05555555555555558,False,0.2521408182683159,False
pamap2,LAC,39,360,0.2,whole,0.05555555555555558,False,0.2521408182683159,False
pamap2,APS,0,360,0.01,whole,0.0,False,0.0,False
pamap2,APS,0,360,0.05,whole,0.0,False,0.0,False
pamap2,APS,0,360,0.05,even_to_odd,0.0,False,0.0,False
pamap2,APS,0,360,0.1,whole,0.05555555555555558,False,0.3720266412940057,False
pamap2,APS,0,360,0.2,whole,0.05555555555555558,False,0.3720266412940057,False
pamap2,APS,1,360,0.01,whole,0.0,False,0.0,False
pamap2,APS,1,360,0.05,whole,0.0,False,0.0,False
pamap2,APS,1,360,0.05,even_to_odd,0.0,False,0.0,False
pamap2,APS,1,360,0.1,whole,0.0,False,0.0,False
pamap2,APS,1,360,0.2,whole,0.0,False,0.0,False
pamap2,APS,2,360,0.01,whole,0.0,False,0.0,False
pamap2,APS,2,360,0.05,whole,0.0,False,0.0,False
pamap2,APS,2,360,0.05,even_to_odd,0.0,False,0.0,False
pamap2,APS,2,360,0.1,whole,0.05555555555555558,False,0.4605137963843958,False
pamap2,APS,2,360,0.2,whole,0.11111111111111116,False,0.49762131303520457,False
pamap2,APS,3,360,0.01,whole,0.0,False,0.0,False
pamap2,APS,3,360,0.05,whole,0.0,False,0.0,False
pamap2,APS,3,360,0.05,even_to_odd,0.0,False,0.0,False
pamap2,APS,3,360,0.1,whole,0.0,False,0.0,False
pamap2,APS,3,360,0.2,whole,0.0,False,0.0,False
pamap2,APS,4,360,0.01,whole,0.0,False,0.0,False
pamap2,APS,4,360,0.05,whole,0.0,False,0.0,False
pamap2,APS,4,360,0.05,even_to_odd,0.0,False,0.0,False
pamap2,APS,4,360,0.1,whole,0.0,False,0.0,False
pamap2,APS,4,360,0.2,whole,0.0,False,0.0,False
pamap2,APS,5,360,0.01,whole,0.0,False,0.0,False
pamap2,APS,5,360,0.05,whole,0.0,False,0.0,False
pamap2,APS,5,360,0.05,even_to_odd,0.0,False,0.0,False
pamap2,APS,5,360,0.1,whole,0.05555555555555558,False,0.34538534728829684,False
pamap2,APS,5,360,0.2,whole,0.11111111111111116,False,0.22169362511893434,False
pamap2,APS,6,360,0.01,whole,0.0,False,0.0,False
pamap2,APS,6,360,0.05,whole,0.0,False,0.0,False
pamap2,APS,6,360,0.05,even_to_odd,0.0,False,0.0,False
pamap2,APS,6,360,0.1,whole,0.0,False,0.0,False
pamap2,APS,6,360,0.2,whole,0.0,False,0.0,False
pamap2,APS,7,360,0.01,whole,0.05555555555555558,False,0.07326355851569934,False
pamap2,APS,7,360,0.05,whole,0.05555555555555558,False,0.0,False
pamap2,APS,7,360,0.05,even_to_odd,0.05555555555555558,False,0.0,False
pamap2,APS,7,360,0.1,whole,0.11111111111111116,True,-0.049476688867745006,False
pamap2,APS,7,360,0.2,whole,0.16666666666666663,False,0.0,False
pamap2,APS,8,360,0.01,whole,0.05555555555555558,False,0.1522359657469077,False
pamap2,APS,8,360,0.05,whole,0.05555555555555558,False,0.10941960038058991,False
pamap2,APS,8,360,0.05,even_to_odd,0.05555555555555558,False,0.09714285714285714,False
pamap2,APS,8,360,0.1,whole,0.05555555555555558,False,0.0,False
pamap2,APS,8,360,0.2,whole,0.11111111111111116,False,0.0,False
pamap2,APS,9,360,0.01,whole,0.05555555555555558,False,0.1170313986679353,False
pamap2,APS,9,360,0.05,whole,0.05555555555555558,False,0.056137012369172214,False
pamap2,APS,9,360,0.05,even_to_odd,0.05555555555555558,False,0.05523809523809524,False
pamap2,APS,9,360,0.1,whole,0.05555555555555558,False,0.05233111322549953,False
pamap2,APS,9,360,0.2,whole,0.05555555555555558,False,0.05233111322549953,False
pamap2,APS,10,360,0.01,whole,0.0,False,0.0,False
pamap2,APS,10,360,0.05,whole,0.0,False,0.0,False
pamap2,APS,10,360,0.05,even_to_odd,0.0,False,0.0,False
pamap2,APS,10,360,0.1,whole,0.0,False,0.0,False
pamap2,APS,10,360,0.2,whole,0.0,False,0.0,False
pamap2,APS,11,360,0.01,whole,0.0,False,0.0,False
pamap2,APS,11,360,0.05,whole,0.0,False,0.0,False
pamap2,APS,11,360,0.05,even_to_odd,0.0,False,0.0,False
pamap2,APS,11,360,0.1,whole,0.0,False,0.0,False
pamap2,APS,11,360,0.2,whole,0.05555555555555558,False,0.0,False
pamap2,APS,12,360,0.01,whole,0.0,False,0.0,False
pamap2,APS,12,360,0.05,whole,0.05555555555555558,False,0.08943862987630828,False
pamap2,APS,12,360,0.05,even_to_odd,0.05555555555555558,False,0.08571428571428572,False
pamap2,APS,12,360,0.1,whole,0.05555555555555558,False,0.02759276879162702,False
pamap2,APS,12,360,0.2,whole,0.16666666666666663,False,0.08943862987630828,False
pamap2,APS,13,360,0.01,whole,0.0,False,0.0,False
pamap2,APS,13,360,0.05,whole,0.0,False,0.0,False
pamap2,APS,13,360,0.05,even_to_odd,0.0,False,0.0,False
pamap2,APS,13,360,0.1,whole,0.0,False,0.0,False
pamap2,APS,13,360,0.2,whole,0.0,False,0.0,False
pamap2,APS,14,360,0.01,whole,0.05555555555555558,False,0.3786869647954329,False
pamap2,APS,14,360,0.05,whole,0.05555555555555558,False,0.21788772597526165,False
pamap2,APS,14,360,0.05,even_to_odd,0.05555555555555558,False,0.1980952380952381,False
pamap2,APS,14,360,0.1,whole,0.05555555555555558,False,0.16841103710751665,False
pamap2,APS,14,360,0.2,whole,0.11111111111111116,False,0.16841103710751665,False
pamap2,APS,15,360,0.01,whole,0.11111111111111116,False,0.0,False
pamap2,APS,15,360,0.05,whole,0.11111111111111116,True,-0.029495718363463368,False
pamap2,APS,15,360,0.05,even_to_odd,0.11111111111111116,True,-0.02857142857142857,False
pamap2,APS,15,360,0.1,whole,0.2777777777777778,True,-0.8763082778306375,False
pamap2,APS,15,360,0.2,whole,0.33333333333333337,True,-1.066603235014272,False
pamap2,APS,16,360,0.01,whole,0.11111111111111116,False,0.3882017126546147,False
pamap2,APS,16,360,0.05,whole,0.11111111111111116,False,0.2521408182683159,False
pamap2,APS,16,360,0.05,even_to_odd,0.11111111111111116,False,0.22095238095238096,False
pamap2,APS,16,360,0.1,whole,0.16666666666666663,False,0.2521408182683159,False
pamap2,APS,16,360,0.2,whole,0.4444444444444444,False,0.5432921027592769,True
pamap2,APS,17,360,0.01,whole,0.0,False,0.0,False
pamap2,APS,17,360,0.05,whole,0.0,False,0.0,False
pamap2,APS,17,360,0.05,even_to_odd,0.0,False,0.0,False
pamap2,APS,17,360,0.1,whole,0.2777777777777778,True,-0.4862036156041865,False
pamap2,APS,17,360,0.2,whole,0.5,True,-1.510941960038059,False
pamap2,APS,18,360,0.01,whole,0.11111111111111116,False,0.39295908658420553,False
pamap2,APS,18,360,0.05,whole,0.2222222222222222,False,0.39295908658420553,False
pamap2,APS,18,360,0.05,even_to_odd,0.2222222222222222,False,0.38285714285714284,False
pamap2,APS,18,360,0.1,whole,0.2777777777777778,False,0.39295908658420553,False
pamap2,APS,18,360,0.2,whole,0.33333333333333337,False,0.39295908658420553,False
pamap2,APS,19,360,0.01,whole,0.0,False,0.0,False
pamap2,APS,19,360,0.05,whole,0.0,False,0.0,False
pamap2,APS,19,360,0.05,even_to_odd,0.0,False,0.0,False
pamap2,APS,19,360,0.1,whole,0.05555555555555558,False,0.07897240723120837,False
pamap2,APS,19,360,0.2,whole,0.05555555555555558,False,0.07897240723120837,False
pamap2,APS,20,360,0.01,whole,0.11111111111111116,False,0.21408182683158897,False
pamap2,APS,20,360,0.05,whole,0.11111111111111116,False,0.13606089438629876,False
pamap2,APS,20,360,0.05,even_to_odd,0.11111111111111116,False,0.14095238095238094,False
pamap2,APS,20,360,0.1,whole,0.16666666666666663,False,0.2559467174119886,False
pamap2,APS,20,360,0.2,whole,0.33333333333333337,False,0.43387250237868696,False
pamap2,APS,21,360,0.01,whole,0.05555555555555558,False,0.21788772597526165,False
pamap2,APS,21,360,0.05,whole,0.05555555555555558,False,0.1950523311132255,False
pamap2,APS,21,360,0.05,even_to_odd,0.05555555555555558,False,0.2,False
pamap2,APS,21,360,0.1,whole,0.11111111111111116,False,0.029495718363463368,False
pamap2,APS,21,360,0.2,whole,0.11111111111111116,False,0.029495718363463368,False
pamap2,APS,22,360,0.01,whole,0.05555555555555558,False,0.09800190294957184,False
pamap2,APS,22,360,0.05,whole,0.05555555555555558,False,0.08848715509039011,False
pamap2,APS,22,360,0.05,even_to_odd,0.05555555555555558,False,0.08571428571428572,False
pamap2,APS,22,360,0.1,whole,0.05555555555555558,False,0.0,False
pamap2,APS,22,360,0.2,whole,0.05555555555555558,False,0.0,False
pamap2,APS,23,360,0.01,whole,0.0,False,0.0,False
pamap2,APS,23,360,0.05,whole,0.0,False,0.0,False
pamap2,APS,23,360,0.05,even_to_odd,0.0,False,0.0,False
pamap2,APS,23,360,0.1,whole,0.0,False,0.0,False
pamap2,APS,23,360,0.2,whole,0.05555555555555558,False,0.21408182683158897,False
pamap2,APS,24,360,0.01,whole,0.0,False,0.0,False
pamap2,APS,24,360,0.05,whole,0.0,False,0.0,False
pamap2,APS,24,360,0.05,even_to_odd,0.0,False,0.0,False
pamap2,APS,24,360,0.1,whole,0.05555555555555558,False,0.4319695528068506,False
pamap2,APS,24,360,0.2,whole,0.05555555555555558,False,0.4319695528068506,False
pamap2,APS,25,360,0.01,whole,0.0,False,0.0,False
pamap2,APS,25,360,0.05,whole,0.0,False,0.0,False
pamap2,APS,25,360,0.05,even_to_odd,0.0,False,0.0,False
pamap2,APS,25,360,0.1,whole,0.0,False,0.0,False
pamap2,APS,25,360,0.2,whole,0.0,False,0.0,False
pamap2,APS,26,360,0.01,whole,0.0,False,0.0,False
pamap2,APS,26,360,0.05,whole,0.0,False,0.0,False
pamap2,APS,26,360,0.05,even_to_odd,0.0,False,0.0,False
pamap2,APS,26,360,0.1,whole,0.0,False,0.0,False
pamap2,APS,26,360,0.2,whole,0.2777777777777778,True,-0.5642245480494766,False
pamap2,APS,27,360,0.01,whole,0.11111111111111116,False,0.27402473834443386,False
pamap2,APS,27,360,0.05,whole,0.16666666666666663,False,0.39866793529971456,False
pamap2,APS,27,360,0.05,even_to_odd,0.16666666666666663,False,0.37523809523809526,False
pamap2,APS,27,360,0.1,whole,0.16666666666666663,False,0.27402473834443386,False
pamap2,APS,27,360,0.2,whole,0.2222222222222222,False,0.4357754519505233,False
pamap2,APS,28,360,0.01,whole,0.0,False,0.0,False
pamap2,APS,28,360,0.05,whole,0.0,False,0.0,False
pamap2,APS,28,360,0.05,even_to_odd,0.0,False,0.0,False
pamap2,APS,28,360,0.1,whole,0.0,False,0.0,False
pamap2,APS,28,360,0.2,whole,0.0,False,0.0,False
pamap2,APS,29,360,0.01,whole,0.0,False,0.0,False
pamap2,APS,29,360,0.05,whole,0.0,False,0.0,False
pamap2,APS,29,360,0.05,even_to_odd,0.0,False,0.0,False
pamap2,APS,29,360,0.1,whole,0.05555555555555558,False,0.03425309229305423,False
pamap2,APS,29,360,0.2,whole,0.05555555555555558,False,0.03425309229305423,False
pamap2,APS,30,360,0.01,whole,0.0,False,0.0,False
pamap2,APS,30,360,0.05,whole,0.0,False,0.0,False
pamap2,APS,30,360,0.05,even_to_odd,0.0,False,0.0,False
pamap2,APS,30,360,0.1,whole,0.05555555555555558,False,0.33491912464319695,False
pamap2,APS,30,360,0.2,whole,0.05555555555555558,False,0.1988582302568982,False
pamap2,APS,31,360,0.01,whole,0.0,False,0.0,False
pamap2,APS,31,360,0.05,whole,0.0,False,0.0,False
pamap2,APS,31,360,0.05,even_to_odd,0.0,False,0.0,False
pamap2,APS,31,360,0.1,whole,0.0,False,0.0,False
pamap2,APS,31,360,0.2,whole,0.0,False,0.0,False
pamap2,APS,32,360,0.01,whole,0.0,False,0.0,False
pamap2,APS,32,360,0.05,whole,0.05555555555555558,False,0.49571836346336823,False
pamap2,APS,32,360,0.05,even_to_odd,0.05555555555555558,False,0.49714285714285716,False
pamap2,APS,32,360,0.1,whole,0.05555555555555558,False,0.4329210275927688,False
pamap2,APS,32,360,0.2,whole,0.05555555555555558,False,0.4329210275927688,False
pamap2,APS,33,360,0.01,whole,0.0,False,0.0,False
pamap2,APS,33,360,0.05,whole,0.0,False,0.0,False
pamap2,APS,33,360,0.05,even_to_odd,0.0,False,0.0,False
pamap2,APS,33,360,0.1,whole,0.0,False,0.0,False
pamap2,APS,33,360,0.2,whole,0.0,False,0.0,False
pamap2,APS,34,360,0.01,whole,0.0,False,0.0,False
pamap2,APS,34,360,0.05,whole,0.0,False,0.0,False
pamap2,APS,34,360,0.05,even_to_odd,0.0,False,0.0,False
pamap2,APS,34,360,0.1,whole,0.05555555555555558,False,0.4034253092293054,False
pamap2,APS,34,360,0.2,whole,0.05555555555555558,False,0.2721217887725975,False
pamap2,APS,35,360,0.01,whole,0.0,False,0.0,False
pamap2,APS,35,360,0.05,whole,0.05555555555555558,False,0.467174119885823,False
pamap2,APS,35,360,0.05,even_to_odd,0.05555555555555558,False,0.48,False
pamap2,APS,35,360,0.1,whole,0.05555555555555558,False,0.41769743101807805,False
pamap2,APS,35,360,0.2,whole,0.05555555555555558,False,0.41769743101807805,False
pamap2,APS,36,360,0.01,whole,0.0,False,0.0,False
pamap2,APS,36,360,0.05,whole,0.0,False,0.0,False
pamap2,APS,36,360,0.05,even_to_odd,0.0,False,0.0,False
pamap2,APS,36,360,0.1,whole,0.0,False,0.0,False
pamap2,APS,36,360,0.2,whole,0.0,False,0.0,False
pamap2,APS,37,360,0.01,whole,0.0,False,0.0,False
pamap2,APS,37,360,0.05,whole,0.0,False,0.0,False
pamap2,APS,37,360,0.05,even_to_odd,0.0,False,0.0,False
pamap2,APS,37,360,0.1,whole,0.11111111111111116,False,0.05708848715509039,False
pamap2,APS,37,360,0.2,whole,0.33333333333333337,True,-0.3292102759276879,False
pamap2,APS,38,360,0.01,whole,0.0,False,0.0,False
pamap2,APS,38,360,0.05,whole,0.05555555555555558,False,0.192197906755471,False
pamap2,APS,38,360,0.05,even_to_odd,0.05555555555555558,False,0.1980952380952381,False
pamap2,APS,38,360,0.1,whole,0.05555555555555558,False,0.12940057088487156,False
pamap2,APS,38,360,0.2,whole,0.2222222222222222,False,0.192197906755471,False
pamap2,APS,39,360,0.01,whole,0.0,False,0.0,False
pamap2,APS,39,360,0.05,whole,0.05555555555555558,False,0.35394862036156044,False
pamap2,APS,39,360,0.05,even_to_odd,0.05555555555555558,False,0.34476190476190477,False
pamap2,APS,39,360,0.1,whole,0.05555555555555558,False,0.3054234062797336,False
pamap2,APS,39,360,0.2,whole,0.16666666666666663,True,-0.05518553758325404,False
realdisp,LAC,0,480,0.01,whole,0.33333333333333337,False,0.2608695652173913,False
realdisp,LAC,0,480,0.05,whole,0.45833333333333337,False,0.2608695652173913,False
realdisp,LAC,0,480,0.05,even_to_odd,0.45833333333333337,False,0.25217391304347825,False
realdisp,LAC,0,480,0.1,whole,0.45833333333333337,False,0.2608695652173913,False
realdisp,LAC,0,480,0.2,whole,0.5416666666666667,False,0.1782608695652174,False
realdisp,LAC,1,480,0.01,whole,0.375,False,0.3217391304347826,False
realdisp,LAC,1,480,0.05,whole,0.45833333333333337,False,0.36086956521739133,False
realdisp,LAC,1,480,0.05,even_to_odd,0.45833333333333337,False,0.34782608695652173,False
realdisp,LAC,1,480,0.1,whole,0.45833333333333337,False,0.36086956521739133,False
realdisp,LAC,1,480,0.2,whole,0.45833333333333337,False,0.34347826086956523,False
realdisp,LAC,2,480,0.01,whole,0.16666666666666663,False,0.26956521739130435,False
realdisp,LAC,2,480,0.05,whole,0.25,False,0.26956521739130435,False
realdisp,LAC,2,480,0.05,even_to_odd,0.25,False,0.26521739130434785,False
realdisp,LAC,2,480,0.1,whole,0.29166666666666663,False,0.26956521739130435,False
realdisp,LAC,2,480,0.2,whole,0.45833333333333337,False,0.41956521739130437,False
realdisp,LAC,3,480,0.01,whole,0.45833333333333337,False,0.08695652173913043,False
realdisp,LAC,3,480,0.05,whole,0.5416666666666667,False,0.08695652173913043,False
realdisp,LAC,3,480,0.05,even_to_odd,0.5416666666666667,False,0.08695652173913043,False
realdisp,LAC,3,480,0.1,whole,0.5833333333333333,False,0.21739130434782608,False
realdisp,LAC,3,480,0.2,whole,0.625,False,0.21739130434782608,False
realdisp,LAC,4,480,0.01,whole,0.625,False,0.29782608695652174,False
realdisp,LAC,4,480,0.05,whole,0.7083333333333333,False,0.2826086956521739,False
realdisp,LAC,4,480,0.05,even_to_odd,0.7083333333333333,False,0.2826086956521739,False
realdisp,LAC,4,480,0.1,whole,0.75,False,0.09782608695652174,False
realdisp,LAC,4,480,0.2,whole,0.7916666666666666,False,0.09782608695652174,False
realdisp,LAC,5,480,0.01,whole,0.45833333333333337,False,0.21521739130434783,False
realdisp,LAC,5,480,0.05,whole,0.5416666666666667,False,0.17173913043478262,False
realdisp,LAC,5,480,0.05,even_to_odd,0.5416666666666667,False,0.1565217391304348,False
realdisp,LAC,5,480,0.1,whole,0.5833333333333333,False,0.17173913043478262,False
realdisp,LAC,5,480,0.2,whole,0.625,False,0.17173913043478262,False
realdisp,LAC,6,480,0.01,whole,0.5,False,0.2673913043478261,False
realdisp,LAC,6,480,0.05,whole,0.5833333333333333,False,0.2673913043478261,False
realdisp,LAC,6,480,0.05,even_to_odd,0.5833333333333333,False,0.2565217391304348,False
realdisp,LAC,6,480,0.1,whole,0.625,False,0.35434782608695653,False
realdisp,LAC,6,480,0.2,whole,0.6666666666666667,False,0.35434782608695653,False
realdisp,LAC,7,480,0.01,whole,0.41666666666666663,False,0.0,False
realdisp,LAC,7,480,0.05,whole,0.5,False,0.004347826086956522,False
realdisp,LAC,7,480,0.05,even_to_odd,0.5,False,0.0,False
realdisp,LAC,7,480,0.1,whole,0.5,False,0.004347826086956522,False
realdisp,LAC,7,480,0.2,whole,0.5,False,0.0,False
realdisp,LAC,8,480,0.01,whole,0.25,False,0.48478260869565215,False
realdisp,LAC,8,480,0.05,whole,0.29166666666666663,False,0.48478260869565215,False
realdisp,LAC,8,480,0.05,even_to_odd,0.29166666666666663,False,0.4956521739130435,False
realdisp,LAC,8,480,0.1,whole,0.33333333333333337,False,0.48478260869565215,False
realdisp,LAC,8,480,0.2,whole,0.33333333333333337,False,0.48478260869565215,False
realdisp,LAC,9,480,0.01,whole,0.20833333333333337,False,0.43043478260869567,False
realdisp,LAC,9,480,0.05,whole,0.29166666666666663,False,0.43043478260869567,False
realdisp,LAC,9,480,0.05,even_to_odd,0.29166666666666663,False,0.43478260869565216,False
realdisp,LAC,9,480,0.1,whole,0.29166666666666663,False,0.3239130434782609,False
realdisp,LAC,9,480,0.2,whole,0.33333333333333337,False,0.4543478260869565,False
realdisp,LAC,10,480,0.01,whole,0.20833333333333337,False,0.2891304347826087,False
realdisp,LAC,10,480,0.05,whole,0.33333333333333337,False,0.2891304347826087,False
realdisp,LAC,10,480,0.05,even_to_odd,0.33333333333333337,False,0.28695652173913044,False
realdisp,LAC,10,480,0.1,whole,0.33333333333333337,False,0.2608695652173913,False
realdisp,LAC,10,480,0.2,whole,0.45833333333333337,False,0.2891304347826087,False
realdisp,LAC,11,480,0.01,whole,0.41666666666666663,False,0.1282608695652174,False
realdisp,LAC,11,480,0.05,whole,0.5,False,0.15,False
realdisp,LAC,11,480,0.05,even_to_odd,0.5416666666666667,False,0.14782608695652175,False
realdisp,LAC,11,480,0.1,whole,0.5,False,0.15,False
realdisp,LAC,11,480,0.2,whole,0.5416666666666667,False,0.15,False
realdisp,LAC,12,480,0.01,whole,0.25,False,0.2956521739130435,False
realdisp,LAC,12,480,0.05,whole,0.375,False,0.3065217391304348,False
realdisp,LAC,12,480,0.05,even_to_odd,0.375,False,0.3173913043478261,False
realdisp,LAC,12,480,0.1,whole,0.45833333333333337,False,0.3065217391304348,False
realdisp,LAC,12,480,0.2,whole,0.5,False,0.3804347826086957,False
realdisp,LAC,13,480,0.01,whole,0.25,False,0.2673913043478261,False
realdisp,LAC,13,480,0.05,whole,0.33333333333333337,False,0.2673913043478261,False
realdisp,LAC,13,480,0.05,even_to_odd,0.33333333333333337,False,0.2608695652173913,False
realdisp,LAC,13,480,0.1,whole,0.33333333333333337,False,0.13260869565217392,False
realdisp,LAC,13,480,0.2,whole,0.33333333333333337,False,0.13260869565217392,False
realdisp,LAC,14,480,0.01,whole,0.45833333333333337,False,0.2956521739130435,False
realdisp,LAC,14,480,0.05,whole,0.625,False,0.2956521739130435,False
realdisp,LAC,14,480,0.05,even_to_odd,0.625,False,0.3,False
realdisp,LAC,14,480,0.1,whole,0.625,False,0.2956521739130435,False
realdisp,LAC,14,480,0.2,whole,0.6666666666666667,False,0.2956521739130435,False
realdisp,LAC,15,480,0.01,whole,0.41666666666666663,False,0.30434782608695654,False
realdisp,LAC,15,480,0.05,whole,0.5,False,0.3173913043478261,False
realdisp,LAC,15,480,0.05,even_to_odd,0.5416666666666667,False,0.3782608695652174,False
realdisp,LAC,15,480,0.1,whole,0.5416666666666667,False,0.3847826086956522,False
realdisp,LAC,15,480,0.2,whole,0.625,False,0.3847826086956522,False
realdisp,LAC,16,480,0.01,whole,0.41666666666666663,False,0.22608695652173913,False
realdisp,LAC,16,480,0.05,whole,0.5,False,0.19782608695652174,False
realdisp,LAC,16,480,0.05,even_to_odd,0.5,False,0.22608695652173913,False
realdisp,LAC,16,480,0.1,whole,0.5833333333333333,False,0.19782608695652174,False
realdisp,LAC,16,480,0.2,whole,0.625,False,0.17608695652173914,False
realdisp,LAC,17,480,0.01,whole,0.29166666666666663,False,0.41739130434782606,False
realdisp,LAC,17,480,0.05,whole,0.375,False,0.41739130434782606,False
realdisp,LAC,17,480,0.05,even_to_odd,0.375,False,0.43478260869565216,False
realdisp,LAC,17,480,0.1,whole,0.45833333333333337,False,0.44565217391304346,False
realdisp,LAC,17,480,0.2,whole,0.45833333333333337,False,0.41739130434782606,False
realdisp,LAC,18,480,0.01,whole,0.375,False,0.30434782608695654,False
realdisp,LAC,18,480,0.05,whole,0.375,False,0.2391304347826087,False
realdisp,LAC,18,480,0.05,even_to_odd,0.375,False,0.22608695652173913,False
realdisp,LAC,18,480,0.1,whole,0.6666666666666667,False,0.2391304347826087,False
realdisp,LAC,18,480,0.2,whole,0.7083333333333333,False,0.2391304347826087,False
realdisp,LAC,19,480,0.01,whole,0.25,False,0.30434782608695654,False
realdisp,LAC,19,480,0.05,whole,0.375,False,0.35,False
realdisp,LAC,19,480,0.05,even_to_odd,0.375,False,0.36086956521739133,False
realdisp,LAC,19,480,0.1,whole,0.375,False,0.35,False
realdisp,LAC,19,480,0.2,whole,0.45833333333333337,False,0.30434782608695654,False
realdisp,LAC,20,480,0.01,whole,0.25,False,0.1673913043478261,False
realdisp,LAC,20,480,0.05,whole,0.375,False,0.1934782608695652,False
realdisp,LAC,20,480,0.05,even_to_odd,0.375,False,0.1782608695652174,False
realdisp,LAC,20,480,0.1,whole,0.375,False,0.1934782608695652,False
realdisp,LAC,20,480,0.2,whole,0.41666666666666663,False,0.1934782608695652,False
realdisp,LAC,21,480,0.01,whole,0.45833333333333337,False,0.21956521739130436,False
realdisp,LAC,21,480,0.05,whole,0.5416666666666667,False,0.20652173913043478,False
realdisp,LAC,21,480,0.05,even_to_odd,0.5416666666666667,False,0.2,False
realdisp,LAC,21,480,0.1,whole,0.5833333333333333,False,0.21956521739130436,False
realdisp,LAC,21,480,0.2,whole,0.5833333333333333,False,0.21956521739130436,False
realdisp,LAC,22,480,0.01,whole,0.20833333333333337,False,0.42391304347826086,False
realdisp,LAC,22,480,0.05,whole,0.29166666666666663,False,0.42391304347826086,False
realdisp,LAC,22,480,0.05,even_to_odd,0.29166666666666663,False,0.41739130434782606,False
realdisp,LAC,22,480,0.1,whole,0.33333333333333337,False,0.42391304347826086,False
realdisp,LAC,22,480,0.2,whole,0.41666666666666663,False,0.4043478260869565,False
realdisp,LAC,23,480,0.01,whole,0.29166666666666663,False,0.29782608695652174,False
realdisp,LAC,23,480,0.05,whole,0.41666666666666663,False,0.29782608695652174,False
realdisp,LAC,23,480,0.05,even_to_odd,0.5,False,0.2782608695652174,False
realdisp,LAC,23,480,0.1,whole,0.625,False,0.11304347826086956,False
realdisp,LAC,23,480,0.2,whole,0.6666666666666667,True,-0.04565217391304348,False
realdisp,LAC,24,480,0.01,whole,0.375,False,0.34782608695652173,False
realdisp,LAC,24,480,0.05,whole,0.41666666666666663,False,0.34782608695652173,False
realdisp,LAC,24,480,0.05,even_to_odd,0.41666666666666663,False,0.36086956521739133,False
realdisp,LAC,24,480,0.1,whole,0.45833333333333337,False,0.34782608695652173,False
realdisp,LAC,24,480,0.2,whole,0.5,False,0.34782608695652173,False
realdisp,LAC,25,480,0.01,whole,0.375,False,0.31956521739130433,False
realdisp,LAC,25,480,0.05,whole,0.375,False,0.2391304347826087,False
realdisp,LAC,25,480,0.05,even_to_odd,0.41666666666666663,False,0.34782608695652173,False
realdisp,LAC,25,480,0.1,whole,0.41666666666666663,False,0.31956521739130433,False
realdisp,LAC,25,480,0.2,whole,0.5,False,0.31956521739130433,False
realdisp,LAC,26,480,0.01,whole,0.20833333333333337,False,0.39565217391304347,False
realdisp,LAC,26,480,0.05,whole,0.25,False,0.39565217391304347,False
realdisp,LAC,26,480,0.05,even_to_odd,0.25,False,0.40869565217391307,False
realdisp,LAC,26,480,0.1,whole,0.29166666666666663,False,0.46304347826086956,False
realdisp,LAC,26,480,0.2,whole,0.33333333333333337,False,0.46304347826086956,False
realdisp,LAC,27,480,0.01,whole,0.45833333333333337,False,0.14782608695652175,False
realdisp,LAC,27,480,0.05,whole,0.5416666666666667,False,0.14782608695652175,False
realdisp,LAC,27,480,0.05,even_to_odd,0.5416666666666667,False,0.1565217391304348,False
realdisp,LAC,27,480,0.1,whole,0.5416666666666667,False,0.14782608695652175,False
realdisp,LAC,27,480,0.2,whole,0.625,False,0.14782608695652175,False
realdisp,LAC,28,480,0.01,whole,0.29166666666666663,False,0.38913043478260867,False
realdisp,LAC,28,480,0.05,whole,0.33333333333333337,False,0.38913043478260867,False
realdisp,LAC,28,480,0.05,even_to_odd,0.33333333333333337,False,0.4043478260869565,False
realdisp,LAC,28,480,0.1,whole,0.33333333333333337,False,0.3695652173913043,False
realdisp,LAC,28,480,0.2,whole,0.33333333333333337,False,0.3695652173913043,False
realdisp,LAC,29,480,0.01,whole,0.375,False,0.26521739130434785,False
realdisp,LAC,29,480,0.05,whole,0.5,False,0.35434782608695653,False
realdisp,LAC,29,480,0.05,even_to_odd,0.5,False,0.34782608695652173,False
realdisp,LAC,29,480,0.1,whole,0.5,False,0.35434782608695653,False
realdisp,LAC,29,480,0.2,whole,0.5416666666666667,False,0.35434782608695653,False
realdisp,LAC,30,480,0.01,whole,0.25,False,0.3695652173913043,False
realdisp,LAC,30,480,0.05,whole,0.33333333333333337,False,0.3978260869565217,False
realdisp,LAC,30,480,0.05,even_to_odd,0.33333333333333337,False,0.4043478260869565,False
realdisp,LAC,30,480,0.1,whole,0.375,False,0.3652173913043478,False
realdisp,LAC,30,480,0.2,whole,0.5,False,0.3652173913043478,False
realdisp,LAC,31,480,0.01,whole,0.5833333333333333,False,0.24565217391304348,False
realdisp,LAC,31,480,0.05,whole,0.625,False,0.22826086956521738,False
realdisp,LAC,31,480,0.05,even_to_odd,0.625,False,0.21304347826086956,False
realdisp,LAC,31,480,0.1,whole,0.6666666666666667,False,0.24565217391304348,False
realdisp,LAC,31,480,0.2,whole,0.7083333333333333,False,0.24565217391304348,False
realdisp,LAC,32,480,0.01,whole,0.41666666666666663,False,0.21956521739130436,False
realdisp,LAC,32,480,0.05,whole,0.5,False,0.13260869565217392,False
realdisp,LAC,32,480,0.05,even_to_odd,0.5,False,0.13478260869565217,False
realdisp,LAC,32,480,0.1,whole,0.75,False,0.04782608695652174,False
realdisp,LAC,32,480,0.2,whole,0.75,False,0.04782608695652174,False
realdisp,LAC,33,480,0.01,whole,0.16666666666666663,False,0.13260869565217392,False
realdisp,LAC,33,480,0.05,whole,0.375,False,0.26521739130434785,False
realdisp,LAC,33,480,0.05,even_to_odd,0.5,False,0.27391304347826084,False
realdisp,LAC,33,480,0.1,whole,0.5,False,0.26521739130434785,False
realdisp,LAC,33,480,0.2,whole,0.5416666666666667,False,0.2217391304347826,False
realdisp,LAC,34,480,0.01,whole,0.5416666666666667,False,0.29782608695652174,False
realdisp,LAC,34,480,0.05,whole,0.5833333333333333,False,0.29782608695652174,False
realdisp,LAC,34,480,0.05,even_to_odd,0.5833333333333333,False,0.2782608695652174,False
realdisp,LAC,34,480,0.1,whole,0.625,False,0.33043478260869563,False
realdisp,LAC,34,480,0.2,whole,0.6666666666666667,False,0.33043478260869563,False
realdisp,LAC,35,480,0.01,whole,0.25,False,0.24782608695652175,False
realdisp,LAC,35,480,0.05,whole,0.375,False,0.24782608695652175,False
realdisp,LAC,35,480,0.05,even_to_odd,0.41666666666666663,False,0.2391304347826087,False
realdisp,LAC,35,480,0.1,whole,0.45833333333333337,False,0.18043478260869567,False
realdisp,LAC,35,480,0.2,whole,0.5,False,0.18043478260869567,False
realdisp,LAC,36,480,0.01,whole,0.08333333333333337,False,0.3130434782608696,False
realdisp,LAC,36,480,0.05,whole,0.16666666666666663,False,0.33043478260869563,False
realdisp,LAC,36,480,0.05,even_to_odd,0.16666666666666663,False,0.3391304347826087,False
realdisp,LAC,36,480,0.1,whole,0.29166666666666663,False,0.2847826086956522,False
realdisp,LAC,36,480,0.2,whole,0.29166666666666663,False,0.24347826086956523,False
realdisp,LAC,37,480,0.01,whole,0.33333333333333337,False,0.24565217391304348,False
realdisp,LAC,37,480,0.05,whole,0.5416666666666667,False,0.16521739130434782,False
realdisp,LAC,37,480,0.05,even_to_odd,0.5416666666666667,False,0.1565217391304348,False
realdisp,LAC,37,480,0.1,whole,0.5833333333333333,False,0.16521739130434782,False
realdisp,LAC,37,480,0.2,whole,0.6666666666666667,False,0.16521739130434782,False
realdisp,LAC,38,480,0.01,whole,0.25,False,0.24347826086956523,False
realdisp,LAC,38,480,0.05,whole,0.29166666666666663,False,0.36086956521739133,False
realdisp,LAC,38,480,0.05,even_to_odd,0.29166666666666663,False,0.3782608695652174,False
realdisp,LAC,38,480,0.1,whole,0.33333333333333337,False,0.3652173913043478,False
realdisp,LAC,38,480,0.2,whole,0.375,False,0.4108695652173913,False
realdisp,LAC,39,480,0.01,whole,0.16666666666666663,False,0.26521739130434785,False
realdisp,LAC,39,480,0.05,whole,0.20833333333333337,False,0.3130434782608696,False
realdisp,LAC,39,480,0.05,even_to_odd,0.20833333333333337,False,0.33043478260869563,False
realdisp,LAC,39,480,0.1,whole,0.25,False,0.3652173913043478,False
realdisp,LAC,39,480,0.2,whole,0.29166666666666663,False,0.4108695652173913,False
realdisp,APS,0,480,0.01,whole,0.0,False,0.0,False
realdisp,APS,0,480,0.05,whole,0.0,False,0.0,False
realdisp,APS,0,480,0.05,even_to_odd,0.0,False,0.0,False
realdisp,APS,0,480,0.1,whole,0.0,False,0.0,False
realdisp,APS,0,480,0.2,whole,0.04166666666666663,True,-0.5239130434782608,False
realdisp,APS,1,480,0.01,whole,0.04166666666666663,False,0.21956521739130436,False
realdisp,APS,1,480,0.05,whole,0.04166666666666663,False,0.18478260869565216,False
realdisp,APS,1,480,0.05,even_to_odd,0.08333333333333337,False,0.29130434782608694,False
realdisp,APS,1,480,0.1,whole,0.04166666666666663,False,0.18478260869565216,False
realdisp,APS,1,480,0.2,whole,0.08333333333333337,False,0.2217391304347826,False
realdisp,APS,2,480,0.01,whole,0.0,False,0.0,False
realdisp,APS,2,480,0.05,whole,0.0,False,0.0,False
realdisp,APS,2,480,0.05,even_to_odd,0.0,False,0.0,False
realdisp,APS,2,480,0.1,whole,0.0,False,0.0,False
realdisp,APS,2,480,0.2,whole,0.0,False,0.0,False
realdisp,APS,3,480,0.01,whole,0.0,False,0.0,False
realdisp,APS,3,480,0.05,whole,0.04166666666666663,False,0.5869565217391305,True
realdisp,APS,3,480,0.05,even_to_odd,0.04166666666666663,False,0.5869565217391305,True
realdisp,APS,3,480,0.1,whole,0.29166666666666663,False,1.0282608695652173,True
realdisp,APS,3,480,0.2,whole,0.375,False,1.4304347826086956,True
realdisp,APS,4,480,0.01,whole,0.0,False,0.0,False
realdisp,APS,4,480,0.05,whole,0.0,False,0.0,False
realdisp,APS,4,480,0.05,even_to_odd,0.0,False,0.0,False
realdisp,APS,4,480,0.1,whole,0.0,False,0.0,False
realdisp,APS,4,480,0.2,whole,0.04166666666666663,False,0.21521739130434783,False
realdisp,APS,5,480,0.01,whole,0.0,False,0.0,False
realdisp,APS,5,480,0.05,whole,0.04166666666666663,False,0.34347826086956523,False
realdisp,APS,5,480,0.05,even_to_odd,0.04166666666666663,False,0.3782608695652174,False
realdisp,APS,5,480,0.1,whole,0.125,False,0.20869565217391303,False
realdisp,APS,5,480,0.2,whole,0.16666666666666663,False,0.20869565217391303,False
realdisp,APS,6,480,0.01,whole,0.04166666666666663,False,0.2956521739130435,False
realdisp,APS,6,480,0.05,whole,0.04166666666666663,False,0.15217391304347827,False
realdisp,APS,6,480,0.05,even_to_odd,0.08333333333333337,False,0.3826086956521739,False
realdisp,APS,6,480,0.1,whole,0.08333333333333337,False,0.35,False
realdisp,APS,6,480,0.2,whole,0.20833333333333337,False,0.35,False
realdisp,APS,7,480,0.01,whole,0.0,False,0.0,False
realdisp,APS,7,480,0.05,whole,0.04166666666666663,False,0.034782608695652174,False
realdisp,APS,7,480,0.05,even_to_odd,0.04166666666666663,False,0.05217391304347826,False
realdisp,APS,7,480,0.1,whole,0.04166666666666663,False,0.034782608695652174,False
realdisp,APS,7,480,0.2,whole,0.08333333333333337,False,0.034782608695652174,False
realdisp,APS,8,480,0.01,whole,0.0,False,0.0,False
realdisp,APS,8,480,0.05,whole,0.0,False,0.0,False
realdisp,APS,8,480,0.05,even_to_odd,0.0,False,0.0,False
realdisp,APS,8,480,0.1,whole,0.0,False,0.0,False
realdisp,APS,8,480,0.2,whole,0.0,False,0.0,False
realdisp,APS,9,480,0.01,whole,0.0,False,0.0,False
realdisp,APS,9,480,0.05,whole,0.04166666666666663,False,0.3847826086956522,False
realdisp,APS,9,480,0.05,even_to_odd,0.04166666666666663,False,0.39565217391304347,False
realdisp,APS,9,480,0.1,whole,0.04166666666666663,False,0.3847826086956522,False
realdisp,APS,9,480,0.2,whole,0.04166666666666663,False,0.3782608695652174,False
realdisp,APS,10,480,0.01,whole,0.0,False,0.0,False
realdisp,APS,10,480,0.05,whole,0.0,False,0.0,False
realdisp,APS,10,480,0.05,even_to_odd,0.0,False,0.0,False
realdisp,APS,10,480,0.1,whole,0.0,False,0.0,False
realdisp,APS,10,480,0.2,whole,0.04166666666666663,False,0.34347826086956523,False
realdisp,APS,11,480,0.01,whole,0.04166666666666663,False,0.03695652173913044,False
realdisp,APS,11,480,0.05,whole,0.08333333333333337,False,0.1108695652173913,False
realdisp,APS,11,480,0.05,even_to_odd,0.08333333333333337,False,0.10434782608695652,False
realdisp,APS,11,480,0.1,whole,0.20833333333333337,False,0.03695652173913044,False
realdisp,APS,11,480,0.2,whole,0.20833333333333337,True,-0.08478260869565217,False
realdisp,APS,12,480,0.01,whole,0.04166666666666663,False,0.36086956521739133,False
realdisp,APS,12,480,0.05,whole,0.08333333333333337,False,0.3804347826086957,False
realdisp,APS,12,480,0.05,even_to_odd,0.08333333333333337,False,0.3695652173913043,False
realdisp,APS,12,480,0.1,whole,0.08333333333333337,False,0.3804347826086957,False
realdisp,APS,12,480,0.2,whole,0.08333333333333337,False,0.36086956521739133,False
realdisp,APS,13,480,0.01,whole,0.0,False,0.0,False
realdisp,APS,13,480,0.05,whole,0.0,False,0.0,False
realdisp,APS,13,480,0.05,even_to_odd,0.0,False,0.0,False
realdisp,APS,13,480,0.1,whole,0.0,False,0.0,False
realdisp,APS,13,480,0.2,whole,0.0,False,0.0,False
realdisp,APS,14,480,0.01,whole,0.0,False,0.0,False
realdisp,APS,14,480,0.05,whole,0.0,False,0.0,False
realdisp,APS,14,480,0.05,even_to_odd,0.04166666666666663,False,0.2,False
realdisp,APS,14,480,0.1,whole,0.0,False,0.0,False
realdisp,APS,14,480,0.2,whole,0.04166666666666663,False,0.09565217391304348,False
realdisp,APS,15,480,0.01,whole,0.0,False,0.0,False
realdisp,APS,15,480,0.05,whole,0.0,False,0.0,False
realdisp,APS,15,480,0.05,even_to_odd,0.0,False,0.0,False
realdisp,APS,15,480,0.1,whole,0.0,False,0.0,False
realdisp,APS,15,480,0.2,whole,0.04166666666666663,False,0.3347826086956522,False
realdisp,APS,16,480,0.01,whole,0.0,False,0.0,False
realdisp,APS,16,480,0.05,whole,0.04166666666666663,False,0.3760869565217391,False
realdisp,APS,16,480,0.05,even_to_odd,0.04166666666666663,False,0.3782608695652174,False
realdisp,APS,16,480,0.1,whole,0.08333333333333337,False,0.10434782608695652,False
realdisp,APS,16,480,0.2,whole,0.125,False,0.10217391304347827,False
realdisp,APS,17,480,0.01,whole,0.0,False,0.0,False
realdisp,APS,17,480,0.05,whole,0.04166666666666663,False,0.0,False
realdisp,APS,17,480,0.05,even_to_odd,0.04166666666666663,False,0.0,False
realdisp,APS,17,480,0.1,whole,0.04166666666666663,False,0.0,False
realdisp,APS,17,480,0.2,whole,0.08333333333333337,True,-0.002173913043478261,False
realdisp,APS,18,480,0.01,whole,0.0,False,0.0,False
realdisp,APS,18,480,0.05,whole,0.0,False,0.0,False
realdisp,APS,18,480,0.05,even_to_odd,0.0,False,0.0,False
realdisp,APS,18,480,0.1,whole,0.0,False,0.0,False
realdisp,APS,18,480,0.2,whole,0.04166666666666663,False,0.05434782608695652,False
realdisp,APS,19,480,0.01,whole,0.0,False,0.0,False
realdisp,APS,19,480,0.05,whole,0.0,False,0.0,False
realdisp,APS,19,480,0.05,even_to_odd,0.0,False,0.0,False
realdisp,APS,19,480,0.1,whole,0.04166666666666663,False,0.31956521739130433,False
realdisp,APS,19,480,0.2,whole,0.125,False,0.2782608695652174,False
realdisp,APS,20,480,0.01,whole,0.0,False,0.0,False
realdisp,APS,20,480,0.05,whole,0.0,False,0.0,False
realdisp,APS,20,480,0.05,even_to_odd,0.0,False,0.0,False
realdisp,APS,20,480,0.1,whole,0.0,False,0.0,False
realdisp,APS,20,480,0.2,whole,0.0,False,0.0,False
realdisp,APS,21,480,0.01,whole,0.0,False,0.0,False
realdisp,APS,21,480,0.05,whole,0.04166666666666663,False,0.4217391304347826,False
realdisp,APS,21,480,0.05,even_to_odd,0.04166666666666663,False,0.4391304347826087,False
realdisp,APS,21,480,0.1,whole,0.16666666666666663,False,0.29347826086956524,False
realdisp,APS,21,480,0.2,whole,0.16666666666666663,False,0.2326086956521739,False
realdisp,APS,22,480,0.01,whole,0.0,False,0.0,False
realdisp,APS,22,480,0.05,whole,0.0,False,0.0,False
realdisp,APS,22,480,0.05,even_to_odd,0.0,False,0.0,False
realdisp,APS,22,480,0.1,whole,0.0,False,0.0,False
realdisp,APS,22,480,0.2,whole,0.04166666666666663,False,0.3521739130434783,False
realdisp,APS,23,480,0.01,whole,0.0,False,0.0,False
realdisp,APS,23,480,0.05,whole,0.0,False,0.0,False
realdisp,APS,23,480,0.05,even_to_odd,0.0,False,0.0,False
realdisp,APS,23,480,0.1,whole,0.0,False,0.0,False
realdisp,APS,23,480,0.2,whole,0.0,False,0.0,False
realdisp,APS,24,480,0.01,whole,0.04166666666666663,False,0.06086956521739131,False
realdisp,APS,24,480,0.05,whole,0.125,False,0.06304347826086956,False
realdisp,APS,24,480,0.05,even_to_odd,0.125,False,0.06956521739130435,False
realdisp,APS,24,480,0.1,whole,0.125,False,0.06086956521739131,False
realdisp,APS,24,480,0.2,whole,0.20833333333333337,False,0.19782608695652174,False
realdisp,APS,25,480,0.01,whole,0.0,False,0.0,False
realdisp,APS,25,480,0.05,whole,0.04166666666666663,False,0.1782608695652174,False
realdisp,APS,25,480,0.05,even_to_odd,0.04166666666666663,False,0.1608695652173913,False
realdisp,APS,25,480,0.1,whole,0.125,False,0.06739130434782609,False
realdisp,APS,25,480,0.2,whole,0.125,False,0.06739130434782609,False
realdisp,APS,26,480,0.01,whole,0.0,False,0.0,False
realdisp,APS,26,480,0.05,whole,0.0,False,0.0,False
realdisp,APS,26,480,0.05,even_to_odd,0.0,False,0.0,False
realdisp,APS,26,480,0.1,whole,0.0,False,0.0,False
realdisp,APS,26,480,0.2,whole,0.16666666666666663,False,0.5173913043478261,True
realdisp,APS,27,480,0.01,whole,0.0,False,0.0,False
realdisp,APS,27,480,0.05,whole,0.0,False,0.0,False
realdisp,APS,27,480,0.05,even_to_odd,0.0,False,0.0,False
realdisp,APS,27,480,0.1,whole,0.0,False,0.0,False
realdisp,APS,27,480,0.2,whole,0.0,False,0.0,False
realdisp,APS,28,480,0.01,whole,0.0,False,0.0,False
realdisp,APS,28,480,0.05,whole,0.0,False,0.0,False
realdisp,APS,28,480,0.05,even_to_odd,0.0,False,0.0,False
realdisp,APS,28,480,0.1,whole,0.0,False,0.0,False
realdisp,APS,28,480,0.2,whole,0.04166666666666663,False,0.27608695652173915,False
realdisp,APS,29,480,0.01,whole,0.0,False,0.0,False
realdisp,APS,29,480,0.05,whole,0.0,False,0.0,False
realdisp,APS,29,480,0.05,even_to_odd,0.0,False,0.0,False
realdisp,APS,29,480,0.1,whole,0.0,False,0.0,False
realdisp,APS,29,480,0.2,whole,0.08333333333333337,False,0.39565217391304347,False
realdisp,APS,30,480,0.01,whole,0.0,False,0.0,False
realdisp,APS,30,480,0.05,whole,0.04166666666666663,False,0.2217391304347826,False
realdisp,APS,30,480,0.05,even_to_odd,0.08333333333333337,False,0.27391304347826084,False
realdisp,APS,30,480,0.1,whole,0.125,False,0.30434782608695654,False
realdisp,APS,30,480,0.2,whole,0.5833333333333333,False,0.34782608695652173,False
realdisp,APS,31,480,0.01,whole,0.04166666666666663,False,0.39565217391304347,False
realdisp,APS,31,480,0.05,whole,0.08333333333333337,False,0.3130434782608696,False
realdisp,APS,31,480,0.05,even_to_odd,0.08333333333333337,False,0.3217391304347826,False
realdisp,APS,31,480,0.1,whole,0.08333333333333337,False,0.25217391304347825,False
realdisp,APS,31,480,0.2,whole,0.125,False,0.2108695652173913,False
realdisp,APS,32,480,0.01,whole,0.04166666666666663,False,0.19130434782608696,False
realdisp,APS,32,480,0.05,whole,0.04166666666666663,False,0.18043478260869567,False
realdisp,APS,32,480,0.05,even_to_odd,0.04166666666666663,False,0.17391304347826086,False
realdisp,APS,32,480,0.1,whole,0.04166666666666663,False,0.18043478260869567,False
realdisp,APS,32,480,0.2,whole,0.04166666666666663,False,0.12391304347826088,False
realdisp,APS,33,480,0.01,whole,0.0,False,0.0,False
realdisp,APS,33,480,0.05,whole,0.04166666666666663,False,0.2673913043478261,False
realdisp,APS,33,480,0.05,even_to_odd,0.04166666666666663,False,0.24782608695652175,False
realdisp,APS,33,480,0.1,whole,0.04166666666666663,False,0.2673913043478261,False
realdisp,APS,33,480,0.2,whole,0.29166666666666663,False,0.2673913043478261,False
realdisp,APS,34,480,0.01,whole,0.04166666666666663,False,0.31521739130434784,False
realdisp,APS,34,480,0.05,whole,0.08333333333333337,False,0.31521739130434784,False
realdisp,APS,34,480,0.05,even_to_odd,0.08333333333333337,False,0.32608695652173914,False
realdisp,APS,34,480,0.1,whole,0.08333333333333337,False,0.28043478260869564,False
realdisp,APS,34,480,0.2,whole,0.45833333333333337,False,0.31521739130434784,False
realdisp,APS,35,480,0.01,whole,0.0,False,0.0,False
realdisp,APS,35,480,0.05,whole,0.04166666666666663,False,0.3826086956521739,False
realdisp,APS,35,480,0.05,even_to_odd,0.04166666666666663,False,0.40869565217391307,False
realdisp,APS,35,480,0.1,whole,0.04166666666666663,False,0.3826086956521739,False
realdisp,APS,35,480,0.2,whole,0.04166666666666663,False,0.28695652173913044,False
realdisp,APS,36,480,0.01,whole,0.0,False,0.0,False
realdisp,APS,36,480,0.05,whole,0.0,False,0.0,False
realdisp,APS,36,480,0.05,even_to_odd,0.0,False,0.0,False
realdisp,APS,36,480,0.1,whole,0.0,False,0.0,False
realdisp,APS,36,480,0.2,whole,0.0,False,0.0,False
realdisp,APS,37,480,0.01,whole,0.0,False,0.0,False
realdisp,APS,37,480,0.05,whole,0.125,False,0.15217391304347827,False
realdisp,APS,37,480,0.05,even_to_odd,0.125,False,0.15217391304347827,False
realdisp,APS,37,480,0.1,whole,0.125,False,0.15217391304347827,False
realdisp,APS,37,480,0.2,whole,0.16666666666666663,False,0.0,False
realdisp,APS,38,480,0.01,whole,0.0,False,0.0,False
realdisp,APS,38,480,0.05,whole,0.04166666666666663,False,0.3673913043478261,False
realdisp,APS,38,480,0.05,even_to_odd,0.0,False,0.0,False
realdisp,APS,38,480,0.1,whole,0.04166666666666663,False,0.3673913043478261,False
realdisp,APS,38,480,0.2,whole,0.04166666666666663,False,0.31956521739130433,False
realdisp,APS,39,480,0.01,whole,0.04166666666666663,False,0.21304347826086956,False
realdisp,APS,39,480,0.05,whole,0.125,False,0.21304347826086956,False
realdisp,APS,39,480,0.05,even_to_odd,0.125,False,0.21739130434782608,False
realdisp,APS,39,480,0.1,whole,0.125,False,0.15217391304347827,False
realdisp,APS,39,480,0.2,whole,0.16666666666666663,False,0.21521739130434783,False
