dataset,model,score,policy,tolerance,coverage,set_size,shortfall,delta_coverage,delta_size,delta_shortfall,queried,saving
dsads,IT,APS,fixed_25,0.5,0.8808028371710526,10.255633908991229,0.04257812499999997,0.004788582785087704,0.32145319353070173,0.0006273985745613892,67.5,0.7500000000000004
dsads,IT,APS,fixed_50,0.5,0.8782719983552632,10.068980263157895,0.04220017817982454,0.0022577439692982267,0.1347995476973684,0.00024945175438597023,135.0,0.5000000000000002
dsads,IT,APS,fixed_75,0.5,0.8767845394736842,9.980734649122807,0.042055921052631555,0.0007702850877192821,0.04655393366228067,0.00010519462719298597,202.5,0.2500000000000001
dsads,IT,APS,full_reference,0.5,0.8760142543859648,9.934180715460526,0.04195072642543857,0.0,0.0,0.0,270.0,0.0
dsads,IT,APS,horizon,0.1,0.8760810718201754,9.935660293311404,0.04193153782894733,6.681743421052159e-05,0.0014795778508771842,-1.918859649122489e-05,269.515625,0.0015407986111110907
dsads,IT,APS,horizon,0.25,0.8762455455043859,9.943316885964913,0.04181743421052629,0.00023129111842102812,0.009136170504385945,-0.000133292214912266,268.3125,0.005164930555555525
dsads,IT,APS,horizon,0.5,0.8772950932017543,9.98351596765351,0.041080386513157874,0.0012808388157894391,0.049335252192982425,-0.0008703399122806735,264.265625,0.0180772569444444
dsads,IT,APS,horizon,1.0,0.8830174067982456,10.213497807017543,0.03782140899122805,0.007003152412280654,0.2793170915570175,-0.004129317434210489,246.828125,0.07508680555555551
dsads,IT,APS,hypergeom,0.1,0.8760807291666666,9.935038719846492,0.04192948190789471,6.647478070175047e-05,0.0008580043859649062,-2.1244517543856385e-05,269.890625,0.0003255208333333219
dsads,IT,APS,hypergeom,0.25,0.8761252741228069,9.937324561403509,0.04189247532894733,0.00011101973684209467,0.0031438459429824405,-5.8251096491219334e-05,269.4375,0.001649305555555528
dsads,IT,APS,hypergeom,0.5,0.8768756853070175,9.968757881030701,0.04136273300438594,0.0008614309210525987,0.03457716557017541,-0.0005879934210525968,266.96875,0.009570312499999971
dsads,IT,APS,hypergeom,1.0,0.8824379797149122,10.191033785635964,0.038133908991228045,0.006423725328947327,0.25685307017543857,-0.0038168174342104936,254.1875,0.05188802083333329
dsads,IT,APS,martingale,0.1,0.8760142543859648,9.934180715460526,0.04195072642543857,0.0,0.0,0.0,270.0,0.0
dsads,IT,APS,martingale,0.25,0.8760255619517543,9.93545504385965,0.041939418859649094,1.1307565789472379e-05,0.001274328399122803,-1.1307565789472379e-05,269.796875,0.0005859374999999968
dsads,IT,APS,martingale,0.5,0.8763843201754385,9.950465323464911,0.04167146381578945,0.0003700657894736627,0.01628460800438593,-0.00027926260964910313,268.8125,0.0034288194444444158
dsads,IT,APS,martingale,1.0,0.8807740542763157,10.120546532346491,0.03919613486842104,0.004759799890350836,0.1863658168859649,-0.0027545915570175144,261.9375,0.023849826388888867
dsads,IT,APS,midpoint,0.5,0.87625,9.946616639254387,0.041785224780701735,0.0002357456140350719,0.012435923793859618,-0.00016550164473682778,264.265625,0.0180772569444444
dsads,IT,APS,no_intersection,0.5,0.8768379934210526,9.96639220120614,0.041350054824561375,0.0008237390350876909,0.03221148574561401,-0.0006006716008771734,266.421875,0.010894097222222194
dsads,IT,APS,one_look_50,0.5,0.9248550575657895,12.254488418311404,0.020006167763157875,0.04884080317982451,2.320307702850877,-0.021944558662280674,135.0,0.5000000000000002
dsads,IT,APS,sparse_checks,0.5,0.8764902001096491,9.954030975877194,0.04165021929824559,0.00047594572368418747,0.019850260416666654,-0.0003005071271929692,267.1875,0.007899305555555527
dsads,IT,APS,uncorrected,0.5,0.8784227658991227,10.027942708333333,0.04059450383771928,0.0024085115131578607,0.09376199287280697,-0.0013562225877192797,251.75,0.05551215277777774
dsads,IT,LAC,fixed_25,0.5,0.8831736567982456,7.312799479166667,0.047904331140350864,0.004102933114035072,0.4427210115131579,-0.0020853892543859637,67.5,0.7500000000000004
dsads,IT,LAC,fixed_50,0.5,0.8813445723684211,7.050943667763158,0.04825863486842104,0.0022738486842105153,0.18086520010964913,-0.0017310855263157827,135.0,0.5000000000000002
dsads,IT,LAC,fixed_75,0.5,0.8799359237938597,6.942012404057017,0.0492478755482456,0.0008652001096491063,0.07193393640350876,-0.0007418448464912234,202.5,0.2500000000000001
dsads,IT,LAC,full_reference,0.5,0.8790707236842106,6.870078467653508,0.04998972039473683,0.0,0.0,0.0,270.0,0.0
dsads,IT,LAC,horizon,0.1,0.8790021929824562,6.866594024122807,0.05004146107456138,-6.853070175437673e-05,-0.0034844435307017467,5.174067982455497e-05,269.625,0.001453993055555525
dsads,IT,LAC,horizon,0.25,0.8790858004385965,6.869408922697368,0.04996607730263157,1.5076754385970598e-05,-0.0006695449561403483,-2.3643092105266966e-05,269.109375,0.002994791666666625
dsads,IT,LAC,horizon,0.5,0.879651521381579,6.897697368421053,0.049548382675438575,0.0005807976973683969,0.027618900767543825,-0.00044133771929823315,266.921875,0.009743923611111075
dsads,IT,LAC,horizon,1.0,0.8826058799342106,7.045622944078947,0.047305715460526296,0.0035351562499999576,0.17554447642543858,-0.0026840049342105017,256.765625,0.04275173611111106
dsads,IT,LAC,hypergeom,0.1,0.8790446820175439,6.869184484649122,0.05000822368421051,-2.6041666666662948e-05,-0.0008939830043859609,1.850328947368125e-05,269.921875,0.00023871527777777186
dsads,IT,LAC,hypergeom,0.25,0.8790498218201755,6.869530564692982,0.05000411184210525,-2.090186403508443e-05,-0.0005479029605263203,1.4391447368418528e-05,269.78125,0.000694444444444425
dsads,IT,LAC,hypergeom,0.5,0.8794198876096492,6.884986293859649,0.04971114309210524,0.00034916392543857787,0.01490782620614033,-0.0002785773026315692,268.421875,0.004882812499999963
dsads,IT,LAC,hypergeom,1.0,0.8822060032894737,7.019939692982456,0.04753940515350875,0.0031352796052631113,0.14986122532894733,-0.0024503152412280456,261.96875,0.02582465277777773
dsads,IT,LAC,martingale,0.1,0.8790707236842106,6.870078467653508,0.04998972039473683,0.0,0.0,0.0,270.0,0.0
dsads,IT,LAC,martingale,0.25,0.8790604440789475,6.869588473135964,0.049998629385964895,-1.0279605263156473e-05,-0.0004899945175438562,8.90899122806875e-06,269.9375,0.00017361111111110624
dsads,IT,LAC,martingale,0.5,0.8791779742324561,6.874240337171053,0.049893434758771914,0.00010725054824560764,0.004161869517543847,-9.628563596490639e-05,269.59375,0.0011718749999999813
dsads,IT,LAC,martingale,1.0,0.8811489172149123,6.959654262609649,0.048278166118421034,0.002078193530701722,0.08957579495614032,-0.0017115542763157738,266.265625,0.010915798611111084
dsads,IT,LAC,midpoint,0.5,0.8791447368421053,6.874561403508772,0.049936609100877175,7.40131578947308e-05,0.004482935855263145,-5.311129385964666e-05,266.921875,0.009743923611111075
dsads,IT,LAC,no_intersection,0.5,0.8796138294956141,6.893261376096492,0.04955283717105261,0.0005431058114034862,0.023182908442982417,-0.00043688322368419844,268.234375,0.005273437499999962
dsads,IT,LAC,one_look_50,0.5,0.928416598135965,10.24893983004386,0.018367598684210507,0.04934587445175434,3.3788613623903507,-0.031622121710526294,135.0,0.5000000000000002
dsads,IT,LAC,sparse_checks,0.5,0.8794072094298246,6.886935307017544,0.04977384868421051,0.00033648574561402503,0.01685683936403507,-0.00021587171052630936,268.6875,0.0038194444444444252
dsads,IT,LAC,uncorrected,0.5,0.8801123903508772,6.931236636513158,0.049219435307017514,0.0010416666666666484,0.06115816885964909,-0.000770285087719288,257.59375,0.037434895833333294
dsads,LR,APS,fixed_25,0.5,0.8950599643640351,7.396186266447368,0.029135827850877163,0.0053306606359648945,0.3536657072368421,-0.0005890213815789456,67.5,0.7500000000000004
dsads,LR,APS,fixed_50,0.5,0.8910152823464912,7.135456414473683,0.029541186951754363,0.001285978618421052,0.09293585526315788,-0.0001836622807017593,135.0,0.5000000000000002
dsads,LR,APS,fixed_75,0.5,0.8905479029605263,7.0857798793859645,0.029519599780701733,0.0008185992324561205,0.04325932017543859,-0.0002052494517543798,202.5,0.2500000000000001
dsads,LR,APS,full_reference,0.5,0.8897293037280702,7.042520559210526,0.02972484923245613,0.0,0.0,0.0,270.0,0.0
dsads,LR,APS,horizon,0.1,0.8895415296052632,7.035962171052631,0.02985951206140349,-0.00018777412280700874,-0.006558388157894722,0.00013466282894736514,268.9375,0.0034288194444444097
dsads,LR,APS,horizon,0.25,0.8898399808114036,7.047776864035088,0.029633360745614023,0.00011067708333332445,0.0052563048245613826,-9.148848684209762e-05,266.375,0.011328124999999963
dsads,LR,APS,horizon,0.5,0.8913798656798246,7.108165433114035,0.028349438048245593,0.0016505619517543626,0.06564487390350876,-0.00137541118421051,257.96875,0.038563368055555505
dsads,LR,APS,horizon,1.0,0.8976559073464913,7.3424324972587725,0.023744517543859634,0.007926603618421003,0.2999119380482456,-0.005980331688596461,232.65625,0.12148437499999996
dsads,LR,APS,hypergeom,0.1,0.8897419819078948,7.042903303179824,0.029712856359649105,1.2678179824560058e-05,0.00038274396929824063,-1.1992872807016195e-05,269.921875,0.00028211805555555
dsads,LR,APS,hypergeom,0.25,0.8898920641447369,7.048434073464912,0.029589843749999983,0.00016276041666665237,0.005913514254385934,-0.00013500548245613022,268.875,0.0035373263888888503
dsads,LR,APS,hypergeom,0.5,0.8912818667763158,7.099876987390351,0.028432360197368403,0.0015525630482455806,0.05735642817982452,-0.0012924890350876973,263.015625,0.021896701388888856
dsads,LR,APS,hypergeom,1.0,0.8977768640350878,7.343599575109649,0.02355297423245612,0.008047560307017504,0.3010790158991228,-0.006171874999999968,242.78125,0.0879991319444444
dsads,LR,APS,martingale,0.1,0.8897293037280702,7.042520559210526,0.02972484923245613,0.0,0.0,0.0,270.0,0.0
dsads,LR,APS,martingale,0.25,0.8898300438596491,7.045737390350878,0.029657003837719284,0.00010074013157893952,0.003216831140350858,-6.784539473683449e-05,269.703125,0.0008897569444444218
dsads,LR,APS,martingale,0.5,0.8908371025219299,7.081430921052632,0.028807223135964892,0.0011077987938596207,0.038910361842105244,-0.000917626096491208,267.140625,0.008593749999999952
dsads,LR,APS,martingale,1.0,0.8965827165570176,7.29998869243421,0.024336965460526303,0.00685341282894732,0.25746813322368417,-0.00538788377192979,255.90625,0.04309895833333331
dsads,LR,APS,midpoint,0.5,0.8895394736842106,7.038242530153509,0.029840323464912263,-0.0001898300438596481,-0.004278029057017513,0.0001154742324561395,257.96875,0.038563368055555505
dsads,LR,APS,no_intersection,0.5,0.891421326754386,7.1076620751096495,0.028316885964912265,0.0016920230263157508,0.06514151589912277,-0.001407963267543838,262.359375,0.02350260416666664
dsads,LR,APS,one_look_50,0.5,0.9331246573464913,9.155018503289474,0.008956277412280682,0.043395353618421006,2.1124979440789473,-0.020768571820175417,135.0,0.5000000000000002
dsads,LR,APS,sparse_checks,0.5,0.8901583059210527,7.058972382127193,0.029360608552631562,0.0004290021929824337,0.01645182291666665,-0.000364240679824546,265.078125,0.014887152777777756
dsads,LR,APS,uncorrected,0.5,0.8916135553728071,7.116544339364035,0.028222313596491213,0.0018842516447368125,0.07402378015350877,-0.0015025356359648898,241.296875,0.08869357638888883
dsads,LR,LAC,fixed_25,0.5,0.9001079358552632,5.788345668859649,0.03026247258771927,-0.0002172423245614029,0.40695038377192977,0.0037438322368420858,67.5,0.7500000000000004
dsads,LR,LAC,fixed_50,0.5,0.8996912691885965,5.490506784539473,0.028319627192982425,-0.0006339089912280702,0.10911149945175438,0.0018009868421052407,135.0,0.5000000000000002
dsads,LR,LAC,fixed_75,0.5,0.8998653371710527,5.4133754797149125,0.027501370614035073,-0.00045984100877193734,0.031980194627192975,0.0009827302631578896,202.5,0.2500000000000001
dsads,LR,LAC,full_reference,0.5,0.9003251781798246,5.381395285087719,0.026518640350877178,0.0,0.0,0.0,270.0,0.0
dsads,LR,LAC,horizon,0.1,0.9002957099780702,5.380534882127193,0.026536115679824543,-2.9468201754388786e-05,-0.0008604029605263184,1.7475328947371815e-05,269.15625,0.0029947916666666374
dsads,LR,LAC,horizon,0.25,0.9004118695175439,5.386543654057018,0.02650013706140349,8.669133771928517e-05,0.00514836896929823,-1.8503289473679743e-05,267.265625,0.008767361111111075
dsads,LR,LAC,horizon,0.5,0.9016505619517545,5.444364377741229,0.025899808114035066,0.0013253837719298068,0.06296909265350874,-0.0006188322368420938,260.125,0.03170572916666661
dsads,LR,LAC,horizon,1.0,0.9059679961622807,5.653776384320176,0.02355160361842104,0.005642817982456097,0.2723810992324561,-0.0029670367324561154,237.390625,0.10772569444444437
dsads,LR,LAC,hypergeom,0.1,0.9002994791666667,5.3817297149122805,0.026542968749999986,-2.5699013157894973e-05,0.0003344298245614001,2.4328399122807248e-05,269.78125,0.0007378472222222094
dsads,LR,LAC,hypergeom,0.25,0.9003988486842106,5.385945723684211,0.026481291118421037,7.367050438595284e-05,0.004550438596491205,-3.734923245613326e-05,269.078125,0.0029947916666666283
dsads,LR,LAC,hypergeom,0.5,0.9016149259868422,5.441075932017544,0.025859032346491215,0.0012897478070175114,0.05968064692982453,-0.0006596080043859516,263.90625,0.019249131944444414
dsads,LR,LAC,hypergeom,1.0,0.9059590871710528,5.648042420504386,0.023602658991228057,0.005633908991228016,0.2666471354166666,-0.0029159813596490937,247.375,0.0745008680555555
dsads,LR,LAC,martingale,0.1,0.9003409402412281,5.3829125548245615,0.026502878289473668,1.576206140350625e-05,0.0015172697368421033,-1.576206140350625e-05,269.953125,0.0001953125
dsads,LR,LAC,martingale,0.25,0.9003947368421052,5.384524396929825,0.026472382127192964,6.955866228069063e-05,0.003129111842105256,-4.625822368420312e-05,269.71875,0.0008680555555555405
dsads,LR,LAC,martingale,0.5,0.9010773026315789,5.4168160635964915,0.02606702302631577,0.0007521244517543686,0.0354207785087719,-0.00045161732456138907,267.453125,0.007443576388888866
dsads,LR,LAC,martingale,1.0,0.9048135964912282,5.599619311951755,0.02414747807017543,0.004488418311403469,0.21822402686403508,-0.0023711622807017297,257.71875,0.03812934027777774
dsads,LR,LAC,midpoint,0.5,0.9002086759868422,5.382769325657895,0.026723889802631563,-0.00011650219298245764,0.0013740405701754294,0.00020524945175438616,260.125,0.03170572916666661
dsads,LR,LAC,no_intersection,0.5,0.9016964775219299,5.442789542214912,0.025786732456140334,0.0013712993421052336,0.06139425712719295,-0.000731907894736825,263.390625,0.0202690972222222
dsads,LR,LAC,one_look_50,0.5,0.9341341145833334,7.908086965460527,0.01392509594298245,0.03380893640350871,2.5266916803728074,-0.01259354440789471,135.0,0.5000000000000002
dsads,LR,LAC,sparse_checks,0.5,0.9004594983552632,5.38967345120614,0.026467927631578927,0.00013432017543858938,0.008278166118421044,-5.071271929824076e-05,265.15625,0.014930555555555537
dsads,LR,LAC,uncorrected,0.5,0.9015025356359649,5.446437431469298,0.026148231907894715,0.0011773574561403312,0.06504214638157892,-0.00037040844298244334,245.328125,0.07641059027777773
dsads,MR,APS,fixed_25,0.5,0.8969445586622807,5.3632843338815785,0.024036800986842074,0.0034488075657894595,0.18684450383771928,0.001852042214912256,67.5,0.7500000000000004
dsads,MR,APS,fixed_50,0.5,0.8953056469298246,5.259979440789474,0.02282997532894734,0.0018098958333333161,0.08353961074561402,0.0006452165570175329,135.0,0.5000000000000002
dsads,MR,APS,fixed_75,0.5,0.8944168037280702,5.201139665570175,0.02196546052631576,0.0009210526315789501,0.024699835526315782,-0.00021929824561403767,202.5,0.2500000000000001
dsads,MR,APS,full_reference,0.5,0.8934957510964913,5.17643983004386,0.0221847587719298,0.0,0.0,0.0,270.0,0.0
dsads,MR,APS,horizon,0.1,0.893596833881579,5.179063527960526,0.02216968201754383,0.00010108278508771183,0.00262369791666665,-1.5076754385962111e-05,268.59375,0.004470486111111075
dsads,MR,APS,horizon,0.25,0.8943105811403509,5.199345874451755,0.021861293859649092,0.0008148300438596229,0.022906044407894705,-0.00032346491228068294,263.75,0.02003038194444442
dsads,MR,APS,horizon,0.5,0.8993386787280703,5.312664816337719,0.01864925986842103,0.0058429276315789015,0.13622498629385962,-0.0035354989035087376,244.953125,0.08157552083333329
dsads,MR,APS,horizon,1.0,0.9112592516447369,5.5880194627192985,0.011503563596491196,0.01776350054824557,0.41157963267543857,-0.010681195175438567,201.546875,0.22986111111111107
dsads,MR,APS,hypergeom,0.1,0.8935745614035089,5.178108552631579,0.022146381578947345,7.881030701753885e-05,0.0016687225877192844,-3.837719298245056e-05,269.546875,0.0012803819444444156
dsads,MR,APS,hypergeom,0.25,0.894184141995614,5.194789953399123,0.021888363486842078,0.0006883908991227744,0.018350123355263127,-0.0002963952850877001,266.84375,0.009852430555555531
dsads,MR,APS,hypergeom,0.5,0.8985598273026316,5.297521244517544,0.019178316885964886,0.005064076206140308,0.12108141447368419,-0.0030064418859648864,253.453125,0.05310329861111107
dsads,MR,APS,hypergeom,1.0,0.9113000274122807,5.588871299342105,0.011475466008771895,0.01780427631578941,0.4124314692982456,-0.010709292763157862,217.03125,0.17447916666666663
dsads,MR,APS,martingale,0.1,0.893499177631579,5.176526864035088,0.0221847587719298,3.4265350877193093e-06,8.703399122806875e-05,0.0,269.96875,8.680555555555e-05
dsads,MR,APS,martingale,0.25,0.8938185307017544,5.185871025219298,0.022081962719298222,0.00032277960526313186,0.009431195175438572,-0.00010279605263156597,268.734375,0.0036675347222221936
dsads,MR,APS,martingale,0.5,0.8969435307017544,5.264728961074562,0.02042660361842103,0.003447779605263114,0.08828913103070171,-0.0017581551535087452,261.8125,0.024479166666666632
dsads,MR,APS,martingale,1.0,0.9093122944078947,5.55608826754386,0.01314384594298243,0.015816543311403464,0.3796484375,-0.009040912828947341,237.15625,0.10238715277777774
dsads,MR,APS,midpoint,0.5,0.8938712993421053,5.186920915570175,0.02202439692982454,0.00037554824561403114,0.010481085526315779,-0.000160361842105266,244.953125,0.08157552083333329
dsads,MR,APS,no_intersection,0.5,0.8988322368421053,5.302338952850877,0.018968612938596467,0.005336485745613986,0.1258991228070175,-0.003216145833333306,251.296875,0.05944010416666663
dsads,MR,APS,one_look_50,0.5,0.9376665296052631,6.423579015899123,0.0036557702850876844,0.04417077850877187,1.2471391858552632,-0.018528988486842077,135.0,0.5000000000000002
dsads,MR,APS,sparse_checks,0.5,0.8956568667763158,5.232277275219299,0.021129728618421023,0.002161115679824533,0.05583744517543857,-0.0010550301535087565,256.9375,0.0407986111111111
dsads,MR,APS,uncorrected,0.5,0.9001798930921052,5.329635074013158,0.018013980263157873,0.006684141995613997,0.15319524396929823,-0.0041707785087719065,221.609375,0.15290798611111106
dsads,MR,LAC,fixed_25,0.5,0.8840522203947369,3.0287160773026316,0.04479063870614032,0.002663103070175417,0.23494791666666665,0.0005283717105263064,67.5,0.7500000000000004
dsads,MR,LAC,fixed_50,0.5,0.8820202850877192,2.8663983689692984,0.044725191885964875,0.0006311677631578856,0.07263020833333331,0.0004629248903508682,135.0,0.5000000000000002
dsads,MR,LAC,fixed_75,0.5,0.8813990542763157,2.8222046326754384,0.04451445997807015,9.936951754365689e-06,0.028436472039473658,0.00025219298245614035,202.5,0.2500000000000001
dsads,MR,LAC,full_reference,0.5,0.8813891173245614,2.793768160635965,0.04426226699561401,0.0,0.0,0.0,270.0,0.0
dsads,MR,LAC,horizon,0.1,0.8814442845394737,2.7954653234649123,0.044213952850877175,5.516721491227276e-05,0.0016971628289473612,-4.831414473683577e-05,268.96875,0.0032769097222221937
dsads,MR,LAC,horizon,0.25,0.8835522889254386,2.818075315241228,0.04227521929824559,0.002163171600877168,0.024307154605263115,-0.0019870476973683987,263.828125,0.0200520833333333
dsads,MR,LAC,horizon,0.5,0.8903268914473683,2.9221484374999998,0.03691577576754384,0.008937774122806972,0.12838027686403505,-0.007346491228070149,244.453125,0.0843098958333333
dsads,MR,LAC,horizon,1.0,0.9036502878289473,3.199996916118421,0.027974917763157872,0.022261170504385915,0.40622875548245607,-0.016287349232456103,201.109375,0.23161892361111108
dsads,MR,LAC,hypergeom,0.1,0.8814072779605263,2.7944524396929826,0.04424581962719296,1.8160635964913224e-05,0.0006842790570175375,-1.6447368421051672e-05,269.578125,0.0014539930555555376
dsads,MR,LAC,hypergeom,0.25,0.8830736019736842,2.811164679276316,0.04272615131578945,0.0016844846491227776,0.017396518640350838,-0.0015361156798245376,266.765625,0.010329861111111078
dsads,MR,LAC,hypergeom,0.5,0.8902669270833333,2.9133240816885966,0.036814350328947344,0.008877809758771888,0.11955592105263153,-0.0074479166666666366,252.484375,0.05707465277777775
dsads,MR,LAC,hypergeom,1.0,0.9041313733552632,3.200658922697368,0.027488349780701738,0.022742256030701704,0.4068907620614035,-0.016773917214912244,216.25,0.17873263888888885
dsads,MR,LAC,martingale,0.1,0.8813891173245614,2.793768160635965,0.04426226699561401,0.0,0.0,0.0,270.0,0.0
dsads,MR,LAC,martingale,0.25,0.8822916666666667,2.8020829906798244,0.04338747258771928,0.0009025493421052432,0.00831483004385963,-0.0008747944078947172,268.96875,0.0029947916666666374
dsads,MR,LAC,martingale,0.5,0.8878937088815789,2.8768325109649124,0.03869414747807015,0.0065045915570175,0.08306435032894732,-0.005568119517543827,261.890625,0.024370659722222195
dsads,MR,LAC,martingale,1.0,0.9030705180921053,3.1679135827850877,0.028133223684210503,0.021681400767543806,0.37414542214912283,-0.016129043311403475,237.46875,0.10219184027777774
dsads,MR,LAC,midpoint,0.5,0.8794962993421053,2.7859200246710527,0.046152343749999984,-0.0018928179824561336,-0.007848135964912272,0.0018900767543859579,244.453125,0.0843098958333333
dsads,MR,LAC,no_intersection,0.5,0.890043516995614,2.9128810307017545,0.037136101973684194,0.008654399671052589,0.11911287006578943,-0.007126165021929788,249.859375,0.06529947916666665
dsads,MR,LAC,one_look_50,0.5,0.9241927083333333,4.103478618421053,0.018017406798245594,0.04280359100877189,1.3097104577850878,-0.026244860197368384,135.0,0.5000000000000002
dsads,MR,LAC,sparse_checks,0.5,0.8852802905701754,2.8417513020833334,0.04085012335526314,0.0038911732456140095,0.0479831414473684,-0.003412143640350851,255.734375,0.045768229166666646
dsads,MR,LAC,uncorrected,0.5,0.8896391858552631,2.930981016995614,0.03771861293859647,0.008250068530701711,0.13721285635964908,-0.006543654057017516,220.53125,0.15720486111111104
har,IT,APS,fixed_25,0.5,0.8991348028896897,3.526608169957057,0.03527796841352202,-0.0007423499189136952,0.015167886771311045,0.002461416161722608,112.5,0.7500000000000004
har,IT,APS,fixed_50,0.5,0.8995379584429904,3.51579853299055,0.033536364774520384,-0.0003391943656130629,0.004358249804804243,0.0007198125227209668,225.0,0.5000000000000002
har,IT,APS,fixed_75,0.5,0.8997394978267231,3.5122562234335954,0.03303483979430047,-0.00013765498188031162,0.0008159402478494087,0.00021828754250106673,337.5,0.2500000000000001
har,IT,APS,full_reference,0.5,0.8998771528086034,3.5114402831857463,0.03281655225179941,0.0,0.0,0.0,450.0,0.0
har,IT,APS,horizon,0.1,0.902422378468143,3.5310447762473682,0.031337620276842025,0.0025452256595394785,0.019604493061622177,-0.0014789319749573665,421.7,0.04151041666666662
har,IT,APS,horizon,0.25,0.9111045130993299,3.601379765415058,0.02656695486307914,0.011227360290726459,0.0899394822293118,-0.006249597388720238,340.95,0.17906249999999999
har,IT,APS,horizon,0.5,0.9244701039008031,3.7239741318180437,0.019756516651971767,0.024592951092199486,0.21253384863229738,-0.013060035599827614,218.8,0.41203125
har,IT,APS,horizon,1.0,0.9466575377101614,3.9443361146217923,0.010624567521555267,0.0467803849015578,0.43289583143604643,-0.022191984730244117,113.3625,0.6535416666666668
har,IT,APS,hypergeom,0.1,0.9022652730098524,3.5298302259063132,0.031440572419753864,0.00238812020124891,0.018389942720566967,-0.0013759798320455284,431.7125,0.025585937499999968
har,IT,APS,hypergeom,0.25,0.9111947056098287,3.602696638793095,0.02646855823800289,0.011317552801225261,0.09125635560734882,-0.006347994013796487,369.6625,0.1302083333333333
har,IT,APS,hypergeom,0.5,0.925587218598018,3.732947728707057,0.019062462861973682,0.025710065789414444,0.22150744552131074,-0.013754089389825698,255.0,0.3377994791666667
har,IT,APS,hypergeom,1.0,0.948865417926703,3.9642936372888378,0.009620185425936793,0.04898826511809933,0.4528533541030913,-0.02319636682586259,138.7875,0.5835286458333333
har,IT,APS,martingale,0.1,0.9017886107921924,3.5263109090545988,0.031717732942280634,0.0019114579835889658,0.014870625868852554,-0.0010988193095187622,438.4125,0.014518229166666636
har,IT,APS,martingale,0.25,0.910542013168644,3.597814351354908,0.02691774418783288,0.010664860360040499,0.08637406816916196,-0.005898808063966498,392.7625,0.08416666666666663
har,IT,APS,martingale,0.5,0.9245955343281747,3.7265171765918654,0.019768362785056885,0.02471838151957109,0.21507689340611943,-0.013048189466742495,289.1,0.25580729166666666
har,IT,APS,martingale,1.0,0.9521305456497687,3.9959306385938946,0.00842413168275036,0.05225339284116497,0.48449035540814844,-0.024392420569049025,160.1,0.51953125
har,IT,APS,midpoint,0.5,0.8957388551047016,3.4832475842615547,0.035519336371651854,-0.004138297703901723,-0.028192698924191403,0.0027027841198524276,218.8,0.41203125
har,IT,APS,no_intersection,0.5,0.9250159251338277,3.7288424275909704,0.01946988679977606,0.02513877232522416,0.21740214440522423,-0.01334666545202332,232.125,0.38523437499999996
har,IT,APS,one_look_50,0.5,0.9325896491811871,3.8114058331412726,0.016747017554612758,0.032712496372583603,0.2999655499555269,-0.01606953469718662,225.0,0.5000000000000002
har,IT,APS,sparse_checks,0.5,0.9185278454020747,3.670184256173293,0.0229048408075564,0.018650692593471137,0.15874397298754692,-0.009911711444242978,237.9375,0.3601562500000001
har,IT,APS,uncorrected,0.5,0.9229500650313097,3.7128979494746286,0.02075977296079119,0.02307291222270618,0.20145766628888268,-0.012056779291008185,156.7625,0.5159244791666667
har,IT,LAC,fixed_25,0.5,0.9010666655985756,1.0689031345255449,0.04581362884948961,0.0003780927306321268,0.027382711813497385,-0.00010495788017815542,112.5,0.7500000000000004
har,IT,LAC,fixed_50,0.5,0.9010789494690401,1.0490192605518545,0.04557712727011075,0.0003903766010965958,0.007498837839806933,-0.0003414594595570221,225.0,0.5000000000000002
har,IT,LAC,fixed_75,0.5,0.9008734861387254,1.044421001604854,0.04592233559952415,0.00018491327078200837,0.002900578892806698,3.748869856379329e-06,337.5,0.2500000000000001
har,IT,LAC,full_reference,0.5,0.9006885728679435,1.0415204227120476,0.04591858672966777,0.0,0.0,0.0,450.0,0.0
har,IT,LAC,horizon,0.1,0.9148589340296169,1.080463168562793,0.03853320839634267,0.014170361161673367,0.03894274585074549,-0.007385378333325073,286.3,0.275390625
har,IT,LAC,horizon,0.25,0.934685081980511,1.1581974351148345,0.027086626267517823,0.03399650911256734,0.11667701240278706,-0.01883196046214993,154.8625,0.5518359374999999
har,IT,LAC,horizon,0.5,0.9518838608619761,1.2745826824145008,0.01725274288189824,0.051195287994032404,0.23306225970245334,-0.028665843847769507,93.8125,0.6985807291666667
har,IT,LAC,horizon,1.0,0.9619590170931648,1.43153945658947,0.011437258929426767,0.06127044422522115,0.3900190338774225,-0.03448132780024098,73.0,0.75609375
har,IT,LAC,hypergeom,0.1,0.914998648241367,1.080486426829165,0.03847944425424736,0.01431007537342343,0.03896600411711757,-0.0074391424754203855,317.325,0.21730468749999995
har,IT,LAC,hypergeom,0.25,0.936140898667253,1.1630340326999793,0.026307026517381354,0.03545232579930944,0.121513609987932,-0.0196115602122864,185.1125,0.4780078125000001
har,IT,LAC,hypergeom,0.5,0.9542421252521543,1.2897329973915532,0.016001693887674234,0.05355355238421074,0.248212574679506,-0.029916892841993514,116.7625,0.6308463541666668
har,IT,LAC,hypergeom,1.0,0.9649724662568712,1.4712037034149332,0.009872479123940764,0.06428389338892751,0.429683280702886,-0.03604610760572699,91.4125,0.695625
har,IT,LAC,martingale,0.1,0.9138491351318625,1.0774854282899604,0.03911557724765941,0.013160562263918981,0.03596500557791284,-0.006803009482008338,346.7875,0.1519661458333333
har,IT,LAC,martingale,0.25,0.9359454052696362,1.1633556649374177,0.026251395605390318,0.03525683240169252,0.12183524222537052,-0.019667191124277436,215.225,0.39328125
har,IT,LAC,martingale,0.5,0.9556757671290526,1.3032015130603063,0.015229998182294011,0.05498719426110884,0.2616810903482591,-0.030688588547373736,134.275,0.5675520833333334
har,IT,LAC,martingale,1.0,0.9677191643480276,1.5024806026546413,0.008424601606625205,0.0670305914800839,0.460960179942594,-0.03749398512304255,102.9625,0.6473046875
har,IT,LAC,midpoint,0.5,0.8975815677852311,1.028412254578358,0.04563316981360963,-0.003107005082712296,-0.013108168133689481,-0.0002854169160581386,93.8125,0.6985807291666667
har,IT,LAC,no_intersection,0.5,0.951605806454923,1.2716662617630692,0.01739438529112021,0.050917233586979346,0.2301458390510217,-0.028524201438547538,95.0125,0.6960677083333333
har,IT,LAC,one_look_50,0.5,0.9316909030264423,1.19938364679358,0.029201720743088064,0.031002330158498657,0.1578632240815324,-0.016716865986579687,225.0,0.5000000000000002
har,IT,LAC,sparse_checks,0.5,0.9488380290299857,1.2519041554583672,0.018943108536144705,0.04814945616204206,0.21038373274631988,-0.026975478193523042,92.525,0.7013281250000001
har,IT,LAC,uncorrected,0.5,0.9482455069618416,1.2539471629663408,0.019324393622678158,0.04755693409389794,0.21242674025429328,-0.026594193106989593,70.1625,0.7442708333333334
har,LR,APS,fixed_25,0.5,0.9039928222428496,1.9537201290461195,0.036268255075205015,0.00039331106983389537,0.024294228875142165,0.0011817485923124314,112.5,0.7500000000000004
har,LR,APS,fixed_50,0.5,0.9039748501649935,1.937328223333494,0.03544242657652672,0.0003753389919778641,0.007902323162516482,0.0003559200936341384,225.0,0.5000000000000002
har,LR,APS,fixed_75,0.5,0.9034283513399053,1.9310733735241825,0.035310880731203934,-0.00017115983311020617,0.00164747335320504,0.0002243742483113469,337.5,0.2500000000000001
har,LR,APS,full_reference,0.5,0.9035995111730155,1.9294259001709773,0.03508650648289258,0.0,0.0,0.0,450.0,0.0
har,LR,APS,horizon,0.1,0.907779323675813,1.952898834737661,0.03294296121297982,0.004179812502797433,0.02347293456668359,-0.0021435452699127464,411.55,0.057513020833333296
har,LR,APS,horizon,0.25,0.9196171393444171,2.0236915533981645,0.026975399341926942,0.016017628171401486,0.09426565322718712,-0.008111107140965617,309.475,0.23705729166666664
har,LR,APS,horizon,0.5,0.9372329023865301,2.1532500945493904,0.01882341418093803,0.03363339121351445,0.22382419437841267,-0.016263092301954534,188.6375,0.4853776041666667
har,LR,APS,horizon,1.0,0.9572224842248549,2.3749824691099324,0.011399439580851186,0.053622973051839086,0.44555656893895523,-0.02368706690204138,94.8375,0.7023697916666668
har,LR,APS,hypergeom,0.1,0.9076651800495167,1.952212203051341,0.03295859323816042,0.004065668876501049,0.02278630288036328,-0.0021279132447321334,424.5375,0.03710937499999996
har,LR,APS,hypergeom,0.25,0.9199796624561192,2.0256650882325613,0.026758309103166074,0.016380151283103512,0.09623918806158364,-0.008328197379726482,340.025,0.18260416666666662
har,LR,APS,hypergeom,0.5,0.9384513409969135,2.159552557516714,0.018154746036424974,0.03485182982389789,0.2301266573457364,-0.01693176044646759,223.5,0.4056640625
har,LR,APS,hypergeom,1.0,0.9599597928522382,2.403162142714789,0.010231636523160332,0.05636028167922233,0.4737362425438113,-0.024854869959732236,118.425,0.6347786458333334
har,LR,APS,martingale,0.1,0.9071587288711966,1.948881064146282,0.033186650772189304,0.0035592176981809253,0.01945516397530448,-0.001899855710703264,433.65,0.0215364583333333
har,LR,APS,martingale,0.25,0.9185149885257645,2.017339701396091,0.027573535119507938,0.014915477352748844,0.08791380122511376,-0.007512971363384627,367.45,0.12283854166666663
har,LR,APS,martingale,0.5,0.9388670573828827,2.1638157203356108,0.01801283151661496,0.03526754620986696,0.23438982016463292,-0.017073674966277604,254.65,0.32817708333333334
har,LR,APS,martingale,1.0,0.961943945848812,2.427537016584351,0.009469925163440585,0.05834443467579621,0.4981111164133733,-0.025616581319451985,136.6,0.5752083333333334
har,LR,APS,midpoint,0.5,0.8952059369916955,1.8847407533762595,0.03950456517628752,-0.008393574181320067,-0.044685146794717925,0.0044180586933949125,188.6375,0.4853776041666667
har,LR,APS,no_intersection,0.5,0.937193878851465,2.153875584953609,0.018874305782062412,0.033594367678449324,0.22444968478263144,-0.016212200700830147,199.5875,0.46266927083333337
har,LR,APS,one_look_50,0.5,0.936735918399051,2.1913121967627998,0.020104752951136413,0.03313640722603529,0.2618862965918224,-0.014981753531756146,225.0,0.5000000000000002
har,LR,APS,sparse_checks,0.5,0.9318699935655268,2.107997297139891,0.021278267877062326,0.028270482392511075,0.17857139696891347,-0.013808238605830235,200.7125,0.45320312500000015
har,LR,APS,uncorrected,0.5,0.9348503520568202,2.139820414100397,0.020188951794245343,0.03125084088380458,0.21039451392941924,-0.014897554688647214,135.075,0.5777604166666667
har,LR,LAC,fixed_25,0.5,0.9072261184869664,1.0922134726369317,0.03457554383714767,0.00015904284856183695,0.015341176235504348,0.0018726412403692176,112.5,0.7500000000000004
har,LR,LAC,fixed_50,0.5,0.9074464743674907,1.0829988924120164,0.03328302946836562,0.00037939872908604824,0.006126596010588944,0.000580126871587173,225.0,0.5000000000000002
har,LR,LAC,fixed_75,0.5,0.9072418247193418,1.0789525941981932,0.03291574666663446,0.00017474908093706418,0.0020802977967658855,0.0002128440698560047,337.5,0.2500000000000001
har,LR,LAC,full_reference,0.5,0.9070670756384047,1.0768722964014275,0.032702902596778445,0.0,0.0,0.0,450.0,0.0
har,LR,LAC,horizon,0.1,0.9215019167672479,1.116843141152032,0.025884608592703813,0.014434841128843207,0.03997084475060477,-0.006818294004074608,310.3,0.2299348958333333
har,LR,LAC,horizon,0.25,0.942079104469722,1.1961940719345676,0.018040245529502123,0.03501202883131723,0.11932177553314023,-0.014662657067276307,162.4125,0.5371223958333334
har,LR,LAC,horizon,0.5,0.9600673481664531,1.310999076515526,0.013001496247335573,0.053000272528048356,0.23412678011409868,-0.01970140634944286,89.7,0.7128776041666668
har,LR,LAC,horizon,1.0,0.9722680878680017,1.5043518256893358,0.009386923710782237,0.0652010122295967,0.42747952928790833,-0.023315978885996198,60.4,0.7907421875
har,LR,LAC,hypergeom,0.1,0.9214035638444239,1.1163353745777904,0.02592370280577217,0.014336488206019234,0.03946307817636294,-0.006779199791006251,341.5,0.1763020833333333
har,LR,LAC,hypergeom,0.25,0.9434131344982171,1.199254675139995,0.01739869130578251,0.036346058859812375,0.12238237873856767,-0.015304211290995918,193.125,0.4615234375
har,LR,LAC,hypergeom,0.5,0.9626681348809416,1.3260001624915716,0.01218545696826042,0.05560105924253676,0.2491278660901442,-0.020517445628518018,112.3125,0.64484375
har,LR,LAC,hypergeom,1.0,0.9757321579468677,1.5440347649939647,0.008278993805039577,0.06866508230846291,0.46716246859253757,-0.02442390879173886,76.65,0.7339713541666668
har,LR,LAC,martingale,0.1,0.9199589233032743,1.1121604155641494,0.02658416615878721,0.012891847664869616,0.035288119162722016,-0.0061187364379912184,369.4375,0.11723958333333329
har,LR,LAC,martingale,0.25,0.9429768496750973,1.1988889845079873,0.017470762451920495,0.03590977403669249,0.12201668810655981,-0.015232140144857931,223.925,0.37635416666666666
har,LR,LAC,martingale,0.5,0.9646089415174882,1.3412721273122346,0.011741562383932678,0.05754186587908338,0.2643998309108072,-0.020961340212845757,129.3125,0.5820572916666668
har,LR,LAC,martingale,1.0,0.9792649355393943,1.594389134896141,0.007023083360900767,0.07219785990098934,0.5175168384947137,-0.025679819235877668,83.425,0.7029687500000001
har,LR,LAC,midpoint,0.5,0.9059628905846319,1.0726334252430823,0.03267332267436607,-0.0011041850537728728,-0.004238871158345364,-2.9579922412373306e-05,89.7,0.7128776041666668
har,LR,LAC,no_intersection,0.5,0.9597574401815686,1.3079950807429035,0.013106549600395345,0.05269036454316377,0.23112278434147632,-0.019596352996383088,91.4625,0.7085677083333334
har,LR,LAC,one_look_50,0.5,0.9384707566061601,1.2044969236338334,0.020218951972986978,0.03140368096775532,0.12762462723240595,-0.012483950623791448,225.0,0.5000000000000002
har,LR,LAC,sparse_checks,0.5,0.9581931758107483,1.29681508233254,0.01344678066472732,0.051126100172343376,0.21994278593111252,-0.01925612193205111,87.475,0.7189713541666668
har,LR,LAC,uncorrected,0.5,0.957231507523547,1.2964930514947102,0.013918037552775441,0.05016443188514224,0.21962075509328277,-0.01878486504400299,66.2375,0.7579166666666668
har,MR,APS,fixed_25,0.5,0.900107707363217,1.7875884308137218,0.0327356040244754,0.0017602995247774796,0.02454800634206531,0.0015891182157562924,112.5,0.7500000000000004
har,MR,APS,fixed_50,0.5,0.8992543132785408,1.7718550462070257,0.03159460189829633,0.0009069054401013105,0.008814621735369017,0.00044811608957722723,225.0,0.5000000000000002
har,MR,APS,fixed_75,0.5,0.8988761021813932,1.7666888645184182,0.03115069081724623,0.0005286943429537134,0.0036484400467617206,4.205008527130055e-06,337.5,0.2500000000000001
har,MR,APS,full_reference,0.5,0.8983474078384396,1.7630404244716567,0.0311464858087191,0.0,0.0,0.0,450.0,0.0
har,MR,APS,horizon,0.1,0.9056186776414107,1.7942291738350182,0.027469407211096017,0.007271269802971231,0.03118874936336175,-0.0036770785976230624,378.525,0.10877604166666661
har,MR,APS,horizon,0.25,0.9214670210797543,1.871091216310512,0.020114106295038358,0.02311961324131471,0.10805079183885542,-0.011032379513680713,234.6125,0.37757812500000004
har,MR,APS,horizon,0.5,0.9431148369695629,2.001712145448243,0.011794521660963724,0.044767429131123325,0.23867172097658643,-0.01935196414775536,128.8875,0.6161328125000001
har,MR,APS,horizon,1.0,0.964983229887082,2.2077770699369355,0.006111020524017558,0.06663582204864243,0.44473664546527875,-0.025035465284701523,70.425,0.7663411458333333
har,MR,APS,hypergeom,0.1,0.9057370264872852,1.7946128308152665,0.02733545121619979,0.0073896186488456,0.031572406343609645,-0.003811034592519288,398.125,0.07743489583333328
har,MR,APS,hypergeom,0.25,0.9222831661709656,1.8745644711738747,0.019710921620550003,0.023935758332526133,0.11152404670221801,-0.011435564188169071,270.9625,0.30389322916666667
har,MR,APS,hypergeom,0.5,0.9447841390357741,2.0102170382525153,0.011047144463168167,0.04643673119733454,0.2471766137808586,-0.020099341345550917,156.55,0.5426432291666666
har,MR,APS,hypergeom,1.0,0.9679806818946068,2.233218520957172,0.005201873835825891,0.06963327405616727,0.4701780964855155,-0.025944611972893196,89.5125,0.703203125
har,MR,APS,martingale,0.1,0.9048671547734539,1.790903990766864,0.02782035516617922,0.006519746935014419,0.02786356629520732,-0.0033261306425398586,414.9125,0.047070312499999975
har,MR,APS,martingale,0.25,0.9211481529376445,1.8693861633424065,0.020343444556567836,0.022800745099204902,0.10634573887074981,-0.010803041252151238,305.9,0.22222656249999997
har,MR,APS,martingale,0.5,0.9459294310244991,2.0175632957592105,0.010652473068447429,0.04758202318605957,0.2545228712875537,-0.020494012740271652,183.5375,0.46394531250000004
har,MR,APS,martingale,1.0,0.9713510776579743,2.2685235733676183,0.0043220375817634256,0.07300366981953478,0.5054831488959619,-0.026824448226955667,99.5875,0.6615755208333334
har,MR,APS,midpoint,0.5,0.8850452706041251,1.7151416150417014,0.03995572018241756,-0.01330213723431435,-0.047898809429955155,0.00880923437369843,128.8875,0.6161328125000001
har,MR,APS,no_intersection,0.5,0.9426897424416478,1.9984912121646612,0.011872110648054112,0.044342334603208355,0.23545078769300445,-0.01927437516066497,133.9625,0.6038671875000001
har,MR,APS,one_look_50,0.5,0.9323900104502039,1.9523278703103732,0.016395540482382915,0.03404260261176422,0.18928744583871654,-0.014750945326336166,225.0,0.5000000000000002
har,MR,APS,sparse_checks,0.5,0.9388797270089216,1.976261185273436,0.013490538890846117,0.040532319170481994,0.21322076080177915,-0.01765594691787296,130.6125,0.6070312500000002
har,MR,APS,uncorrected,0.5,0.9412353300249429,1.9940163387013086,0.01275811198465413,0.04288792218650327,0.23097591422965208,-0.018388373824064944,92.2625,0.6845182291666667
har,MR,LAC,fixed_25,0.5,0.9061602072258638,1.0040660544864268,0.030784644256153407,0.00044597259126227687,0.016761916869158337,0.0014675854283739095,112.5,0.7500000000000004
har,MR,LAC,fixed_50,0.5,0.9064410270150354,0.9935308822491831,0.029343473429585997,0.0007267923804338143,0.006226744631914411,2.6414601806500864e-05,225.0,0.5000000000000002
har,MR,LAC,fixed_75,0.5,0.9063362829845343,0.9907489584144573,0.029211169379205284,0.0006220483499326132,0.0034448207971887043,-0.00010588944857420923,337.5,0.2500000000000001
har,MR,LAC,full_reference,0.5,0.9057142346346015,0.9873041376172685,0.029317058827779498,0.0,0.0,0.0,450.0,0.0
har,MR,LAC,horizon,0.1,0.9246622538823586,1.029697843707043,0.01888190425483064,0.018948019247756912,0.04239370608977429,-0.01043515457294883,266.0375,0.308515625
har,MR,LAC,horizon,0.25,0.9476897826297681,1.107414778010246,0.009035891648824894,0.04197554799516641,0.12011064039297745,-0.020281167178954583,129.4,0.609453125
har,MR,LAC,horizon,0.5,0.9635554122204941,1.2236640407237518,0.004463971343422504,0.05784117758589238,0.2363599031064834,-0.024853087484356978,80.15,0.7372786458333334
har,MR,LAC,horizon,1.0,0.9722443354162932,1.3794160521677215,0.002795945811924674,0.0665301007816914,0.3921119145504531,-0.026521113015854806,61.425,0.7886979166666668
har,MR,LAC,hypergeom,0.1,0.9251155791528041,1.0304222479020784,0.018548591545562706,0.019401344518202468,0.043118110284809746,-0.010768467282216762,300.2,0.2454427083333333
har,MR,LAC,hypergeom,0.25,0.9495726403276185,1.1133919088600128,0.008169666166654,0.04385840569301675,0.12608777124274434,-0.021147392661125478,157.7875,0.5317708333333334
har,MR,LAC,hypergeom,0.5,0.96638090527599,1.2415434201064135,0.0035551812838191315,0.060666670641388185,0.25423928248914507,-0.02576187754396035,100.525,0.6721223958333334
har,MR,LAC,hypergeom,1.0,0.9754085661953672,1.4177341587914976,0.0020143864171889435,0.06969433156076534,0.4304300211742291,-0.027302672410590537,78.425,0.7305078125000002
har,MR,LAC,martingale,0.1,0.9236090234955776,1.0270669546854647,0.01936031207174137,0.017894788860976025,0.039762817068196024,-0.0099567467560381,334.775,0.1693880208333333
har,MR,LAC,martingale,0.25,0.9504990868814163,1.1184190417119224,0.008065886753136044,0.04478485224681462,0.13111490409465373,-0.021251172074643436,185.3,0.44975260416666674
har,MR,LAC,martingale,0.5,0.9688979683699769,1.2605091693290553,0.002873237768754662,0.0631837337353751,0.27320503171178684,-0.026443821059024823,114.25,0.61953125
har,MR,LAC,martingale,1.0,0.9785361813685269,1.462963543484428,0.001268053813145967,0.07282194673392511,0.4756594058671594,-0.028049005014633522,85.8125,0.6956380208333335
har,MR,LAC,midpoint,0.5,0.9163851205976905,1.0023168453520819,0.021246629921679385,0.010670885963088905,0.015012707734813236,-0.008070428906100092,80.15,0.7372786458333334
har,MR,LAC,no_intersection,0.5,0.9632914226122374,1.22048778128102,0.004542668779717798,0.05757718797763579,0.23318364366375163,-0.024774390048061687,81.0,0.7352083333333332
har,MR,LAC,one_look_50,0.5,0.9388686928765305,1.0977739770308346,0.012887540292608173,0.03315445824192882,0.11046983941356613,-0.016429518535171304,225.0,0.5000000000000002
har,MR,LAC,sparse_checks,0.5,0.962192393880292,1.212936120429889,0.005004408997751239,0.05647815924569027,0.22563198281262054,-0.024312649830028243,77.275,0.7455729166666668
har,MR,LAC,uncorrected,0.5,0.9609183998183357,1.209975107409626,0.005602597334296235,0.05520416518373392,0.22267096979235762,-0.023714461493483243,59.7625,0.7773307291666668
mhealth,IT,APS,fixed_25,0.5,0.8982722089073676,6.28055420701918,0.03490845683015327,-0.00263886622644744,0.04079367176153499,0.003578587421002146,82.5,0.7500000000000004
mhealth,IT,APS,fixed_50,0.5,0.9001316649963366,6.246088159977868,0.03265278306188707,-0.0007794101374783551,0.006327624720223154,0.0013229136527359512,165.0,0.5000000000000002
mhealth,IT,APS,fixed_75,0.5,0.900084522062339,6.237165197344645,0.03223037975113184,-0.0008265530714760101,-0.00259533791300025,0.0009005103419807224,247.5,0.2500000000000001
mhealth,IT,APS,full_reference,0.5,0.9009110751338149,6.239760535257645,0.03132986940915111,0.0,0.0,0.0,330.0,0.0
mhealth,IT,APS,horizon,0.1,0.9010881455756374,6.244714658690511,0.031209381925251654,0.00017707044182258374,0.004954123432866981,-0.000120487483899445,326.5375,0.008958333333333297
mhealth,IT,APS,horizon,0.25,0.9024111190175894,6.27161170003135,0.03024982608916955,0.0015000438837744887,0.0318511647737057,-0.0010800433199815475,315.1125,0.03692708333333328
mhealth,IT,APS,horizon,0.5,0.9068251686526416,6.380416171848834,0.027599407307644985,0.005914093518826682,0.14065563659119013,-0.0037304621015061086,282.725,0.12057291666666663
mhealth,IT,APS,horizon,1.0,0.9144069741242282,6.621651077166386,0.023084978377289515,0.01349589899041313,0.38189054190874094,-0.008244891031861577,210.5625,0.32
mhealth,IT,APS,hypergeom,0.1,0.9011216031078062,6.244294230398007,0.031182350968118822,0.000210527973991325,0.0045336951403627136,-0.00014751844103228499,327.9625,0.005208333333333305
mhealth,IT,APS,hypergeom,0.25,0.9022761351992831,6.26754166567287,0.030323232072053747,0.0013650600654682176,0.02778113041522536,-0.0010066373370973551,320.025,0.024531249999999963
mhealth,IT,APS,hypergeom,0.5,0.9068333700298588,6.379137554481276,0.02768830155333816,0.005922294896043799,0.13937701922363147,-0.0036415678558129314,294.9625,0.0891145833333333
mhealth,IT,APS,hypergeom,1.0,0.9147321517399783,6.63160344965789,0.022919470980609515,0.013821076606163255,0.39184291440024505,-0.00841039842854158,231.6625,0.25817708333333333
mhealth,IT,APS,martingale,0.1,0.9009817488021392,6.2409089877369635,0.031287482780714714,7.067366832423125e-05,0.0011484524793185312,-4.2386628436397495e-05,329.2125,0.0019270833333333078
mhealth,IT,APS,martingale,0.25,0.9021544595821295,6.262812163463262,0.030427788068864592,0.00124338444831464,0.02305162820561722,-0.00090208134028651,323.65,0.014270833333333312
mhealth,IT,APS,martingale,0.5,0.9062948173565457,6.364061257382558,0.028037643445734374,0.005383742222730861,0.1243007221249139,-0.003292225963416718,306.9125,0.05494791666666662
mhealth,IT,APS,martingale,1.0,0.9144905479690962,6.630577567780863,0.02314413036298915,0.01357947283528121,0.3908170325232179,-0.00818573904616195,255.3375,0.18812500000000001
mhealth,IT,APS,midpoint,0.5,0.9007097177228636,6.244985110583608,0.031402781648270595,-0.00020135741095127,0.0052245753259626704,7.291223911948125e-05,282.725,0.12057291666666663
mhealth,IT,APS,no_intersection,0.5,0.9069049852593765,6.3773364495071,0.02753357322238551,0.005993910125561504,0.13757591424945512,-0.003796296186765581,290.1125,0.09979166666666664
mhealth,IT,APS,one_look_50,0.5,0.9225598480126852,7.0395402266319875,0.01855491498033275,0.021648772878870202,0.7997796913743437,-0.012774954428818342,165.0,0.5000000000000002
mhealth,IT,APS,sparse_checks,0.5,0.9021395916519068,6.268206935836268,0.030616169005385774,0.0012285165180920524,0.02844640057862378,-0.0007137004037653312,307.225,0.05588541666666665
mhealth,IT,APS,uncorrected,0.5,0.9067341999094369,6.383703863933465,0.027786087222225607,0.005823124775621913,0.1439433286758212,-0.0035437821869254817,244.275,0.21130208333333328
mhealth,IT,LAC,fixed_25,0.5,0.8966918762597034,2.102751480222666,0.031628927816463176,-0.002916248696599204,0.1527920671634578,0.005144481701529403,82.5,0.7500000000000004
mhealth,IT,LAC,fixed_50,0.5,0.8964417384092973,1.957847162257527,0.030078000309196617,-0.00316638654700535,0.007887749198318684,0.0035935541942628386,165.0,0.5000000000000002
mhealth,IT,LAC,fixed_75,0.5,0.8983622406085503,1.9534137321943497,0.027965939585618948,-0.0012458843477524053,0.003454319135141186,0.0014814934706851822,247.5,0.2500000000000001
mhealth,IT,LAC,full_reference,0.5,0.8996081249563026,1.9499594130592084,0.026484446114933762,0.0,0.0,0.0,330.0,0.0
mhealth,IT,LAC,horizon,0.1,0.9026117514669829,1.9639240697928528,0.02502958840255893,0.0030036265106802977,0.013964656733644604,-0.0014548577123748216,300.0,0.0788020833333333
mhealth,IT,LAC,horizon,0.25,0.9081695192756761,2.0056675939517574,0.02180041599312117,0.008561394319373352,0.05570818089254911,-0.0046840301218125805,259.025,0.18890624999999997
mhealth,IT,LAC,horizon,0.5,0.9150219591028257,2.101218775187527,0.017859048866517912,0.01541383414652297,0.15125936212831853,-0.008625397248415838,201.825,0.34770833333333334
mhealth,IT,LAC,horizon,1.0,0.9244580298092788,2.2980937091693083,0.014199468659538089,0.02484990485297616,0.34813429611009955,-0.012284977455395665,157.425,0.476875
mhealth,IT,LAC,hypergeom,0.1,0.9029086048098336,1.9656296196242256,0.024872266271981653,0.003300479853530746,0.01567020656501712,-0.0016121798429520988,307.4125,0.05901041666666664
mhealth,IT,LAC,hypergeom,0.25,0.9086074343784759,2.007688992036107,0.021660633228251926,0.008999309422173193,0.05772957897689844,-0.004823812886681819,273.7125,0.14916666666666667
mhealth,IT,LAC,hypergeom,0.5,0.9157393433783778,2.1053170153344127,0.01730198254996009,0.01613121842207501,0.15535760227520407,-0.009182463564973663,220.65,0.29234375
mhealth,IT,LAC,hypergeom,1.0,0.9253971652688676,2.3114815409742,0.013571320114908112,0.02578904031256486,0.36152212791499194,-0.012913126000025643,176.85,0.41390625000000003
mhealth,IT,LAC,martingale,0.1,0.9027872488598077,1.9641171301435385,0.02492342294664515,0.0031791239035049365,0.014157717084329882,-0.0015610231682886067,312.975,0.041354166666666636
mhealth,IT,LAC,martingale,0.25,0.9076949782956479,2.000450597106341,0.022410029303674854,0.008086853339345213,0.050491184047132286,-0.0040744168112588994,287.725,0.10739583333333332
mhealth,IT,LAC,martingale,0.5,0.9154254442353649,2.100566180526324,0.017774840489122375,0.0158173192790621,0.150606767467115,-0.00870960562581138,240.1,0.23192708333333334
mhealth,IT,LAC,martingale,1.0,0.9257136023657238,2.3043486885977638,0.01359116259664872,0.026105477409420912,0.35438927553855526,-0.012893283518285037,196.925,0.3474479166666667
mhealth,IT,LAC,midpoint,0.5,0.8865181774242465,1.9053878733340546,0.03634784027913277,-0.013089947532056143,-0.04457153972515376,0.009863394164198987,201.825,0.34770833333333334
mhealth,IT,LAC,no_intersection,0.5,0.915039478412749,2.1026247105311215,0.017753837573234538,0.015431353456446325,0.1526652974719132,-0.008730608541699214,205.3625,0.3370833333333334
mhealth,IT,LAC,one_look_50,0.5,0.9223093292247867,2.8125784756918906,0.0165114493159134,0.022701204268484026,0.8626190626326823,-0.009972996799020353,165.0,0.5000000000000002
mhealth,IT,LAC,sparse_checks,0.5,0.9121764668921039,2.0401975224124906,0.020195354149498652,0.012568341935801069,0.09023810935328233,-0.006289091965435101,213.6,0.31364583333333346
mhealth,IT,LAC,uncorrected,0.5,0.9144663540758792,2.1062004041639772,0.01851210695541052,0.014858229119576485,0.156240991104769,-0.00797233915952323,169.6125,0.42453124999999997
mhealth,LR,APS,fixed_25,0.5,0.8988116231663087,3.7171447718505655,0.042830832550322655,0.001969065709289646,0.10076469525901251,-0.001598171363004945,82.5,0.7500000000000004
mhealth,LR,APS,fixed_50,0.5,0.8969733671843262,3.6468309989669123,0.043824916849468196,0.00013080972730716492,0.03045092237535913,-0.0006040870638594018,165.0,0.5000000000000002
mhealth,LR,APS,fixed_75,0.5,0.8967610494390004,3.6268913877448385,0.04403886937975258,-8.1508018018634e-05,0.010511311153285092,-0.0003901345335750195,247.5,0.2500000000000001
mhealth,LR,APS,full_reference,0.5,0.896842557457019,3.616380076591553,0.0444290039133276,0.0,0.0,0.0,330.0,0.0
mhealth,LR,APS,horizon,0.1,0.8973491227552435,3.62036265909326,0.043988990374658095,0.0005065652982244888,0.003982582501706481,-0.00044001353866950495,326.2,0.009270833333333294
mhealth,LR,APS,horizon,0.25,0.899936260581144,3.6797827857458456,0.04225259802093173,0.0030937031241249175,0.06340270915429305,-0.0021764058923958622,303.55,0.06307291666666662
mhealth,LR,APS,horizon,0.5,0.9059444967309009,3.7995203112429623,0.03867105777488861,0.009101939273881865,0.183140234651409,-0.005757946138438976,250.5375,0.2009375
mhealth,LR,APS,horizon,1.0,0.9204213371541041,4.039994450969981,0.02817653158811757,0.02357877969708495,0.4236143743784284,-0.016252472325210016,166.4,0.4395833333333334
mhealth,LR,APS,hypergeom,0.1,0.8970245146123217,3.618739061366868,0.044286360076820915,0.00018195715530262623,0.002358984775314995,-0.00014264383650668876,328.75,0.0029687499999999675
mhealth,LR,APS,hypergeom,0.25,0.8998487115826869,3.6767447873888415,0.04226415853574485,0.0030061541256677588,0.060364710797288154,-0.002164845377582745,312.7,0.04098958333333329
mhealth,LR,APS,hypergeom,0.5,0.9060634194284987,3.804146826866296,0.03858273359330029,0.009220861971479557,0.18776675027474304,-0.0058462703200272996,271.0,0.1489583333333333
mhealth,LR,APS,hypergeom,1.0,0.9203223178267728,4.048360518340604,0.028173698604555514,0.02347976036975368,0.4319804417490509,-0.01625530530877207,193.55,0.3591145833333334
mhealth,LR,APS,martingale,0.1,0.8969260897963467,3.61787361440891,0.044384091588810015,8.35323393276975e-05,0.001493537817356495,-4.4912324517585e-05,329.625,0.0008333333333333199
mhealth,LR,APS,martingale,0.25,0.8994520152230651,3.66860540653155,0.04255395399966675,0.0026094577660459965,0.052225329939997026,-0.001875049913660842,319.9,0.02229166666666662
mhealth,LR,APS,martingale,0.5,0.9050495274667828,3.7918489185375073,0.0391974274274427,0.008206970009763725,0.1754688419459539,-0.005231576485884894,292.0375,0.0891145833333333
mhealth,LR,APS,martingale,1.0,0.9205668044680362,4.053906737961803,0.02789610471104061,0.023724247011016997,0.4375266613702501,-0.01653289920228698,224.4125,0.2659375
mhealth,LR,APS,midpoint,0.5,0.8964317491472669,3.6066856262498512,0.04444360901199584,-0.00041080830975210746,-0.009694450341702012,1.4605098668232677e-05,250.5375,0.2009375
mhealth,LR,APS,no_intersection,0.5,0.905735754335298,3.8012015679302698,0.038810358485816494,0.008893196878278846,0.18482149133871686,-0.0056186454275111005,261.4625,0.17161458333333332
mhealth,LR,APS,one_look_50,0.5,0.9257820716568494,4.2638715343194225,0.026898788209326785,0.028939514199830263,0.6474914577278688,-0.017530215704000804,165.0,0.5000000000000002
mhealth,LR,APS,sparse_checks,0.5,0.9002756596202962,3.6766772825415757,0.042160888793050334,0.00343310216327719,0.060297205950022456,-0.002268115120277253,287.5,0.10421874999999999
mhealth,LR,APS,uncorrected,0.5,0.9060825598942582,3.7932356107984413,0.03833630532730883,0.009240002437239055,0.17685553420688777,-0.006092698586018764,204.9875,0.31072916666666667
mhealth,LR,LAC,fixed_25,0.5,0.8842982918031165,1.3854970993107387,0.04638368784519197,0.005368711564902616,0.0698300139660016,-0.0006361671165431678,82.5,0.7500000000000004
mhealth,LR,LAC,fixed_50,0.5,0.8796025412485836,1.333453035106018,0.04766313622439564,0.0006729610103697399,0.017785949761280995,0.0006432812626605124,165.0,0.5000000000000002
mhealth,LR,LAC,fixed_75,0.5,0.8799636292311659,1.3232944168770584,0.046808557539124517,0.0010340489929519937,0.00762733153232136,-0.00021129742261060785,247.5,0.2500000000000001
mhealth,LR,LAC,full_reference,0.5,0.8789295802382139,1.315667085344737,0.047019854961735136,0.0,0.0,0.0,330.0,0.0
mhealth,LR,LAC,horizon,0.1,0.8863536472890431,1.3374569934291185,0.042199245187059135,0.007424067050829293,0.02178990808438126,-0.004820609774675979,296.8875,0.08442708333333329
mhealth,LR,LAC,horizon,0.25,0.9051863220394194,1.414795039689294,0.032101271628708856,0.026256741801205456,0.09912795434455683,-0.014918583333026258,219.0375,0.29510416666666667
mhealth,LR,LAC,horizon,0.5,0.9286485800618267,1.5453292113613775,0.018385436159272812,0.04971899982361289,0.22966212601664032,-0.028634418802462303,148.4375,0.5001041666666667
mhealth,LR,LAC,horizon,1.0,0.9513488095760622,1.784440067921404,0.008451941543266398,0.07241922933784824,0.46877298257666683,-0.03856791341846873,91.25,0.6707291666666666
mhealth,LR,LAC,hypergeom,0.1,0.88602203292005,1.3355053874351088,0.04226003482424641,0.007092452681836121,0.019838302090371778,-0.004759820137488698,308.05,0.05624999999999995
mhealth,LR,LAC,hypergeom,0.25,0.9066161648747812,1.4191889225692005,0.031096540998486903,0.02768658463656723,0.10352183722446315,-0.015923313963248205,242.025,0.2308333333333333
mhealth,LR,LAC,hypergeom,0.5,0.9304355047686622,1.554882731025733,0.017405576412313738,0.05150592453044815,0.23921564568099588,-0.029614278549421374,173.0375,0.42489583333333336
mhealth,LR,LAC,hypergeom,1.0,0.9543766218632788,1.8065451121841356,0.006786349642767041,0.07544704162506484,0.49087802683939874,-0.04023350531896808,111.475,0.5988541666666668
mhealth,LR,LAC,martingale,0.1,0.8850312462514891,1.3319107031554291,0.04295389250244489,0.006101666013275382,0.01624361781069198,-0.004065962459290226,316.85,0.030572916666666637
mhealth,LR,LAC,martingale,0.25,0.9066143345043173,1.4170910934996668,0.031397778448422294,0.027684754266103513,0.10142400815492951,-0.015622076513312818,262.8,0.16869791666666664
mhealth,LR,LAC,martingale,0.5,0.9316819397163034,1.5564244809190682,0.016556967806049587,0.052752359478089525,0.24075739557433096,-0.03046288715568553,198.5375,0.34317708333333335
mhealth,LR,LAC,martingale,1.0,0.9577454287719075,1.8376423842294962,0.0055531256255645246,0.07881584853369343,0.5219752988847591,-0.0414667293361706,130.325,0.5338541666666667
mhealth,LR,LAC,midpoint,0.5,0.8769876900764878,1.30710030176843,0.047892012115198515,-0.0019418901617259427,-0.008566783576307115,0.0008721571534633695,148.4375,0.5001041666666667
mhealth,LR,LAC,no_intersection,0.5,0.9280793441511814,1.5416333216505915,0.018756107842661882,0.04914976391296752,0.22596623630585447,-0.02826374711907323,154.4,0.4841145833333334
mhealth,LR,LAC,one_look_50,0.5,0.9220080210144236,1.652122626825096,0.024529730929415933,0.043078440776209495,0.336455541480359,-0.022490124032319186,165.0,0.5000000000000002
mhealth,LR,LAC,sparse_checks,0.5,0.9222378842157442,1.4929941187609042,0.021445956596276093,0.04330830397753032,0.1773270334161672,-0.02557389836545902,159.075,0.46973958333333343
mhealth,LR,LAC,uncorrected,0.5,0.9261351743487325,1.53771545286529,0.019920124219089595,0.0472055941105184,0.22204836752055285,-0.027099730742645524,113.45,0.58515625
mhealth,MR,APS,fixed_25,0.5,0.9103726641465222,3.4723829497711898,0.025958975746721125,0.002740003615690151,0.14306874173258546,0.0034856454114952536,82.5,0.7500000000000004
mhealth,MR,APS,fixed_50,0.5,0.9096904779256192,3.38188407221259,0.023035339114144175,0.002057817394787146,0.05256986417398626,0.0005620087789183236,165.0,0.5000000000000002
mhealth,MR,APS,fixed_75,0.5,0.9085611396502966,3.350558464680897,0.022435634457977652,0.0009284791194643799,0.021244256642292892,-3.76958772482035e-05,247.5,0.2500000000000001
mhealth,MR,APS,full_reference,0.5,0.907632660530832,3.3293142080386033,0.02247333033522585,0.0,0.0,0.0,330.0,0.0
mhealth,MR,APS,horizon,0.1,0.9080446950930149,3.3341189098162447,0.022350925927650207,0.00041203456218295625,0.004804701777640561,-0.00012240440757564124,325.4375,0.010937499999999952
mhealth,MR,APS,horizon,0.25,0.9113561633070004,3.3817715664103174,0.020358375537756046,0.003723502776168285,0.05245735837171336,-0.0021149547974697925,307.375,0.055312499999999945
mhealth,MR,APS,horizon,0.5,0.9212296482034553,3.5154884229845242,0.014790552198765896,0.013596987672623231,0.18617421494592062,-0.007682778136459933,265.4375,0.16421874999999997
mhealth,MR,APS,horizon,1.0,0.9378221526493788,3.7781527001805144,0.007910104828488184,0.03018949211854675,0.44883849214191046,-0.014563225506737647,187.325,0.3813020833333334
mhealth,MR,APS,hypergeom,0.1,0.9079707937888873,3.3326957744141255,0.022366116970331685,0.0003381332580552875,0.003381566375521746,-0.00010721336489416124,328.0,0.004583333333333308
mhealth,MR,APS,hypergeom,0.25,0.911054615359434,3.3752066891733237,0.02060673913121336,0.0034219548286019584,0.04589248113471957,-0.0018665912040124754,315.05,0.03593749999999996
mhealth,MR,APS,hypergeom,0.5,0.9217549011431204,3.5208622156532563,0.01436521041102271,0.014122240612288398,0.19154800761465224,-0.00810811992420312,282.625,0.12010416666666664
mhealth,MR,APS,hypergeom,1.0,0.9387149213882651,3.790137443754433,0.007422008256023145,0.031082260857432903,0.4608232357158289,-0.015051322079202692,214.5,0.303125
mhealth,MR,APS,martingale,0.1,0.9078009318336836,3.33128867850663,0.022388743869060434,0.00016827130285154002,0.0019744704680259976,-8.458646616541e-05,329.3,0.001458333333333325
mhealth,MR,APS,martingale,0.25,0.9102488211606771,3.3662273498278124,0.02113073032845887,0.0026161606298449403,0.03691314178920824,-0.001342600006766967,322.3,0.01687499999999998
mhealth,MR,APS,martingale,0.5,0.9203003049627796,3.501989771484716,0.015460067739447431,0.012667644431947362,0.1726755634461121,-0.007013262595778407,299.5625,0.07124999999999997
mhealth,MR,APS,martingale,1.0,0.9373369271207002,3.7769192953016613,0.008338635339887598,0.029704266589868057,0.4476050872630576,-0.014134694995338237,242.25,0.2184375
mhealth,MR,APS,midpoint,0.5,0.908388585411724,3.3406409422934855,0.022415780590202466,0.00075592488089193,0.011326734254881406,-5.754974502338627e-05,265.4375,0.16421874999999997
mhealth,MR,APS,no_intersection,0.5,0.9211201924091675,3.5137052067784844,0.014777234991525126,0.013487531878335434,0.18439099873988055,-0.007696095343700709,274.65,0.13822916666666665
mhealth,MR,APS,one_look_50,0.5,0.9497730440331541,4.117805936151057,0.005234877309583439,0.042140383502321944,0.7884917281124532,-0.017238453025642392,165.0,0.5000000000000002
mhealth,MR,APS,sparse_checks,0.5,0.9107446445899487,3.378798042274302,0.021287429286718125,0.0031119840591167765,0.04948383423569757,-0.0011859010485077124,294.725,0.08692708333333334
mhealth,MR,APS,uncorrected,0.5,0.9202625179129663,3.506984240498795,0.015562290616497682,0.012629857382134143,0.17767003246019103,-0.00691103971872815,219.6125,0.27109375
mhealth,MR,LAC,fixed_25,0.5,0.8941492883653022,1.196666261694071,0.031109851257326255,0.0007092729458854211,0.08507541141657618,0.0022347293816182123,82.5,0.7500000000000004
mhealth,MR,LAC,fixed_50,0.5,0.8922144004506197,1.136791079048264,0.03090399807560403,-0.0012256149687970125,0.02520022877076895,0.0020288761998959797,165.0,0.5000000000000002
mhealth,MR,LAC,fixed_75,0.5,0.8934296743826501,1.1231700619442546,0.02922914800723802,-1.0341036766568736e-05,0.011579211666759678,0.00035402613152998,247.5,0.2500000000000001
mhealth,MR,LAC,full_reference,0.5,0.8934400154194166,1.111590850277495,0.028875121875708044,0.0,0.0,0.0,330.0,0.0
mhealth,MR,LAC,horizon,0.1,0.8993732063147863,1.1378661955889666,0.024877696853789894,0.005933190895369634,0.026275345311471732,-0.0039974250219181285,281.3,0.1245833333333333
mhealth,MR,LAC,horizon,0.25,0.9112465136481631,1.2213097126779062,0.018293575361489033,0.017806498228746526,0.10971886240041137,-0.010581546514218993,200.5375,0.35
mhealth,MR,LAC,horizon,0.5,0.9257451984150696,1.348576156623213,0.01002880574216207,0.03230518299565296,0.23698530634571807,-0.018846316133545954,146.4625,0.5072395833333333
mhealth,MR,LAC,horizon,1.0,0.9448803994803857,1.6139401564147153,0.004049466750232803,0.05144038406096894,0.5023493061372204,-0.024825655125475223,94.1875,0.6642708333333334
mhealth,MR,LAC,hypergeom,0.1,0.8997057633527824,1.1371355843428677,0.02470596588933556,0.006265747933365655,0.025544734065372866,-0.004169155986372462,296.9375,0.08484374999999995
mhealth,MR,LAC,hypergeom,0.25,0.9120301969192532,1.2235435610997267,0.017851881386541535,0.01859018149983652,0.11195271082223193,-0.01102324048916649,225.2625,0.27890625
mhealth,MR,LAC,hypergeom,0.5,0.9273704872464055,1.360638088141331,0.009018753742002948,0.0339304718269888,0.24904723786383598,-0.019856368133705084,171.15,0.43036458333333333
mhealth,MR,LAC,hypergeom,1.0,0.9473443782520592,1.6401589410936386,0.0034168743514559966,0.05390436283264248,0.5285680908161439,-0.025458247524252037,117.4125,0.5843750000000001
mhealth,MR,LAC,martingale,0.1,0.8992472838883456,1.134254739417703,0.025191652809163002,0.0058072684689289625,0.022663889140208053,-0.0036834690665450307,311.3125,0.0442708333333333
mhealth,MR,LAC,martingale,0.25,0.9112680518230863,1.2149990756600477,0.018364894036411443,0.01782803640366985,0.10340822538255276,-0.010510227839296575,250.0125,0.20270833333333332
mhealth,MR,LAC,martingale,0.5,0.9280490937552466,1.3585651969031014,0.009072749769271669,0.034609078335829976,0.24697434662560652,-0.019802372106436362,194.9625,0.35239583333333335
mhealth,MR,LAC,martingale,1.0,0.950591411545912,1.66467288044969,0.0027251834177554287,0.05715139612649526,0.5530820301721951,-0.026149938457952604,136.275,0.5156770833333335
mhealth,MR,LAC,midpoint,0.5,0.8867837926726934,1.0838293795995178,0.03328992348929737,-0.00665622274672333,-0.027761470677977157,0.004414801613589322,146.4625,0.5072395833333333
mhealth,MR,LAC,no_intersection,0.5,0.9255134369178724,1.344714909179984,0.010085840824595604,0.03207342149845568,0.23312405890248908,-0.018789281051112418,148.8375,0.500625
mhealth,MR,LAC,one_look_50,0.5,0.922832738176828,1.4785648946163907,0.013612099589382953,0.02939272275741131,0.36697404433889586,-0.015263022286325059,165.0,0.5000000000000002
mhealth,MR,LAC,sparse_checks,0.5,0.9211496136975285,1.2863864032672854,0.013176951009792756,0.027709598278111824,0.1747955529897906,-0.01569817086591526,157.3375,0.4789583333333335
mhealth,MR,LAC,uncorrected,0.5,0.9249623864229568,1.3430089716745028,0.01052369585711332,0.03152237100354008,0.2314181213970079,-0.018351426018594706,114.4125,0.5856770833333335
pamap2,IT,APS,fixed_25,0.5,0.8893761989231781,6.802168686843003,0.03999743591338898,-0.0018799680986607,0.06131118737475162,0.002401342809409836,67.5,0.7500000000000004
pamap2,IT,APS,fixed_50,0.5,0.8890042672255072,6.738326719242627,0.03939110586234606,-0.0022518997963315275,-0.0025307802256239595,0.0017950127583669113,135.0,0.5000000000000002
pamap2,IT,APS,fixed_75,0.5,0.891060831821953,6.747096411993337,0.037693131253048566,-0.00019533519988587924,0.006238912525086195,9.703814906942469e-05,202.5,0.2500000000000001
pamap2,IT,APS,full_reference,0.5,0.8912561670218387,6.740857499468251,0.037596093103979135,0.0,0.0,0.0,270.0,0.0
pamap2,IT,APS,horizon,0.1,0.8913664579585789,6.745262486553944,0.037594153692225026,0.00011029093674014836,0.0044049870856926795,-1.9394117541037875e-06,262.39375,0.02457465277777774
pamap2,IT,APS,horizon,0.25,0.8926460623699133,6.774976809928477,0.03688237564950542,0.0013898953480744479,0.03411931046022543,-0.000713717454473702,250.13125,0.06497395833333329
pamap2,IT,APS,horizon,0.5,0.8976814970260468,6.874792694949393,0.03403279007221419,0.006425330004207979,0.13393519548114216,-0.0035633030317649065,226.2625,0.14592013888888886
pamap2,IT,APS,horizon,1.0,0.9083971878537314,7.1121759358343635,0.02893025815654308,0.017141020831892458,0.3713184363661125,-0.008665834947436026,179.4,0.3100260416666667
pamap2,IT,APS,hypergeom,0.1,0.8914766271344747,6.746309393521002,0.03751164409015899,0.000220460112635908,0.005451894052750655,-8.444901382013593e-05,264.75625,0.01678819444444442
pamap2,IT,APS,hypergeom,0.25,0.8926482071116795,6.771795536705913,0.03681114203383223,0.0013920400898406087,0.030938037237661493,-0.0007849510701468914,255.97500000000002,0.04559895833333329
pamap2,IT,APS,hypergeom,0.5,0.8978008480522681,6.8751729624250615,0.03392736123467875,0.006544681030429276,0.13431546295681074,-0.003668731869300352,235.94375,0.11236111111111108
pamap2,IT,APS,hypergeom,1.0,0.9088639419752831,7.1216754296105345,0.02877391019893242,0.01760777495344423,0.3808179301422827,-0.008822182905046685,195.95625,0.2495659722222222
pamap2,IT,APS,martingale,0.1,0.8914162061844385,6.745052611769342,0.03753850529489389,0.00016003916259962916,0.004195112301091093,-5.758780908524657e-05,267.08125,0.008897569444444423
pamap2,IT,APS,martingale,0.25,0.892371974300294,6.766272070032058,0.037007894315532544,0.0011158072784551712,0.02541457056380692,-0.0005881987884465732,261.49375,0.026197916666666626
pamap2,IT,APS,martingale,0.5,0.8968327324610189,6.855009418153004,0.03441364031568428,0.005576565439180009,0.11415191868475255,-0.003182452788294831,248.63125,0.06726562499999997
pamap2,IT,APS,martingale,1.0,0.9086758051551185,7.11635249297023,0.028926530295745025,0.017419638133279618,0.37549499350197885,-0.008669562808234079,216.9375,0.1727864583333333
pamap2,IT,APS,midpoint,0.5,0.8913659410236728,6.74709213694077,0.037526971434257005,0.0001097740018339756,0.006234637472519199,-6.912166972212588e-05,226.2625,0.14592013888888886
pamap2,IT,APS,no_intersection,0.5,0.897739955598585,6.874598332620716,0.0338871368866235,0.006483788576746198,0.13374083315246488,-0.003708956217355604,231.8125,0.12631944444444443
pamap2,IT,APS,one_look_50,0.5,0.9220813099336556,7.5695329207257105,0.0225418699931141,0.0308251429118167,0.8286754212574587,-0.015054223110865003,135.0,0.5000000000000002
pamap2,IT,APS,sparse_checks,0.5,0.8946308498716166,6.811324065501252,0.0356165322548536,0.0033746828497777373,0.07046656603300103,-0.0019795608491255112,238.825,0.10061631944444444
pamap2,IT,APS,uncorrected,0.5,0.8976037391101616,6.876654310039016,0.03407823029316003,0.006347572088322724,0.1357968105707648,-0.0035178628108190734,201.74375,0.2211284722222222
pamap2,IT,LAC,fixed_25,0.5,0.8626126399453158,3.7492306388946464,0.07445568054852306,0.003149039390382318,0.19514786906504872,-0.00044008506719392805,67.5,0.7500000000000004
pamap2,IT,LAC,fixed_50,0.5,0.8595816839332329,3.59813899656274,0.07556752445046856,0.00011808337829945312,0.04405622673314254,0.0006717588347515799,135.0,0.5000000000000002
pamap2,IT,LAC,fixed_75,0.5,0.8595941434783343,3.563136834512378,0.07507254411385517,0.00013054292340085864,0.009054064682780208,0.00017677849813818564,202.5,0.2500000000000001
pamap2,IT,LAC,full_reference,0.5,0.8594636005549334,3.5540827698295976,0.07489576561571698,0.0,0.0,0.0,270.0,0.0
pamap2,IT,LAC,horizon,0.1,0.8597494386956727,3.5555082177599706,0.07460503714451636,0.00028583814073923977,0.0014254479303729827,-0.0002907284712006088,267.125,0.009262152777777739
pamap2,IT,LAC,horizon,0.25,0.8618808032209332,3.581554498623964,0.07277491900165982,0.0024172026659997686,0.027471728794366587,-0.0021208466140571476,257.95,0.03907118055555551
pamap2,IT,LAC,horizon,0.5,0.8673350476212416,3.6783538986690725,0.06862369411547396,0.007871447066308173,0.12427112883947514,-0.006272071500243001,236.69375,0.1103819444444444
pamap2,IT,LAC,horizon,1.0,0.8780333600709536,3.9256081579191546,0.06147421327160394,0.018569759516020082,0.37152538808955715,-0.01342155234411301,194.45,0.25690104166666666
pamap2,IT,LAC,hypergeom,0.1,0.8598130350513526,3.5561828756110487,0.07455363875141234,0.0003494344964192112,0.0021001057814513014,-0.00034212686430461605,268.875,0.003697916666666641
pamap2,IT,LAC,hypergeom,0.25,0.8619483061749359,3.5781667094247323,0.07266332841542783,0.00248470562000237,0.024083939595134645,-0.0022324372002891207,262.65625,0.023637152777777747
pamap2,IT,LAC,hypergeom,0.5,0.8672194360108325,3.6739500266133778,0.06872685740704113,0.00775583545589905,0.11986725678378012,-0.006168908208675826,246.10625,0.07840277777777774
pamap2,IT,LAC,hypergeom,1.0,0.8785127196925667,3.9292558093893226,0.06117038497909361,0.019049119137633186,0.3751730395597255,-0.013725380636623343,209.825,0.2008940972222222
pamap2,IT,LAC,martingale,0.1,0.8597153677552323,3.555197361526011,0.07464782822553837,0.00025176720029878625,0.00111459169641355,-0.0002479373901786118,269.59375,0.0012239583333333239
pamap2,IT,LAC,martingale,0.25,0.8613505204635602,3.5703786604976657,0.07318185209768982,0.0018869199086267692,0.01629589066806825,-0.0017139135180271369,266.43125,0.010720486111111087
pamap2,IT,LAC,martingale,0.5,0.8659790789453891,3.651471382961746,0.06973108943322931,0.006515478390455623,0.09738861313214847,-0.00516467618248764,256.41875,0.041909722222222195
pamap2,IT,LAC,martingale,1.0,0.8774216426969049,3.906238204149056,0.06196708132012704,0.017958042141971525,0.3521554343194582,-0.01292868429558991,230.3375,0.12678819444444442
pamap2,IT,LAC,midpoint,0.5,0.85749243985898,3.5467637668585925,0.07687005760560549,-0.0019711606959533228,-0.007319002971005047,0.0019742919898884993,236.69375,0.1103819444444444
pamap2,IT,LAC,no_intersection,0.5,0.86720317641707,3.675191360075766,0.06873619216985785,0.007739575862136506,0.12110859024616849,-0.006159573445859102,242.11875,0.09160590277777775
pamap2,IT,LAC,one_look_50,0.5,0.9069145241627834,4.951121777688969,0.04354596456366838,0.04745092360784988,1.3970390078593717,-0.03134980105204856,135.0,0.5000000000000002
pamap2,IT,LAC,sparse_checks,0.5,0.8639613502356938,3.618014023912596,0.07120310031233337,0.004497749680760295,0.06393125408299882,-0.0036926653033835803,247.34375,0.07280381944444443
pamap2,IT,LAC,uncorrected,0.5,0.8668484988081955,3.6761116553097395,0.06915872601721894,0.007384898253261931,0.1220288854801418,-0.005737039598498012,213.31875,0.18168402777777776
pamap2,LR,APS,fixed_25,0.5,0.8893974085839242,5.58785541495889,0.04914800313950966,-0.0011568566269281534,0.11277617435416386,0.0020324095780807428,67.5,0.7500000000000004
pamap2,LR,APS,fixed_50,0.5,0.890644523133341,5.529291213812359,0.04729959285461598,9.025792248857804e-05,0.05421197320763236,0.0001839992931870698,135.0,0.5000000000000002
pamap2,LR,APS,fixed_75,0.5,0.8907867085295977,5.4910369572440505,0.047205724407993,0.00023244331874541337,0.01595771663932447,9.013084656407284e-05,202.5,0.2500000000000001
pamap2,LR,APS,full_reference,0.5,0.8905542652108523,5.475079240604726,0.04711559356142892,0.0,0.0,0.0,270.0,0.0
pamap2,LR,APS,horizon,0.1,0.8905551487183545,5.475236057609759,0.04712308975546027,8.835075022213454e-07,0.00015681700503289642,7.496194031362892e-06,268.86875,0.0038975694444444127
pamap2,LR,APS,horizon,0.25,0.892035145491938,5.49926720667304,0.04593081136404465,0.0014808802810855576,0.024187966068313683,-0.0011847821973842566,262.5375,0.023897569444444412
pamap2,LR,APS,horizon,0.5,0.8967091843010447,5.587270671645922,0.04254479594350857,0.006154919090192338,0.11219143104119596,-0.004570797617920333,244.8,0.08249999999999996
pamap2,LR,APS,horizon,1.0,0.9066635461912408,5.818093732976474,0.03613844240924507,0.016109280980388396,0.34301449237174814,-0.010977151152183819,207.36875,0.2117621527777777
pamap2,LR,APS,hypergeom,0.1,0.8905399105580993,5.474951690894263,0.04712470632848641,-1.4354652753057888e-05,-0.00012754971046367131,9.112767057488118e-06,269.6375,0.0012065972222221925
pamap2,LR,APS,hypergeom,0.25,0.8917205771595628,5.493499963625402,0.04611664359535971,0.0011663119487103453,0.018420723020675878,-0.0009989499660691872,265.88125,0.01315104166666663
pamap2,LR,APS,hypergeom,0.5,0.8964633488971075,5.582366767426157,0.042572415922005495,0.005909083686255212,0.10728752682143106,-0.004543177639423396,252.30625,0.05755208333333329
pamap2,LR,APS,hypergeom,1.0,0.9071302061801884,5.82151060068636,0.035670490611591346,0.016575940969335956,0.34643136008163405,-0.011445102949837534,221.5,0.16221354166666663
pamap2,LR,APS,martingale,0.1,0.8905529806378186,5.475191825279861,0.04711814097243965,-1.2845730337497197e-06,0.0001125846751345018,2.547411010732512e-06,269.9125,0.0002604166666666575
pamap2,LR,APS,martingale,0.25,0.8912712903585508,5.4865415784402956,0.046485003067872815,0.0007170251476984156,0.011462337835569825,-0.000630590493556089,268.15625,0.005633680555555532
pamap2,LR,APS,martingale,0.5,0.8952914203625357,5.557466409872307,0.04341304945237596,0.0047371551516833645,0.08238716926758026,-0.0037025441090529436,260.3875,0.02960069444444441
pamap2,LR,APS,martingale,1.0,0.9057411401966254,5.787119372178568,0.03648439829134436,0.015186874985772954,0.3120401315738411,-0.010631195270084525,239.675,0.09683159722222219
pamap2,LR,APS,midpoint,0.5,0.8906371762147682,5.475972013624702,0.04710553078199331,8.291100391582325e-05,0.0008927730199763814,-1.0062779435608286e-05,244.8,0.08249999999999996
pamap2,LR,APS,no_intersection,0.5,0.8967146567266379,5.58603710930182,0.0424922961065907,0.0061603915157854156,0.11095786869709388,-0.004623297454838195,250.2125,0.06420138888888886
pamap2,LR,APS,one_look_50,0.5,0.9300091035225624,6.6787530500429275,0.025183871570724065,0.039454838311709976,1.2036738094382016,-0.021931721990704825,135.0,0.5000000000000002
pamap2,LR,APS,sparse_checks,0.5,0.893369377242043,5.522677551313563,0.04487086271223312,0.0028151120311906593,0.04759831070883623,-0.0022447308491957848,255.76875,0.04467013888888886
pamap2,LR,APS,uncorrected,0.5,0.8967438510882401,5.594106232198077,0.04276058899390938,0.006189585877387726,0.11902699159335037,-0.00435500456751952,223.0875,0.14851562499999996
pamap2,LR,LAC,fixed_25,0.5,0.8707596673770768,3.051250299724935,0.06449380445080888,0.0017478597846750784,0.13370944904154905,0.000983416724525966,67.5,0.7500000000000004
pamap2,LR,LAC,fixed_50,0.5,0.869215183967198,2.9568002689467563,0.06436473076334158,0.00020337637479627915,0.03925941826337018,0.0008543430370586739,135.0,0.5000000000000002
pamap2,LR,LAC,fixed_75,0.5,0.8692118895273869,2.930292687526703,0.06369989867466853,0.0002000819349851491,0.012751836843317122,0.00018951094838562076,202.5,0.2500000000000001
pamap2,LR,LAC,full_reference,0.5,0.8690118075924018,2.9175408506833858,0.06351038772628291,0.0,0.0,0.0,270.0,0.0
pamap2,LR,LAC,horizon,0.1,0.8699321969963582,2.9224148179253397,0.0627360978901709,0.0009203894039563374,0.004873967241953823,-0.0007742898361119956,264.9875,0.015798611111111072
pamap2,LR,LAC,horizon,0.25,0.8754717752839265,2.9703024653893753,0.05897601383510575,0.006459967691524718,0.05276161470598967,-0.004534373891177133,243.125,0.08767361111111108
pamap2,LR,LAC,horizon,0.5,0.8844645557977834,3.0887309502311187,0.05408430840137073,0.01545274820538161,0.17119009954773315,-0.009426079324912138,205.175,0.2190364583333333
pamap2,LR,LAC,horizon,1.0,0.8976106133365696,3.3560174925703103,0.04795206172097918,0.02859880574416778,0.4384766418869248,-0.015558326005303692,158.61875,0.3819357638888889
pamap2,LR,LAC,hypergeom,0.1,0.8696321077404201,2.920414556215286,0.0629821316913744,0.0006203001480182586,0.0028737055319001375,-0.0005282560349084916,268.125,0.006085069444444403
pamap2,LR,LAC,hypergeom,0.25,0.875622471045989,2.9691242081321727,0.058783296362112956,0.006610663453587259,0.05158335744878689,-0.004727091364169924,251.94375,0.058854166666666624
pamap2,LR,LAC,hypergeom,0.5,0.8850040322404638,3.0909780421936945,0.053701272230137174,0.015992224648061982,0.17343719151030867,-0.009809115496145706,219.96875,0.16598090277777774
pamap2,LR,LAC,hypergeom,1.0,0.8990840391623758,3.368439388480695,0.046995198590269634,0.030072231569973996,0.4508985377973088,-0.01651518913601324,176.2875,0.3156423611111111
pamap2,LR,LAC,martingale,0.1,0.8692703158609015,2.919009297210303,0.06328687819941181,0.0002585082684997404,0.0014684465269173112,-0.00022350952687108543,269.4375,0.0016493055555555313
pamap2,LR,LAC,martingale,0.25,0.8743741125675343,2.957936645755178,0.059550544659783586,0.005362304975132482,0.040395795071792105,-0.0039598430664992985,261.30625,0.026449652777777746
pamap2,LR,LAC,martingale,0.5,0.8841293400164725,3.0745024664846095,0.05423971442359772,0.015117532424070688,0.15696161580122348,-0.009270673302685153,239.13125,0.09690104166666662
pamap2,LR,LAC,martingale,1.0,0.8993450972182333,3.367954089599721,0.04698507885968905,0.03033328962583155,0.45041323891633506,-0.016525308866593827,202.025,0.22053819444444445
pamap2,LR,LAC,midpoint,0.5,0.8678865815954016,2.9127842668361077,0.06463353612560896,-0.0011252259970002047,-0.004756583847277869,0.0011231483993260547,205.175,0.2190364583333333
pamap2,LR,LAC,no_intersection,0.5,0.8843270218325044,3.08591207777853,0.05409094156473629,0.015315214240102636,0.16837122709514396,-0.009419446161546588,211.18125,0.19822916666666662
pamap2,LR,LAC,one_look_50,0.5,0.9041075099135537,3.9540643758993763,0.046007287564489525,0.035095702321151875,1.0365235252159906,-0.017503100161793347,135.0,0.5000000000000002
pamap2,LR,LAC,sparse_checks,0.5,0.8799364174641158,3.0225155455043193,0.056363104456323074,0.010924609871714045,0.10497469482093358,-0.007147283269959798,220.9875,0.16521701388888888
pamap2,LR,LAC,uncorrected,0.5,0.8833346598639955,3.088784386271509,0.05485389427799667,0.01432285227159373,0.17124353558812302,-0.008656493448286217,177.58124999999998,0.30319444444444443
pamap2,MR,APS,fixed_25,0.5,0.8906067163226844,5.62249570415973,0.03269442384546137,0.0005056299227068507,0.12230173890008417,0.0031812225474885255,67.5,0.7500000000000004
pamap2,MR,APS,fixed_50,0.5,0.8901851876937538,5.546368972877468,0.03085414530538791,8.410129377620231e-05,0.046175007617820944,0.0013409440074150618,135.0,0.5000000000000002
pamap2,MR,APS,fixed_75,0.5,0.8903671308283313,5.52236977492311,0.029856516707125334,0.0002660444283538252,0.02217580966346326,0.00034331540915249386,202.5,0.2500000000000001
pamap2,MR,APS,full_reference,0.5,0.8901010863999775,5.500193965259646,0.02951320129797283,0.0,0.0,0.0,270.0,0.0
pamap2,MR,APS,horizon,0.1,0.8900781922371062,5.500236891444025,0.029558791660534777,-2.2894162871396042e-05,4.2926184379170056e-05,4.559036256194307e-05,269.15625,0.003142361111111071
pamap2,MR,APS,horizon,0.25,0.8913042792828061,5.519395579392803,0.028781329091184117,0.001203192882828542,0.019201614133157147,-0.0007318722067886994,265.10625,0.016180555555555517
pamap2,MR,APS,horizon,0.5,0.8963900032059859,5.616826033442338,0.025958621909952153,0.006288916806008341,0.11663206818269177,-0.0035545793880206542,249.2,0.06755208333333329
pamap2,MR,APS,horizon,1.0,0.9088915797593046,5.896798393552077,0.01978435371032707,0.018790493359327032,0.3966044282924303,-0.009728847587645738,205.21875,0.21839409722222217
pamap2,MR,APS,hypergeom,0.1,0.8901014190659772,5.500724815456842,0.02951392644842163,3.3266599962686306e-07,0.0005308501971965432,7.251504487955719e-07,269.81875,0.00062499999999998
pamap2,MR,APS,hypergeom,0.25,0.8909601488651614,5.51304638278212,0.028950422439631012,0.0008590624651837963,0.012852417522473713,-0.0005627788583418039,267.79375,0.0072222222222221855
pamap2,MR,APS,hypergeom,0.5,0.8962910373384959,5.611312095124658,0.02597733391521455,0.006189950938518367,0.11111812986501148,-0.0035358673827582546,256.1,0.04472222222222219
pamap2,MR,APS,hypergeom,1.0,0.9098077545468845,5.911965397330429,0.01917250625323002,0.01970666814690688,0.4117714320707826,-0.010340695044742786,221.05625,0.16379340277777774
pamap2,MR,APS,martingale,0.1,0.89011170144744,5.500353190971584,0.029508632584522538,1.061504746251125e-05,0.000159225711937685,-4.568713450291875e-06,269.9875,5.2083333333332496e-05
pamap2,MR,APS,martingale,0.25,0.8904249018843061,5.50434264132709,0.029299155003772753,0.00032381548432860503,0.004148676067443968,-0.00021404629420006689,269.45,0.0015972222222222013
pamap2,MR,APS,martingale,0.5,0.8947388982754759,5.578536791341669,0.026768588690611904,0.004637811875498393,0.07834282608202267,-0.002744612607360895,263.375,0.019809027777777755
pamap2,MR,APS,martingale,1.0,0.9084520780212755,5.873141911345969,0.019956626606528163,0.018350991621297948,0.37294794608632237,-0.009556574691444638,240.5625,0.09266493055555552
pamap2,MR,APS,midpoint,0.5,0.890179027219703,5.505475595521627,0.029634454281234054,7.794081972551541e-05,0.005281630261980728,0.000121252983261212,249.2,0.06755208333333329
pamap2,MR,APS,no_intersection,0.5,0.8964608164748769,5.614862829966935,0.02577719069579038,0.006359730074899347,0.1146688647072883,-0.0037360106021824173,254.76250000000002,0.04801215277777774
pamap2,MR,APS,one_look_50,0.5,0.9339899643533369,6.674523951790397,0.010217974338817899,0.04388887795335927,1.1743299865307508,-0.019295226959154907,135.0,0.5000000000000002
pamap2,MR,APS,sparse_checks,0.5,0.8925814433287604,5.546026970921087,0.028134711652306826,0.0024803569287829407,0.045833005661440544,-0.001378489645665986,259.55,0.03180555555555553
pamap2,MR,APS,uncorrected,0.5,0.89622797163479,5.621068848444086,0.026214232673714616,0.006126885234812291,0.12087488318443931,-0.003298968624258186,227.6625,0.13311631944444438
pamap2,MR,LAC,fixed_25,0.5,0.886185923166001,2.5282319398667767,0.04498579741242213,0.000523169868447148,0.19970315620472037,0.0016513017612086926,67.5,0.7500000000000004
pamap2,MR,LAC,fixed_50,0.5,0.8858122281704979,2.391612601316362,0.04410156253216095,0.00014947487294411687,0.06308381765430575,0.0007670668809475091,135.0,0.5000000000000002
pamap2,MR,LAC,fixed_75,0.5,0.886036790072655,2.3528721761185167,0.043381406960953675,0.00037403677510122177,0.02434339245646068,4.691130974023172e-05,202.5,0.2500000000000001
pamap2,MR,LAC,full_reference,0.5,0.8856627532975537,2.3285287836620565,0.04333449565121344,0.0,0.0,0.0,270.0,0.0
pamap2,MR,LAC,horizon,0.1,0.8860363763660791,2.3321385252704667,0.04301548029087654,0.0003736230685253769,0.0036097416084105334,-0.0003190153603368832,266.93125,0.010529513888888854
pamap2,MR,LAC,horizon,0.25,0.8889788672661,2.3684093349716604,0.04103915466140388,0.0033161139685461334,0.03988055130960397,-0.002295340989809537,252.925,0.056788194444444405
pamap2,MR,LAC,horizon,0.5,0.8964117099624194,2.4860262293782496,0.03708846759108742,0.010748956664865557,0.1574974457161935,-0.006246028060125992,223.51875,0.15643229166666664
pamap2,MR,LAC,horizon,1.0,0.9097342924669467,2.7565570958659515,0.0302140946328086,0.02407153916939282,0.42802831220389514,-0.01312040101840481,173.09375,0.33343750000000005
pamap2,MR,LAC,hypergeom,0.1,0.8859490254572702,2.331116484340029,0.04309585257649518,0.000286272159716438,0.002587700677972991,-0.00023864307471824014,268.575,0.00459201388888886
pamap2,MR,LAC,hypergeom,0.25,0.8887153174702526,2.3630413124863736,0.041148838354651746,0.003052564172698804,0.03451252882431754,-0.002185657296561675,258.73125,0.037144097222222186
pamap2,MR,LAC,hypergeom,0.5,0.8965726779814368,2.481171299057906,0.03674333730083163,0.010909924683882962,0.15264251539584964,-0.006591158350381781,235.01875,0.11627604166666665
pamap2,MR,LAC,hypergeom,1.0,0.9104026063969768,2.762841712257858,0.02970016423550209,0.024739853099422903,0.4343129285958019,-0.013634331415711323,190.6125,0.26785590277777777
pamap2,MR,LAC,martingale,0.1,0.8857749590599581,2.3296323351475,0.0432328361456187,0.00011220576240432962,0.0011035514854438849,-0.00010165950559473437,269.59375,0.0012065972222222087
pamap2,MR,LAC,martingale,0.25,0.88784617738515,2.352684437254541,0.04171986636002339,0.0021834240875962356,0.024155653592484942,-0.0016146292911900326,264.4625,0.016744791666666644
pamap2,MR,LAC,martingale,0.5,0.8952595148240391,2.4578762801483225,0.03738391585741255,0.00959676152648529,0.12934749648626614,-0.005950579793800861,249.38125000000002,0.06427083333333332
pamap2,MR,LAC,martingale,1.0,0.909544239028967,2.7433881142458096,0.030169745478325963,0.023881485731413098,0.4148593305837534,-0.013164750172887445,215.15,0.17840277777777777
pamap2,MR,LAC,midpoint,0.5,0.8830486890238678,2.3104992560247615,0.04553378454920948,-0.0026140642736860453,-0.01802952763729495,0.002199288897996012,223.51875,0.15643229166666664
pamap2,MR,LAC,no_intersection,0.5,0.8962680213849441,2.479610982355197,0.037049604001765844,0.010605268087390181,0.15108219869314057,-0.0062848916494475625,229.28125,0.13578993055555555
pamap2,MR,LAC,one_look_50,0.5,0.9209210495411566,3.4863075228189446,0.027021549247600134,0.03525829624360278,1.1577787391568881,-0.016312946403613277,135.0,0.5000000000000002
pamap2,MR,LAC,sparse_checks,0.5,0.892363117163877,2.41485356568925,0.03911595652417286,0.006700363866323089,0.08632478202719389,-0.004218539127040553,237.1375,0.10849826388888888
pamap2,MR,LAC,uncorrected,0.5,0.8962088408040355,2.488069765251974,0.03715120270994112,0.010546087506481646,0.15954098158991795,-0.006183292941272283,197.19375,0.23648437499999997
realdisp,IT,APS,fixed_25,0.5,0.9014445795776178,12.841178790833583,0.03068913472614211,0.00223021911404338,0.3760879562352893,0.0006740445432000845,97.5,0.7500000000000004
realdisp,IT,APS,fixed_50,0.5,0.9005767259858571,12.6143462062604,0.02986774496542075,0.001362365522282658,0.14925537166210598,-0.00014734521752127696,195.0,0.5000000000000002
realdisp,IT,APS,fixed_75,0.5,0.8996622698533007,12.515955490246608,0.029981005283678575,0.00044790938972630345,0.050864655648313946,-3.408489926345129e-05,292.5,0.2500000000000001
realdisp,IT,APS,full_reference,0.5,0.8992143604635744,12.465090834598294,0.030015090182942024,0.0,0.0,0.0,390.0,0.0
realdisp,IT,APS,horizon,0.1,0.8992532531857609,12.4682213652874,0.02999085459408439,3.889272218643233e-05,0.0031305306891059224,-2.4235588857636352e-05,389.10499999999996,0.001934027777777756
realdisp,IT,APS,horizon,0.25,0.8994456470370996,12.478426657876945,0.02988461523761256,0.00023128657352523832,0.013335823278650143,-0.00013047494532945732,387.17,0.005506944444444409
realdisp,IT,APS,horizon,0.5,0.900615066223015,12.539563477505437,0.029265977537694103,0.0014007057594406036,0.07447264290714423,-0.0007491126452479079,379.18,0.019649305555555514
realdisp,IT,APS,horizon,1.0,0.9045033198365339,12.73482056280609,0.02707039742577996,0.00528895937295941,0.26972972820779806,-0.0029446927571620415,351.835,0.07113888888888885
realdisp,IT,APS,hypergeom,0.1,0.8992323560298792,12.466254807091696,0.030005968561320404,1.7995566304744e-05,0.0011639724934005323,-9.121621621621332e-06,389.97,9.7222222222219e-05
realdisp,IT,APS,hypergeom,0.25,0.8993189863690211,12.470924367827582,0.029957639174712742,0.00010462590544667,0.005833533229287028,-5.7451008229278874e-05,389.15999999999997,0.001555555555555532
realdisp,IT,APS,hypergeom,0.5,0.9003327588609787,12.521738441982954,0.02940033379340844,0.001118398397404331,0.056647607384659834,-0.0006147563895335692,384.45,0.009704861111111076
realdisp,IT,APS,hypergeom,1.0,0.9043161426679426,12.725838148580932,0.0271636025938459,0.005101782204368101,0.2607473139826394,-0.0028514875890961,365.125,0.04627430555555552
realdisp,IT,APS,martingale,0.1,0.8992143604635744,12.465090834598294,0.030015090182942024,0.0,0.0,0.0,389.995,6.944444444443999e-06
realdisp,IT,APS,martingale,0.25,0.8992324951637657,12.46638271260602,0.030010905641806935,1.8134700191246668e-05,0.0012918780077260212,-4.184541135085333e-06,389.84000000000003,0.000243055555555547
realdisp,IT,APS,martingale,0.5,0.8999504572706389,12.500891671467503,0.0296180228226771,0.0007360968070644237,0.03580083686920884,-0.000397067360264916,387.44,0.004069444444444421
realdisp,IT,APS,martingale,1.0,0.9035783028232731,12.689553734385147,0.02756014669761714,0.004363942359698559,0.22446289978685297,-0.0024549434853248717,374.83,0.025416666666666636
realdisp,IT,APS,midpoint,0.5,0.8994809200120442,12.480525930279507,0.029871833216046053,0.000266559548469817,0.015435095681212893,-0.00014325696689596542,379.18,0.019649305555555514
realdisp,IT,APS,no_intersection,0.5,0.9004328722357245,12.52887897912516,0.02937604779715991,0.001218511772150069,0.06378814452686647,-0.0006390423857820999,383.175,0.011204861111111082
realdisp,IT,APS,one_look_50,0.5,0.936058103924917,15.159781310384018,0.0140951372196649,0.03684374346134235,2.6946904757857237,-0.0159199529632771,195.0,0.5000000000000002
realdisp,IT,APS,sparse_checks,0.5,0.8992822691664697,12.468796546878144,0.02996804223789359,6.790870289524368e-05,0.0037057122798510216,-4.7047945048429844e-05,387.40999999999997,0.004388888888888874
realdisp,IT,APS,uncorrected,0.5,0.9008386614594175,12.555062721037046,0.02914126957388664,0.001624300995842959,0.08997188643875208,-0.0008738206090553678,352.095,0.06625347222222218
realdisp,IT,LAC,fixed_25,0.5,0.9013581466511386,3.3974061330738974,0.032307726973521085,0.0008955493495145703,0.536930115101608,0.0019148110440979208,97.5,0.7500000000000004
realdisp,IT,LAC,fixed_50,0.5,0.9002364116192528,2.9961093703869977,0.031424734948171745,-0.00022618568237107206,0.13563335241470886,0.0010318190187485804,195.0,0.5000000000000002
realdisp,IT,LAC,fixed_75,0.5,0.9009477641257306,2.913533486400885,0.03021752735035418,0.00048516682410672165,0.053057468428595954,-0.00017538857906897464,292.5,0.2500000000000001
realdisp,IT,LAC,full_reference,0.5,0.900462597301624,2.860476017972289,0.03039291592942316,0.0,0.0,0.0,390.0,0.0
realdisp,IT,LAC,horizon,0.1,0.9005351387389325,2.8629716642455656,0.030381060685544213,7.254143730857933e-05,0.002495646273276625,-1.1855243878942661e-05,386.885,0.0060138888888888594
realdisp,IT,LAC,horizon,0.25,0.9020966762700511,2.8910493505319734,0.02931697404724356,0.0016340789684269929,0.030573332559684696,-0.001075941882179583,375.335,0.02770833333333329
realdisp,IT,LAC,horizon,0.5,0.9064873672768983,2.9857247182584907,0.026544548874696157,0.006024769975274184,0.12524870028620186,-0.0038483670547269774,345.01500000000004,0.08812847222222218
realdisp,IT,LAC,horizon,1.0,0.9149821816585714,3.2100113953457265,0.021403918839824985,0.014519584356947375,0.34953537737343776,-0.008988997089598157,279.55,0.2278784722222222
realdisp,IT,LAC,hypergeom,0.1,0.9005532671335287,2.862385447203578,0.030356156557652076,9.066983190471567e-05,0.0019094292312887774,-3.675937177108322e-05,388.89000000000004,0.001972222222222205
realdisp,IT,LAC,hypergeom,0.25,0.9020189690857764,2.8886480714452802,0.02938110405613141,0.0015563717841523635,0.028172053472991048,-0.001011811873291733,381.21,0.01614930555555552
realdisp,IT,LAC,hypergeom,0.5,0.9067039022312061,2.9870645334717607,0.026368425215499522,0.006241304929582144,0.12658851549947187,-0.004024490713923614,358.55,0.061086805555555505
realdisp,IT,LAC,hypergeom,1.0,0.9155734618021788,3.217335037141555,0.020947282454592906,0.015110864500554804,0.3568590191692662,-0.009445633474830234,304.63,0.17329513888888887
realdisp,IT,LAC,martingale,0.1,0.9005203786428808,2.86144196932434,0.03036522112316532,5.7781341256795325e-05,0.0009659513520512146,-2.769480625783794e-05,389.65999999999997,0.000541666666666658
realdisp,IT,LAC,martingale,0.25,0.9014359538951492,2.878563936566647,0.029774814654225566,0.0009733565935252127,0.018087918594357922,-0.0006181012751975807,385.495,0.007607638888888866
realdisp,IT,LAC,martingale,0.5,0.9057679146836681,2.967627897905532,0.027024294496697458,0.005305317382044082,0.10715187993324313,-0.003368621432725685,370.385,0.0346770833333333
realdisp,IT,LAC,martingale,1.0,0.9140418824996814,3.1877907790280187,0.022057916872746556,0.013579285198057428,0.3273147610557293,-0.008334999056676583,328.245,0.1156597222222222
realdisp,IT,LAC,midpoint,0.5,0.8996152143182293,2.8551879389172066,0.031046028750146306,-0.0008473829833946742,-0.005288079055082165,0.0006531128207231453,345.01500000000004,0.08812847222222218
realdisp,IT,LAC,no_intersection,0.5,0.9066189267377319,2.984200368339029,0.026380692396143022,0.0061563294361079955,0.12372435036673958,-0.004012223533280118,353.19,0.07045833333333329
realdisp,IT,LAC,one_look_50,0.5,0.9349458480462168,5.515531282830803,0.014729475196895696,0.0344832507445928,2.655055264858515,-0.01566344073252744,195.0,0.5000000000000002
realdisp,IT,LAC,sparse_checks,0.5,0.9021904835699925,2.8921820213706195,0.02932926255832823,0.0017278862683685848,0.03170600339833056,-0.0010636533710949156,365.175,0.04470138888888887
realdisp,IT,LAC,uncorrected,0.5,0.9064130015112724,3.000236216681431,0.026698504928693034,0.005950404209648359,0.13976019870914236,-0.0036944110007301042,299.14500000000004,0.17249305555555552
realdisp,LR,APS,fixed_25,0.5,0.9046759957087642,6.330588123295921,0.023265212385686265,0.0009792028162905213,0.22379002472965287,0.003008477894875884,97.5,0.7500000000000004
realdisp,LR,APS,fixed_50,0.5,0.9039882004596476,6.179570363272925,0.02160099030415409,0.0002914075671739644,0.07277226470665656,0.0013442558133437085,195.0,0.5000000000000002
realdisp,LR,APS,fixed_75,0.5,0.903715562678826,6.1288630135838895,0.02084365253811747,1.8769786352267667e-05,0.02206491501762205,0.0005869180473070893,292.5,0.2500000000000001
realdisp,LR,APS,full_reference,0.5,0.9036967928924736,6.1067980985662675,0.02025673449081037,0.0,0.0,0.0,390.0,0.0
realdisp,LR,APS,horizon,0.1,0.9037180972530707,6.108591426492126,0.020286952545786253,2.1304360597049007e-05,0.0017933279258585493,3.02180549758805e-05,388.01500000000004,0.003805555555555526
realdisp,LR,APS,horizon,0.25,0.9047313117185578,6.135813028242821,0.019727663402288414,0.0010345188260840977,0.0290149296765536,-0.000529071088521953,380.69,0.016899305555555515
realdisp,LR,APS,horizon,0.5,0.9082009196750767,6.2322343901609525,0.017949481130400846,0.004504126782602998,0.12543629159468492,-0.002307253360409507,357.825,0.06020138888888884
realdisp,LR,APS,horizon,1.0,0.9159541900599264,6.472287375048414,0.014406360332651653,0.012257397167452779,0.36548927648214696,-0.00585037415815869,298.60499999999996,0.18205902777777774
realdisp,LR,APS,hypergeom,0.1,0.9037278920610612,6.107738528796094,0.0202372392083963,3.1099168587543666e-05,0.0009404302298269114,-1.9495282414067127e-05,389.47,0.0009305555555555359
realdisp,LR,APS,hypergeom,0.25,0.9045768496142614,6.129113979232885,0.01974461767389713,0.0008800567217876387,0.02231588066661831,-0.0005121168169132262,385.445,0.007902777777777748
realdisp,LR,APS,hypergeom,0.5,0.9081855057793958,6.228811804945667,0.017838126294065053,0.004488712886922117,0.12201370637939933,-0.0024186081967452954,369.45,0.038159722222222185
realdisp,LR,APS,hypergeom,1.0,0.91623587150991,6.478071306723339,0.014151453139144439,0.01253907861743633,0.37127320815707193,-0.006105281351665906,323.21,0.13161805555555553
realdisp,LR,APS,martingale,0.1,0.9037055653365722,6.1071037193041935,0.020250603324353116,8.772444098530331e-06,0.000305620737925855,-6.131166457252667e-06,389.88,0.000190972222222218
realdisp,LR,APS,martingale,0.25,0.9041600844217463,6.118096871929405,0.019979251330319487,0.00046329152927260833,0.011298773363136786,-0.00027748316049087366,388.10999999999996,0.0030138888888888667
realdisp,LR,APS,martingale,0.5,0.9074304370839922,6.20590240539456,0.018263498706967696,0.003733644191518548,0.09910430682829255,-0.001993235783842661,378.295,0.019399305555555524
realdisp,LR,APS,martingale,1.0,0.9150080272901301,6.4434672374096476,0.014806090913161788,0.01131123439765634,0.33666913884338034,-0.005450643577648561,345.34,0.07949305555555553
realdisp,LR,APS,midpoint,0.5,0.9039022839159853,6.119714886240635,0.020345378910743492,0.00020549102351168105,0.012916787674367717,8.86444199331157e-05,357.825,0.06020138888888884
realdisp,LR,APS,no_intersection,0.5,0.9081519694799678,6.228128314449881,0.0178636712576477,0.0044551765874940264,0.12133021588361344,-0.00239306323316265,365.78,0.043291666666666624
realdisp,LR,APS,one_look_50,0.5,0.938570802478422,7.7760424206740675,0.008572723684447734,0.03487400958594818,1.6692443221077995,-0.01168401080636261,195.0,0.5000000000000002
realdisp,LR,APS,sparse_checks,0.5,0.9045879433837398,6.131206764309963,0.01982252257226802,0.0008911504912660968,0.02440866574369475,-0.0004342119185423493,376.675,0.021263888888888874
realdisp,LR,APS,uncorrected,0.5,0.9082075051652964,6.242443025282537,0.018085502625223387,0.0045107122728226,0.13564492671626913,-0.002171231865586968,313.685,0.13903124999999994
realdisp,LR,LAC,fixed_25,0.5,0.8957727729230399,2.9394517295845346,0.0374229837691751,0.0004484671006363236,0.25521590742541345,0.002210721208873655,97.5,0.7500000000000004
realdisp,LR,LAC,fixed_50,0.5,0.8954312097669352,2.7728560607186896,0.03620548571912832,0.00010690394453171679,0.0886202385595686,0.0009932231588268808,195.0,0.5000000000000002
realdisp,LR,LAC,fixed_75,0.5,0.895496089802856,2.7136686259320064,0.03543909581259451,0.0001717839804524238,0.029432803772885187,0.00022683325229307393,292.5,0.2500000000000001
realdisp,LR,LAC,full_reference,0.5,0.8953243058224036,2.6842358221591214,0.035212262560301424,0.0,0.0,0.0,390.0,0.0
realdisp,LR,LAC,horizon,0.1,0.8958778341188037,2.691494101479622,0.03486580924252427,0.0005535282964002233,0.007258279320501031,-0.0003464533177771519,385.335,0.008829861111111071
realdisp,LR,LAC,horizon,0.25,0.8989276039474123,2.7354251266547456,0.03316303851645704,0.0036032981250088076,0.05118930449562461,-0.0020492240438443705,362.925,0.0510381944444444
realdisp,LR,LAC,horizon,0.5,0.9052289735067254,2.8414669244368733,0.029814890560744992,0.009904667684321763,0.15723110227775225,-0.005397371999556413,312.045,0.15759374999999995
realdisp,LR,LAC,horizon,1.0,0.9176247646983555,3.103563959085279,0.023756764747248294,0.02230045887595185,0.41932813692615833,-0.011455497813053118,232.05499999999998,0.3403854166666667
realdisp,LR,LAC,hypergeom,0.1,0.8956852146965768,2.688244767406977,0.03498077856671173,0.000360908874173175,0.00400894524785593,-0.00023148399358969467,388.03499999999997,0.00336805555555553
realdisp,LR,LAC,hypergeom,0.25,0.8989255369288054,2.7335354583039635,0.03314824627630397,0.0036012311064017605,0.049299636144842424,-0.0020640162839974307,373.13,0.03138541666666664
realdisp,LR,LAC,hypergeom,0.5,0.9054201684856601,2.841310367243347,0.02963374971645442,0.010095862663256499,0.15707454508422608,-0.0055785128438469835,333.85999999999996,0.11190972222222219
realdisp,LR,LAC,hypergeom,1.0,0.9183592451746334,3.1146621278178452,0.023371681254251597,0.023034939352229798,0.43042630565872453,-0.01184058130604981,261.35499999999996,0.2700034722222222
realdisp,LR,LAC,martingale,0.1,0.8954696630017974,2.6857956960357643,0.0351127761418255,0.00014535717939390634,0.0015598738766436126,-9.948641847591733e-05,389.45,0.000819444444444432
realdisp,LR,LAC,martingale,0.25,0.8984207231038063,2.727065406526327,0.033435398104659134,0.0030964172814027745,0.042829584367205714,-0.001776864455642279,380.165,0.016385416666666642
realdisp,LR,LAC,martingale,0.5,0.9041255214957674,2.8215150982954196,0.030366455890065407,0.008801215673363862,0.13727927613629834,-0.004845806670236,352.90999999999997,0.06648958333333331
realdisp,LR,LAC,martingale,1.0,0.9170951756793942,3.088217142236838,0.02408591183493391,0.02177086985699068,0.4039813200777173,-0.011126350725367497,290.15,0.19330208333333332
realdisp,LR,LAC,midpoint,0.5,0.8948534658426507,2.685806257086819,0.03575189767154112,-0.00047083997975282,0.0015704349276980994,0.000539635111239686,312.045,0.15759374999999995
realdisp,LR,LAC,no_intersection,0.5,0.9051115177897344,2.838092123855706,0.029805193389634742,0.009787211967330846,0.15385630169658482,-0.005407069170666661,323.59000000000003,0.1321770833333333
realdisp,LR,LAC,one_look_50,0.5,0.9281525076272465,4.225595112171655,0.02077125598607694,0.03282820180484292,1.5413592900125344,-0.014441006574224464,195.0,0.5000000000000002
realdisp,LR,LAC,sparse_checks,0.5,0.8996352180761462,2.745604036680749,0.032727866732706654,0.004310912253742749,0.06136821452162792,-0.0024843958275947526,337.26,0.09818749999999997
realdisp,LR,LAC,uncorrected,0.5,0.9047790203031024,2.845442516928172,0.0301771451364061,0.009454714480698788,0.1612066947690512,-0.0050351174238953056,259.035,0.2575868055555555
realdisp,MR,APS,fixed_25,0.5,0.9002313637652539,7.186957824073264,0.024511335108327013,0.00269062600356534,0.2242362561933554,0.0018986874173234547,97.5,0.7500000000000004
realdisp,MR,APS,fixed_50,0.5,0.8985268981861122,7.04055308695124,0.023319462443982326,0.0009861604244236128,0.07783151907133141,0.0007068147529787689,195.0,0.5000000000000002
realdisp,MR,APS,fixed_75,0.5,0.897851449341155,6.986882812935602,0.022845611857396537,0.0003107115794664208,0.024161245055692615,0.00023296416639298232,292.5,0.2500000000000001
realdisp,MR,APS,full_reference,0.5,0.8975407377616885,6.9627215678799095,0.02261264769100355,0.0,0.0,0.0,390.0,0.0
realdisp,MR,APS,horizon,0.1,0.8975949425413233,6.964824435885975,0.022595980099889838,5.4204779634844996e-05,0.0021028680060668917,-1.666759111370899e-05,388.35499999999996,0.003093749999999973
realdisp,MR,APS,horizon,0.25,0.8983078810245896,6.984847049051951,0.022145535409510683,0.0007671432629010718,0.022125481172042338,-0.0004671122814928547,383.675,0.011447916666666629
realdisp,MR,APS,horizon,0.5,0.9015033531400569,7.080777784845121,0.020242258648959118,0.003962615378368305,0.11805621696521083,-0.0023703890420444075,365.975,0.044072916666666614
realdisp,MR,APS,horizon,1.0,0.9089579204039016,7.316883074193726,0.01632031778065053,0.011417182642212954,0.3541615063138167,-0.0062923299103529885,316.58,0.1434895833333333
realdisp,MR,APS,hypergeom,0.1,0.8975552571959667,6.963299378257534,0.022611354010942008,1.4519434278205e-05,0.000577810377624233,-1.2936800615410006e-06,389.75,0.00047916666666665705
realdisp,MR,APS,hypergeom,0.25,0.8980325788351305,6.976183911044388,0.022300573677092404,0.000491841073442072,0.013462343164479062,-0.0003120740139111337,387.53,0.004170138888888857
realdisp,MR,APS,hypergeom,0.5,0.9013105062754405,7.074119342096184,0.020325338978795404,0.0037697685137519357,0.11139777421627438,-0.00228730871220812,375.83,0.025611111111111067
realdisp,MR,APS,hypergeom,1.0,0.9092461466037558,7.323697359269727,0.016121885580980648,0.011705408842067175,0.36097579138981756,-0.006490762110022869,337.6,0.10210416666666663
realdisp,MR,APS,martingale,0.1,0.8975409902978047,6.962708612186479,0.02261245024059427,2.5253611615766714e-07,-1.2955693429340328e-05,-1.9745040927833345e-07,389.955,6.2499999999999e-05
realdisp,MR,APS,martingale,0.25,0.8977185217015557,6.967166981151116,0.022488375993754327,0.00017778393986724866,0.004445413271206638,-0.000124271697249212,389.305,0.00111805555555554
realdisp,MR,APS,martingale,0.5,0.9004176256010816,7.047281757591505,0.020866264939415326,0.002876887839393167,0.08456018971159576,-0.0017463827515882087,382.10999999999996,0.012843749999999975
realdisp,MR,APS,martingale,1.0,0.9080427464185473,7.28918547045419,0.016781415864743257,0.010502008656858818,0.32646390257428054,-0.005831231826260263,356.01,0.05976388888888886
realdisp,MR,APS,midpoint,0.5,0.8980951421361134,6.978498156913884,0.02230978154686684,0.0005544043744248254,0.01577658903397453,-0.000302866144136703,365.975,0.044072916666666614
realdisp,MR,APS,no_intersection,0.5,0.9013983668858422,7.0770839008022985,0.02027688628876171,0.0038576291241535984,0.1143623329223899,-0.002335761402241813,373.045,0.029652777777777736
realdisp,MR,APS,one_look_50,0.5,0.9361937913260694,8.519709787804604,0.006751045233551834,0.038653053564380875,1.5569882199246947,-0.015861602457451687,195.0,0.5000000000000002
realdisp,MR,APS,sparse_checks,0.5,0.8981669519665014,6.981147154636462,0.022240784936584428,0.0006262142048128253,0.01842558675655306,-0.00037186275441911305,381.52000000000004,0.013611111111111093
realdisp,MR,APS,uncorrected,0.5,0.9017778055879242,7.095911698588833,0.02026510153984992,0.004237067826235619,0.13319013070892322,-0.002347546151153608,326.60999999999996,0.11421874999999995
realdisp,MR,LAC,fixed_25,0.5,0.8985718612410076,1.7206521232432974,0.03235004354052805,0.0004972067684855299,0.13407748915323586,0.002633631015898091,97.5,0.7500000000000004
realdisp,MR,LAC,fixed_50,0.5,0.8981297162023193,1.6259072577057443,0.03083082864536684,5.506172979717509e-05,0.03933262361568283,0.0011144161207368882,195.0,0.5000000000000002
realdisp,MR,LAC,fixed_75,0.5,0.8979410679075023,1.59752311561861,0.03013887752040442,-0.00013358656501990434,0.010948481528548505,0.00042246499577446814,292.5,0.2500000000000001
realdisp,MR,LAC,full_reference,0.5,0.8980746544725221,1.5865746340900615,0.02971641252462994,0.0,0.0,0.0,390.0,0.0
realdisp,MR,LAC,horizon,0.1,0.899781722414068,1.6006073169281403,0.028729327802388415,0.0017070679415459135,0.014032682838078882,-0.0009870847222415166,375.29,0.02819097222222217
realdisp,MR,LAC,horizon,0.25,0.9064441813699019,1.664809481585415,0.024874678655465585,0.00836952689737974,0.07823484749535359,-0.004841733869164338,324.24,0.13123263888888884
realdisp,MR,LAC,horizon,0.5,0.9173864087654147,1.792693885600437,0.01962068074217616,0.019311754292892502,0.2061192515103757,-0.010095731782453758,242.94,0.31114583333333334
realdisp,MR,LAC,horizon,1.0,0.9335985516072117,2.07539497083515,0.013438779537571506,0.035523897134689654,0.4888203367450882,-0.016277632987058414,157.515,0.5160729166666668
realdisp,MR,LAC,hypergeom,0.1,0.8997783467984188,1.599675126600496,0.028709889857858016,0.0017036923258967236,0.013100492510434578,-0.0010065226667719106,382.47999999999996,0.013763888888888857
realdisp,MR,LAC,hypergeom,0.25,0.9069026450160668,1.6676280142361866,0.024578676739944957,0.008827990543544727,0.08105338014612504,-0.005137735784684964,344.995,0.08894444444444441
realdisp,MR,LAC,hypergeom,0.5,0.9183818444785736,1.8004223097034366,0.019066167906040845,0.020307190006051416,0.21384767561337517,-0.010650244618589074,273.64000000000004,0.2402222222222222
realdisp,MR,LAC,hypergeom,1.0,0.935213111023844,2.0938762771408905,0.012655642349998572,0.037138456551321905,0.5073016430508289,-0.017060770174631354,189.19,0.43250347222222224
realdisp,MR,LAC,martingale,0.1,0.8991442460547102,1.5945300203382893,0.02909532435470426,0.00106959158218807,0.00795538624822786,-0.0006210881699256702,386.64000000000004,0.005635416666666644
realdisp,MR,LAC,martingale,0.25,0.9057084791286278,1.6574414064691643,0.025268366643567082,0.007633824656105776,0.07086677237910272,-0.004448045881062843,361.64500000000004,0.05016319444444441
realdisp,MR,LAC,martingale,0.5,0.9169736100189082,1.7871347675304576,0.019890321493868972,0.018898955546386067,0.2005601334403962,-0.009826091030760951,303.62,0.1634236111111111
realdisp,MR,LAC,martingale,1.0,0.9347869941470622,2.092779287531861,0.013043068389330371,0.036712339674540136,0.5062046534417995,-0.016673344135299552,219.71,0.34400000000000003
realdisp,MR,LAC,midpoint,0.5,0.8931703318055187,1.5563478920182485,0.03326466693924609,-0.004904322667003285,-0.030226742071812952,0.003548254414616119,242.94,0.31114583333333334
realdisp,MR,LAC,no_intersection,0.5,0.9170749687501908,1.7879728231100354,0.019749110110633385,0.019000314277668684,0.20139818901997408,-0.009967302413996536,253.66,0.28746875000000005
realdisp,MR,LAC,one_look_50,0.5,0.9327933033793211,2.29666076675921,0.014646358121980693,0.03471864890679877,0.7100861326691487,-0.015070054402649224,195.0,0.5000000000000002
realdisp,MR,LAC,sparse_checks,0.5,0.9102047303923819,1.7029054648668163,0.023051478097357043,0.01213007591985986,0.1163308307767548,-0.006664934427272876,267.14,0.2504409722222223
realdisp,MR,LAC,uncorrected,0.5,0.9161567273597314,1.7835935893523256,0.020411429739404456,0.01808207288720926,0.19701895526226412,-0.009304982785225468,186.41,0.4200416666666667
uschad,IT,APS,fixed_25,0.5,0.8955715599618659,6.5742845065092315,0.03770840383057692,0.0021302235018613503,0.1141757801550177,0.0011971354816367546,82.5,0.7500000000000006
uschad,IT,APS,fixed_50,0.5,0.894534888841953,6.502327426441271,0.03674615855245611,0.0010935523819483608,0.04221870008705752,0.0002348902035159495,165.0,0.5000000000000002
uschad,IT,APS,fixed_75,0.5,0.8939604288836226,6.481412179220032,0.03654708505251355,0.0005190924236179771,0.021303452865818303,3.5816703573394665e-05,247.5,0.2500000000000001
uschad,IT,APS,full_reference,0.5,0.8934413364600047,6.460108726354214,0.03651126834894016,0.0,0.0,0.0,330.0,0.0
uschad,IT,APS,horizon,0.1,0.8940252945481103,6.462896507999267,0.036188969221093374,0.0005839580881056337,0.0027877816450520665,-0.00032229912784678325,324.74285714285713,0.01328869047619044
uschad,IT,APS,horizon,0.25,0.8959772525510054,6.491343730287454,0.03507799557732003,0.002535916091000745,0.031235003933240284,-0.0014332727716201191,313.9321428571429,0.03985119047619042
uschad,IT,APS,horizon,0.5,0.9010726155805938,6.594324193256185,0.03234121161951879,0.007631279120589133,0.13421546690197103,-0.004170056729421351,287.225,0.10791666666666663
uschad,IT,APS,horizon,1.0,0.9120818440300992,6.855019453884401,0.02640680955094196,0.01864050757009456,0.3949107275301862,-0.010104458797998173,229.21785714285716,0.2644345238095238
uschad,IT,APS,hypergeom,0.1,0.8940459092536568,6.4632638518944185,0.03617523760038003,0.0006045727936521962,0.003155125540204956,-0.00033603074856012504,327.3535714285714,0.006696428571428539
uschad,IT,APS,hypergeom,0.25,0.8958554455136513,6.487744861554823,0.035146809355671764,0.0024141090536467275,0.027636135200608692,-0.0013644589932683738,319.73214285714283,0.025193452380952337
uschad,IT,APS,hypergeom,0.5,0.9011335946210913,6.5929761028715985,0.03235159518490281,0.007692258161086593,0.13286737651738503,-0.004159673164037327,299.55,0.07647321428571426
uschad,IT,APS,hypergeom,1.0,0.9130729320440034,6.870513933918906,0.02578128854599553,0.019631595583998743,0.4104052075646911,-0.010729979802944609,250.5142857142857,0.20552083333333332
uschad,IT,APS,martingale,0.1,0.8939953823854806,6.463080420631591,0.0361912720344779,0.0005540459254759501,0.002971694277376706,-0.00031999631446225546,328.63571428571424,0.003184523809523791
uschad,IT,APS,martingale,0.25,0.8954444000498327,6.482347106815739,0.035393056192959696,0.002003063589828065,0.022238380461524567,-0.0011182121559804466,324.11785714285713,0.013467261904761867
uschad,IT,APS,martingale,0.5,0.9000413723030486,6.573586303353446,0.032942422025854026,0.00660003584304391,0.11347757699923193,-0.0035688463230861144,310.95,0.04456845238095234
uschad,IT,APS,martingale,1.0,0.9118878671722607,6.841488203529636,0.02642186302889533,0.018446530712255996,0.38137947717542187,-0.010089405320044804,273.06071428571425,0.1394940476190476
uschad,IT,APS,midpoint,0.5,0.8941368362235709,6.467879720755787,0.03622882514351933,0.0006954997635662187,0.007770994401572347,-0.0002824432054208262,287.225,0.10791666666666663
uschad,IT,APS,no_intersection,0.5,0.9011694659178141,6.594037581074382,0.032306735035354035,0.007728129457809494,0.1339288547201671,-0.004204533313586099,293.8535714285714,0.08924107142857138
uschad,IT,APS,one_look_50,0.5,0.929770486524719,7.444431359078066,0.0195060725502554,0.03632915006471429,0.984322632723851,-0.017005195798684744,165.0,0.5000000000000002
uschad,IT,APS,sparse_checks,0.5,0.8949120078480217,6.480589252849143,0.035764030075856476,0.001470671388017114,0.0204805264949284,-0.0007472382730836717,311.8357142857143,0.046220238095238064
uschad,IT,APS,uncorrected,0.5,0.9010859210222975,6.603014233767172,0.03248752759966588,0.007644584562292824,0.14290550741295785,-0.004023740749274255,251.46071428571432,0.1913244047619047
uschad,IT,LAC,fixed_25,0.5,0.8921252497085056,3.065156505562277,0.04309513783253419,0.0033982246946686855,0.24195631496721665,-0.00022043561738171219,82.5,0.7500000000000006
uschad,IT,LAC,fixed_50,0.5,0.8900792822632534,2.9054716441736885,0.04313988973187945,0.0013522572494163276,0.08227145357862867,-0.00017568371803644694,165.0,0.5000000000000002
uschad,IT,LAC,fixed_75,0.5,0.8890442105756441,2.84860424778352,0.04333237062096286,0.000317185561807104,0.025404057188460016,1.679717104696857e-05,247.5,0.2500000000000001
uschad,IT,LAC,full_reference,0.5,0.8887270250138369,2.8232001905950597,0.04331557344991589,0.0,0.0,0.0,330.0,0.0
uschad,IT,LAC,horizon,0.1,0.8890415141343487,2.826807194131996,0.04309332622488981,0.0003144891205117544,0.0036070035369362803,-0.00022224722502608125,325.7107142857143,0.010758928571428529
uschad,IT,LAC,horizon,0.25,0.8918657809917246,2.8635331228229917,0.04114507930287037,0.003138755977887555,0.040332932227931405,-0.0021704941470455023,308.7714285714286,0.05266369047619042
uschad,IT,LAC,horizon,0.5,0.8983303256513576,2.9670683801355713,0.03655153060110091,0.009603300637520596,0.1438681895405114,-0.006764042848814953,272.075,0.1484821428571428
uschad,IT,LAC,horizon,1.0,0.9113006572960989,3.21471394238718,0.028416761420163278,0.022573632282261863,0.3915137517921198,-0.014898812029752588,211.55714285714288,0.31529761904761905
uschad,IT,LAC,hypergeom,0.1,0.8890881410560926,2.826735253157101,0.043069226988177986,0.00036111604225557824,0.0035350625620410056,-0.0002463464617379057,327.94642857142856,0.00480654761904759
uschad,IT,LAC,hypergeom,0.25,0.8918867489508521,2.8611620376428553,0.041096306075819745,0.003159723937015066,0.03796184704779534,-0.0022192673740961317,316.37857142857143,0.033526785714285676
uschad,IT,LAC,hypergeom,0.5,0.8986409694371086,2.967348885249234,0.036335355645299404,0.009913944423271545,0.14414869465417365,-0.006980217804616458,288.06428571428575,0.10666666666666662
uschad,IT,LAC,hypergeom,1.0,0.9123327137977582,3.2274613778175847,0.027667712306796665,0.0236056887839212,0.4042611872225247,-0.0156478611431192,235.55357142857142,0.24763392857142857
uschad,IT,LAC,martingale,0.1,0.8889364937848043,2.825079261218477,0.04318385654098855,0.00020946877096729793,0.0018790706234172974,-0.0001317169089273346,329.2035714285715,0.0016964285714285577
uschad,IT,LAC,martingale,0.25,0.8913018475793909,2.853100143681075,0.04150268300408113,0.0025748225655538755,0.029899953086014952,-0.0018128904458347439,322.07142857142856,0.017872023809523775
uschad,IT,LAC,martingale,0.5,0.8975778788108248,2.94889088912742,0.037066817313030576,0.008850853796987756,0.12569069853236006,-0.006248756136885294,301.9857142857143,0.06654761904761901
uschad,IT,LAC,martingale,1.0,0.9108904108612685,3.204509051941215,0.02858575032768554,0.022163385847431463,0.38130886134615516,-0.014729823122230324,259.39285714285717,0.17485119047619047
uschad,IT,LAC,midpoint,0.5,0.8862416691738005,2.802700351500271,0.045112600733262016,-0.00248535584003648,-0.02049983909478902,0.0017970272833461053,272.075,0.1484821428571428
uschad,IT,LAC,no_intersection,0.5,0.8983074295037781,2.964765316313241,0.036593141958634924,0.009580404489941078,0.14156512571818097,-0.006722431491280947,280.0142857142857,0.12666666666666665
uschad,IT,LAC,one_look_50,0.5,0.928076431806698,4.064769723098332,0.022457515781794817,0.03934940679286091,1.2415695325032725,-0.020858057668121047,165.0,0.5000000000000002
uschad,IT,LAC,sparse_checks,0.5,0.8921092095333591,2.8600996884125345,0.04092400303661521,0.003382184519522196,0.036899497817474224,-0.002391570413300667,296.0142857142857,0.08735119047619047
uschad,IT,LAC,uncorrected,0.5,0.8980159772585177,2.9708223949447166,0.036921788724521745,0.009288952244680659,0.14762220434965662,-0.006393784725394114,233.1,0.2392113095238095
uschad,LR,APS,fixed_25,0.5,0.9051401100105598,3.980099062060804,0.02938229645979926,-0.0007330424625343492,0.03452779059701845,0.002041874122747687,82.5,0.7500000000000006
uschad,LR,APS,fixed_50,0.5,0.9057305472834729,3.955732744280792,0.028024397036403265,-0.00014260518962120038,0.010161472817006387,0.0006839746993516947,165.0,0.5000000000000002
uschad,LR,APS,fixed_75,0.5,0.9059653326437441,3.949084828049012,0.027522734388558307,9.218017065004622e-05,0.0035135565852261524,0.0001823120515067437,247.5,0.2500000000000001
uschad,LR,APS,full_reference,0.5,0.9058731524730942,3.9455712714637854,0.027340422337051567,0.0,0.0,0.0,330.0,0.0
uschad,LR,APS,horizon,0.1,0.9076651450386438,3.9634215402398683,0.026447710200199787,0.0017919925655495849,0.01785026877608249,-0.0008927121368517649,308.0678571428571,0.05345238095238091
uschad,LR,APS,horizon,0.25,0.9145979305090969,4.022201364360738,0.022547946580751117,0.008724778036002724,0.07663009289695269,-0.004792475756300431,262.2142857142857,0.1748065476190476
uschad,LR,APS,horizon,0.5,0.9264396597235256,4.128912763591752,0.01650087151782758,0.02056650725043136,0.18334149212796655,-0.010839550819223961,201.1357142857143,0.3448065476190476
uschad,LR,APS,horizon,1.0,0.9433609817942407,4.334806209644342,0.009304960982176714,0.03748782932114649,0.38923493818055616,-0.018035461354874834,132.19642857142858,0.5474404761904762
uschad,LR,APS,hypergeom,0.1,0.9075992898627653,3.961705731246642,0.026499227117094515,0.001726137389671081,0.016134459782856193,-0.0008411952199570432,315.51785714285717,0.03511904761904758
uschad,LR,APS,hypergeom,0.25,0.9146196466497155,4.023042742968584,0.02252530489431772,0.00874649417662138,0.07747147150479812,-0.004815117442733823,278.975,0.1307440476190476
uschad,LR,APS,hypergeom,0.5,0.9277972817549399,4.136903716433587,0.015754129964994947,0.021924129281845693,0.19133244496980195,-0.011586292372056592,224.5142857142857,0.277202380952381
uschad,LR,APS,hypergeom,1.0,0.9456741090340051,4.358833422306117,0.008167501775486277,0.039800956560910886,0.41326215084233153,-0.01917292056156527,155.58571428571426,0.4735863095238096
uschad,LR,APS,martingale,0.1,0.9072819846994918,3.9586889674710446,0.02666671080708145,0.0014088322263976752,0.013117696007259006,-0.0006737115299701076,321.38214285714287,0.01936011904761902
uschad,LR,APS,martingale,0.25,0.9139629132940434,4.017379829012439,0.022897480265881242,0.008089760820949159,0.07180855754865348,-0.004442942071170309,295.18928571428575,0.08416666666666663
uschad,LR,APS,martingale,0.5,0.9266463732222042,4.13145313663089,0.01639376960143066,0.020773220749110092,0.18588186516710417,-0.010946652735620881,249.45000000000002,0.20229166666666668
uschad,LR,APS,martingale,1.0,0.9468825032614809,4.3747933322443915,0.007871020093279535,0.04100935078838675,0.42922206078060554,-0.01946940224377201,178.93928571428572,0.39626488095238094
uschad,LR,APS,midpoint,0.5,0.9029869603642832,3.9249867403191394,0.02880205134330488,-0.002886192108811049,-0.020584531144646236,0.0014616290062533057,201.1357142857143,0.3448065476190476
uschad,LR,APS,no_intersection,0.5,0.9268203607937099,4.12992920660967,0.01628481782088327,0.020947208320615727,0.18435793514588447,-0.01105560451616827,209.51785714285714,0.3214136904761905
uschad,LR,APS,one_look_50,0.5,0.9380652124426874,4.401354499156221,0.01238614157919694,0.03219205996959317,0.45578322769243534,-0.0149542807578546,165.0,0.5000000000000002
uschad,LR,APS,sparse_checks,0.5,0.9194323285503685,4.066374453964349,0.020019579153945432,0.013559176077274209,0.1208031825005634,-0.007320843183106114,218.53214285714284,0.2923809523809524
uschad,LR,APS,uncorrected,0.5,0.9256942090477069,4.124909842915245,0.016841490938918274,0.019821056574612785,0.1793385714514588,-0.010498931398133274,161.91785714285714,0.439375
uschad,LR,LAC,fixed_25,0.5,0.9080851032114451,2.617860072064006,0.034777336502761935,-0.0002639238800728414,0.05101218917178559,0.0016655003780888646,82.5,0.7500000000000006
uschad,LR,LAC,fixed_50,0.5,0.9082324930508756,2.5812399466739464,0.03387511588519994,-0.00011653404064215433,0.014392063781725683,0.0007632797605268673,165.0,0.5000000000000002
uschad,LR,LAC,fixed_75,0.5,0.9081625420962275,2.5666558517175355,0.03333937542866664,-0.00018648499529035182,-0.0001920311746848788,0.0002275393039935679,247.5,0.2500000000000001
uschad,LR,LAC,full_reference,0.5,0.9083490270915178,2.566847882892221,0.03311183612467306,0.0,0.0,0.0,330.0,0.0
uschad,LR,LAC,horizon,0.1,0.9096068280279147,2.580049725845857,0.032346037594890485,0.001257800936396851,0.013201842953636172,-0.0007657985297825651,319.0214285714286,0.02599702380952376
uschad,LR,LAC,horizon,0.25,0.9162342891643382,2.64541240277566,0.028823341806580662,0.007885262072820445,0.07856451988343895,-0.0042884943180923766,276.8964285714286,0.13290178571428565
uschad,LR,LAC,horizon,0.5,0.9275573443801488,2.7685446632580795,0.023057378869771834,0.019208317288630965,0.20169678036585856,-0.01005445725490121,206.80357142857142,0.32848214285714283
uschad,LR,LAC,horizon,1.0,0.9452791150423341,2.9988115297269995,0.01455388620342109,0.03693008795081621,0.4319636468347784,-0.018557949921251954,127.23928571428571,0.5628422619047619
uschad,LR,LAC,hypergeom,0.1,0.9095215251897616,2.5781177320887023,0.03239238977948157,0.001172498098243729,0.011269849196481121,-0.0007194463451914745,324.1035714285714,0.013526785714285675
uschad,LR,LAC,hypergeom,0.25,0.9165376203760799,2.647249528034123,0.028686375442977915,0.008188593284561898,0.08040164514190214,-0.004425460681695128,292.55,0.09373511904761901
uschad,LR,LAC,hypergeom,0.5,0.9285751072985493,2.7768635671680775,0.022497455023270267,0.020226080207031427,0.21001568427585648,-0.010614381101402778,231.41428571428574,0.25845238095238093
uschad,LR,LAC,hypergeom,1.0,0.9473601651935085,3.023916013902781,0.013537409229044645,0.039011138101990715,0.4570681310105603,-0.0195744268956284,151.35714285714286,0.4858333333333334
uschad,LR,LAC,martingale,0.1,0.9091879712789773,2.5750798889452384,0.03257298286786914,0.0008389441874595104,0.00823200605301722,-0.0005388532568039162,326.8392857142857,0.0067559523809523495
uschad,LR,LAC,martingale,0.25,0.9157291245356085,2.639556012712698,0.029103614986005256,0.007380097444090677,0.07270812982047704,-0.004008221138667791,306.36785714285713,0.05446428571428568
uschad,LR,LAC,martingale,0.5,0.9277412406856554,2.7701341534152775,0.023060494760399973,0.019392213594137595,0.2032862705230565,-0.010051341364273074,257.37142857142857,0.17983630952380952
uschad,LR,LAC,martingale,1.0,0.9484565336009804,3.0411908660234053,0.013333574347517153,0.04010750650946245,0.4743429831311844,-0.019778261777155894,176.96785714285716,0.40206845238095246
uschad,LR,LAC,midpoint,0.5,0.9057495015315064,2.5456391712049955,0.035013205240787194,-0.002599525560011479,-0.021208711687225396,0.0019013691161141228,206.80357142857142,0.32848214285714283
uschad,LR,LAC,no_intersection,0.5,0.927659727343208,2.7686328021446167,0.023019261124632182,0.019310700251690145,0.20178491925239578,-0.010092575000040863,216.12857142857143,0.3024851190476191
uschad,LR,LAC,one_look_50,0.5,0.9404109259529256,3.0515831216645317,0.01747610991542947,0.03206189886140768,0.48473523877231095,-0.015635726209243576,165.0,0.5000000000000002
uschad,LR,LAC,sparse_checks,0.5,0.9204187572864259,2.690611615407231,0.026433932105861528,0.01206973019490796,0.12376373251501012,-0.006677904018811515,226.44285714285712,0.26980654761904765
uschad,LR,LAC,uncorrected,0.5,0.926534196562986,2.759917215179764,0.023649091590669215,0.018185169471468112,0.19306933228754292,-0.009462744534003822,163.75357142857143,0.43159226190476196
uschad,MR,APS,fixed_25,0.5,0.898996324479433,4.602132690911546,0.0336083056415343,0.002699285714642844,0.07649228482109978,-0.0002187915102402974,82.5,0.7500000000000006
uschad,MR,APS,fixed_50,0.5,0.8972488676012016,4.551628810905352,0.033820789543679175,0.0009518288364114077,0.025988404814905792,-6.307608095424368e-06,165.0,0.5000000000000002
uschad,MR,APS,fixed_75,0.5,0.8967418328072804,4.532818462845893,0.03372782334143538,0.00044479404249023663,0.007178056755446535,-9.927381033921965e-05,247.5,0.2500000000000001
uschad,MR,APS,full_reference,0.5,0.8962970387647902,4.525640406090446,0.03382709715177459,0.0,0.0,0.0,330.0,0.0
uschad,MR,APS,horizon,0.1,0.8966815477616727,4.530087246546782,0.03362181428490613,0.00038450899688252324,0.0044468404563363095,-0.00020528286686845445,326.1392857142857,0.009404761904761862
uschad,MR,APS,horizon,0.25,0.9000168625654926,4.578570234785508,0.031732165507486296,0.003719823800702438,0.05292982869506164,-0.0020949316442882833,308.24285714285713,0.05281249999999995
uschad,MR,APS,horizon,0.5,0.9073916475157674,4.697119708260919,0.027766395631955026,0.011094608750977066,0.17147930217047253,-0.006060701519819543,265.3857142857143,0.16444940476190473
uschad,MR,APS,horizon,1.0,0.9215968495819808,4.94826029442651,0.020159812075548268,0.025299810817190623,0.4226198883360645,-0.013667285076226299,191.7357142857143,0.370952380952381
uschad,MR,APS,hypergeom,0.1,0.8965903637745481,4.529051163784133,0.033692278714970755,0.0002933250097580012,0.003410757693686725,-0.00013481843680383804,328.375,0.003749999999999972
uschad,MR,APS,hypergeom,0.25,0.8999975940139103,4.575461339731818,0.0317574980032193,0.00370055524912018,0.0498209336413717,-0.0020695991485552676,316.0785714285715,0.03358630952380948
uschad,MR,APS,hypergeom,0.5,0.907639570943884,4.697961958788073,0.027518490598732282,0.01134253217909391,0.17232155269762736,-0.006308606553042292,282.6821428571429,0.1198958333333333
uschad,MR,APS,hypergeom,1.0,0.9226503020123893,4.964842489502895,0.019591262990521847,0.02635326324759913,0.43920208341244965,-0.014235834161252727,216.61785714285716,0.29918154761904764
uschad,MR,APS,martingale,0.1,0.8964365097821716,4.527376969158609,0.03378055602896091,0.00013947101738139955,0.0017365630681624494,-4.654112281368113e-05,329.3464285714286,0.001428571428571407
uschad,MR,APS,martingale,0.25,0.8992467007450721,4.5640913867564,0.0322420895121777,0.0029496619802818415,0.03845098066595313,-0.001585007639596883,322.21785714285716,0.017127976190476155
uschad,MR,APS,martingale,0.5,0.9067626550537211,4.68335085820662,0.02807068998011348,0.01046561628893085,0.15771045211617413,-0.0057564071716610975,299.23214285714283,0.07272321428571425
uschad,MR,APS,martingale,1.0,0.9223658349406244,4.956223822457281,0.019861277763310783,0.026068796175834207,0.43058341636683484,-0.01396581938846379,244.17142857142858,0.21599702380952382
uschad,MR,APS,midpoint,0.5,0.8949885531973634,4.509720229057995,0.034731491916432676,-0.0013084855674267031,-0.01592017703245024,0.0009043947646580723,265.3857142857143,0.16444940476190473
uschad,MR,APS,no_intersection,0.5,0.9074336257281823,4.695926925687771,0.02767502301607643,0.011136586963392195,0.17028651959732527,-0.00615207413569814,275.36785714285713,0.13718749999999996
uschad,MR,APS,one_look_50,0.5,0.9291563474740118,5.2190635492384425,0.017159677331816538,0.03285930870922148,0.6934231431479967,-0.01666741981995803,165.0,0.5000000000000002
uschad,MR,APS,sparse_checks,0.5,0.899809390754179,4.569585708472223,0.032166724519180345,0.0035123519893888898,0.04394530238177729,-0.001660372632594232,296.51785714285717,0.08340773809523806
uschad,MR,APS,uncorrected,0.5,0.9070449891187439,4.69398767335121,0.027868924453745926,0.010747950353953553,0.16834726726076374,-0.0059581726980286465,222.58571428571426,0.26479166666666665
uschad,MR,LAC,fixed_25,0.5,0.9135327106949839,2.455032101180183,0.02757712701904306,-0.0001632402335386182,0.07433261579135755,0.00198176575024152,82.5,0.7500000000000006
uschad,MR,LAC,fixed_50,0.5,0.9141348683714404,2.4092529098188757,0.02595346928017841,0.0004389174429179104,0.028553424430050187,0.0003581080113768755,165.0,0.5000000000000002
uschad,MR,LAC,fixed_75,0.5,0.9135226802585585,2.3868039372806917,0.0258985676594105,-0.00017327066996396584,0.006104451891866233,0.00030320639060895754,247.5,0.2500000000000001
uschad,MR,LAC,full_reference,0.5,0.9136959509285225,2.3806994853888255,0.025595361268801537,0.0,0.0,0.0,330.0,0.0
uschad,MR,LAC,horizon,0.1,0.9143342225284498,2.3880447693179803,0.02529902508307256,0.0006382715999271331,0.00734528392915461,-0.00029633618572896597,324.35714285714283,0.013764880952380907
uschad,MR,LAC,horizon,0.25,0.9190814316344473,2.4454367455894754,0.022989718762676224,0.005385480705924677,0.06473726020064965,-0.0026056425061252897,298.79285714285714,0.0767708333333333
uschad,MR,LAC,horizon,0.5,0.9282060710992263,2.5727618081107253,0.018375489694186224,0.014510120170703614,0.19206232272189916,-0.007219871574615294,239.82857142857142,0.23309523809523808
uschad,MR,LAC,horizon,1.0,0.9435629671922564,2.835685911265847,0.01110338842744382,0.029867016263733746,0.4549864258770214,-0.014491972841357694,157.30714285714288,0.4699851190476191
uschad,MR,LAC,hypergeom,0.1,0.914160304408384,2.3856087553722243,0.025390355027696702,0.00046435347986147285,0.004909269983398623,-0.00020500624110481833,327.79285714285714,0.00514880952380949
uschad,MR,LAC,hypergeom,0.25,0.9191987225614093,2.4461180806367557,0.02293971174040299,0.005502771632886744,0.06541859524793014,-0.0026556495283985237,309.7892857142857,0.04992559523809519
uschad,MR,LAC,hypergeom,0.5,0.9287028011659711,2.577759141470402,0.01813291961418514,0.015006850237448532,0.1970596560815763,-0.0074624416546163735,263.04285714285714,0.17220238095238094
uschad,MR,LAC,hypergeom,1.0,0.9451239044041321,2.8586868237888843,0.010254016266135892,0.03142795347560957,0.47798733840005897,-0.015341345002665624,183.41785714285714,0.3908333333333334
uschad,MR,LAC,martingale,0.1,0.9139339853994033,2.3831704526292072,0.02549510910238149,0.00023803447088073743,0.0024709672403813296,-0.00010025216642003453,329.1464285714286,0.0018303571428571177
uschad,MR,LAC,martingale,0.25,0.9181949001207602,2.4339250787735094,0.02344254999056834,0.004498949192237692,0.05322559338468369,-0.002152811278233183,318.48214285714283,0.025565476190476145
uschad,MR,LAC,martingale,0.5,0.927502214734592,2.56354671635454,0.018761461000535544,0.013806263806069368,0.18284723096571412,-0.006833900268265971,285.5357142857143,0.1058035714285714
uschad,MR,LAC,martingale,1.0,0.9445015751654456,2.857177968650409,0.010649318342732776,0.030805624236922995,0.47647848326158343,-0.014946042926068742,212.77857142857144,0.29736607142857147
uschad,MR,LAC,midpoint,0.5,0.909219495031377,2.33914156849805,0.028111304731527873,-0.004476455897145473,-0.041557916890775586,0.0025159434627263235,239.82857142857142,0.23309523809523808
uschad,MR,LAC,no_intersection,0.5,0.928057667517357,2.5699442534362795,0.01844491407606538,0.014361716588834395,0.18924476804745385,-0.0071504471927361325,250.70357142857142,0.20379464285714285
uschad,MR,LAC,one_look_50,0.5,0.9464253517898921,2.950869816492822,0.010648997594974466,0.03272940086136939,0.5701703311039964,-0.014946363673827049,165.0,0.5000000000000002
uschad,MR,LAC,sparse_checks,0.5,0.9197364968729459,2.4557908715977854,0.022727742892029692,0.0060405459444233655,0.07509138620895972,-0.0028676183767718313,271.37857142857143,0.14800595238095235
uschad,MR,LAC,uncorrected,0.5,0.9273779599269908,2.566234994585599,0.018835217838553683,0.013682008998468194,0.18553550919677295,-0.006760143430247832,194.57142857142858,0.34038690476190475
wisdm,IT,APS,fixed_25,0.5,0.898506820590426,11.690287688724213,0.033529455981516305,0.0017470532115458617,0.11858758112925008,0.0008726116319267975,112.5,0.7500000000000004
wisdm,IT,APS,fixed_50,0.5,0.8971838987466801,11.604722263687169,0.03299263504144361,0.00042413136779995906,0.03302215609220608,0.00033579069185410095,225.0,0.5000000000000002
wisdm,IT,APS,fixed_75,0.5,0.896703075291987,11.57661916200252,0.032954084355246806,-5.6692086893091516e-05,0.004919054407558768,0.0002972400056572902,337.5,0.2500000000000001
wisdm,IT,APS,full_reference,0.5,0.8967597673788801,11.571700107594962,0.03265684434958951,0.0,0.0,0.0,450.0,0.0
wisdm,IT,APS,horizon,0.1,0.8967800479469386,11.572807032944178,0.03264846442641622,2.0280568058412584e-05,0.001106925349215114,-8.379923173294447e-06,446.8002450980392,0.004614736519607812
wisdm,IT,APS,horizon,0.25,0.8976571773951841,11.604191627142175,0.03204588115044545,0.0008974100163040385,0.03249151954721209,-0.0006109631991440429,437.9938725490196,0.01661049836601303
wisdm,IT,APS,horizon,0.5,0.9002268944055488,11.695040375940282,0.030411264987686096,0.0034671270266686148,0.12334026834531826,-0.0022455793619033876,412.1887254901961,0.05559895833333329
wisdm,IT,APS,horizon,1.0,0.9067992794281385,11.923611670763325,0.026603878386876847,0.010039512049258417,0.35191156316836275,-0.006052965962712635,339.82598039215685,0.1741051368464052
wisdm,IT,APS,hypergeom,0.1,0.8968082245297205,11.573517709298192,0.03262494650212751,4.845715084038097e-05,0.0018176017032287724,-3.189784746199722e-05,448.75,0.001475694444444427
wisdm,IT,APS,hypergeom,0.25,0.8975228040075871,11.598732230166261,0.03211488820732741,0.0007630366287068985,0.027032122571299926,-0.0005419561422620828,443.3602941176471,0.008463541666666631
wisdm,IT,APS,hypergeom,0.5,0.9000610884308495,11.68879783572469,0.030491263024838622,0.003301321051969323,0.11709772812972759,-0.002165581324750863,425.1617647058824,0.03549198325163393
wisdm,IT,APS,hypergeom,1.0,0.9070358947285287,11.93203949111991,0.026441262996230612,0.010276127349648554,0.36033938352494643,-0.006215581353358868,367.7549019607843,0.12887816584967318
wisdm,IT,APS,martingale,0.1,0.896779509358425,11.572657893933167,0.032643748988889096,1.974197954489333e-05,0.0009577863382040252,-1.3095360700409639e-05,449.39950980392155,0.0006255106209150269
wisdm,IT,APS,martingale,0.25,0.8973231872520085,11.591384926940279,0.032248477743987994,0.0005634198731283975,0.019684819345316528,-0.00040836660560150087,446.2549019607843,0.004406658496732005
wisdm,IT,APS,martingale,0.5,0.8996850600629778,11.675632169279138,0.03072044071944633,0.002925292684097599,0.10393206168417687,-0.001936403630143158,434.06004901960785,0.020488664215686236
wisdm,IT,APS,martingale,1.0,0.9057961830738049,11.890799433480014,0.027139245264940295,0.009036415694924806,0.31909932588505124,-0.005517599084649185,393.9154411764706,0.07859221813725488
wisdm,IT,APS,midpoint,0.5,0.8969078444654169,11.577927217126936,0.0325896723142405,0.0001480770865369144,0.006227109531974507,-6.717203534901015e-05,412.1887254901961,0.05559895833333329
wisdm,IT,APS,no_intersection,0.5,0.9001713231899628,11.692463493231763,0.03040736639022642,0.003411555811082698,0.12076338563679884,-0.0022494779593630657,421.8651960784314,0.03959099264705878
wisdm,IT,APS,one_look_50,0.5,0.9302440845545346,12.815432317936388,0.015534268734043103,0.033484317175654435,1.2437322103414246,-0.017122575615546375,225.0,0.5000000000000002
wisdm,IT,APS,sparse_checks,0.5,0.897253156557745,11.589938752239934,0.03236231768962506,0.0004933891788647691,0.018238644644972168,-0.0002945266599644416,435.6299019607843,0.017340686274509777
wisdm,IT,APS,uncorrected,0.5,0.9002811738952413,11.69756812511048,0.030497399664121995,0.003521406516361173,0.12586801751551838,-0.0021594446854674917,351.8112745098039,0.1398897058823529
wisdm,IT,LAC,fixed_25,0.5,0.8975055602193583,11.229228093918193,0.03624574514672632,0.0026548864154633356,0.16667793740103606,-0.00020189184292003008,112.5,0.7500000000000004
wisdm,IT,LAC,fixed_50,0.5,0.8956028339261934,11.115517965299551,0.03640769428604365,0.0007521601222983821,0.052967808782391414,-3.9942703602694335e-05,225.0,0.5000000000000002
wisdm,IT,LAC,fixed_75,0.5,0.8948512994606541,11.07347815661877,0.03665454848239303,6.25656759075787e-07,0.010928000101611126,0.00020691149274667378,337.5,0.2500000000000001
wisdm,IT,LAC,full_reference,0.5,0.894850673803895,11.062550156517158,0.03644763698964635,0.0,0.0,0.0,450.0,0.0
wisdm,IT,LAC,horizon,0.1,0.8948784615148151,11.063922508208817,0.03642862550461419,2.778771092000021e-05,0.0013723516916595204,-1.9011485032155615e-05,447.5747549019608,0.003500306372548999
wisdm,IT,LAC,horizon,0.25,0.8956155141926004,11.090319046186787,0.035948460614669706,0.0007648403887053645,0.027768889669629516,-0.0004991763749766316,440.56495098039215,0.012696589052287552
wisdm,IT,LAC,horizon,0.5,0.8980051648344974,11.172402264788776,0.034378034274371395,0.00315449103060241,0.1098521082716175,-0.002069602715274936,418.6519607843137,0.045225694444444395
wisdm,IT,LAC,horizon,1.0,0.9050831776998174,11.40837768954605,0.02993763710647709,0.0102325038959223,0.3458275330288918,-0.006509999883169235,355.41911764705884,0.1487208946078431
wisdm,IT,LAC,hypergeom,0.1,0.8948781080196456,11.063482155128966,0.0364288620935673,2.7434215750500746e-05,0.0009319986118083701,-1.877489607904847e-05,449.4007352941176,0.0007033803104575065
wisdm,IT,LAC,hypergeom,0.25,0.895486636502948,11.084943296132627,0.03603303600640103,0.0006359626990529554,0.022393139615468762,-0.00041460098324530527,445.1188725490196,0.005868310866013044
wisdm,IT,LAC,hypergeom,0.5,0.8979649977230602,11.169135545084384,0.03439193161627387,0.003114323919165049,0.10658538856722662,-0.0020557053733724507,430.2855392156863,0.02741779003267969
wisdm,IT,LAC,hypergeom,1.0,0.9050167438459163,11.40690373073342,0.029944126719846,0.010166070042021216,0.344353574216264,-0.006503510269800328,381.578431372549,0.10597937091503264
wisdm,IT,LAC,martingale,0.1,0.8948720637707045,11.063430661470594,0.03643313446876086,2.138996680951436e-05,0.0008805049534357842,-1.4502520885486032e-05,449.7647058823529,0.00024509803921568286
wisdm,IT,LAC,martingale,0.25,0.8951722917240292,11.074649022604353,0.03623677590448956,0.00032161792013419405,0.01209886608719498,-0.000210861085156788,448.00857843137254,0.0021688623366012912
wisdm,IT,LAC,martingale,0.5,0.8976334995817,11.157829135002308,0.03461283596844712,0.0027828257778048943,0.09527897848514966,-0.0018348010211992117,437.79411764705884,0.015250970179738527
wisdm,IT,LAC,martingale,1.0,0.9040228345681794,11.374604739456819,0.030586422872814344,0.009172160764284391,0.31205458293966104,-0.005861214116831985,403.50735294117646,0.06484502655228755
wisdm,IT,LAC,midpoint,0.5,0.8948634463413597,11.065789127645903,0.03645428687283525,1.2772537464763801e-05,0.0032389711287454785,6.649883188901613e-06,418.6519607843137,0.045225694444444395
wisdm,IT,LAC,no_intersection,0.5,0.8980006044398054,11.171139280039261,0.03436571657186217,0.0031499306359103296,0.108589123522102,-0.0020819204177841585,427.22058823529414,0.03095511642156859
wisdm,IT,LAC,one_look_50,0.5,0.930125860250315,12.405283883952322,0.017080730150834177,0.03527518644641973,1.342733727435164,-0.019366906838812144,225.0,0.5000000000000002
wisdm,IT,LAC,sparse_checks,0.5,0.8951762124455453,11.074287860695447,0.036243486869740174,0.0003255386416502903,0.011737704178289893,-0.0002041501199061704,439.74264705882354,0.012632761437908473
wisdm,IT,LAC,uncorrected,0.5,0.8984559472156638,11.188311013225459,0.034138593281556724,0.0036052734117686114,0.12576085670829937,-0.0023090437080895997,363.703431372549,0.12154181985294113
wisdm,LR,APS,fixed_25,0.5,0.8939363764027652,8.845430163998769,0.028387773371004066,0.0019957352797659593,0.11831096197184887,0.002250037674748648,112.5,0.7500000000000004
wisdm,LR,APS,fixed_50,0.5,0.8925708430399514,8.766407551056613,0.027077011711465152,0.0006302019169520929,0.0392883490296916,0.0009392760152097369,225.0,0.5000000000000002
wisdm,LR,APS,fixed_75,0.5,0.8925173744103434,8.747674153512039,0.026311891298996425,0.000576733287344269,0.02055495148511907,0.00017415560274101473,337.5,0.2500000000000001
wisdm,LR,APS,full_reference,0.5,0.8919406411229991,8.72711920202692,0.0261377356962554,0.0,0.0,0.0,450.0,0.0
wisdm,LR,APS,horizon,0.1,0.8921699208451364,8.731690703833697,0.026014796423359538,0.0002292797221370848,0.004571501806776288,-0.0001229392728958589,444.41299019607845,0.0077576082516339516
wisdm,LR,APS,horizon,0.25,0.894112747227324,8.772171848648108,0.02492154070278861,0.0021721061043248175,0.04505264662118806,-0.0012161949934667749,426.08578431372547,0.034318831699346346
wisdm,LR,APS,horizon,0.5,0.8990244829882874,8.873388458176453,0.022306687722277046,0.007083841865288178,0.14626925614953415,-0.003831047973978331,378.5355392156863,0.107977175245098
wisdm,LR,APS,horizon,1.0,0.9102278315009164,9.12269030234467,0.017152464442607814,0.01828719037791708,0.3955711003177494,-0.008985271253647559,281.8345588235294,0.276071027369281
wisdm,LR,APS,hypergeom,0.1,0.8921224277465274,8.73114388459156,0.026037412159622932,0.00018178662352813328,0.004024682564641289,-0.00010032353663246406,448.13357843137254,0.0022773692810457314
wisdm,LR,APS,hypergeom,0.25,0.8941454793260254,8.77232547891556,0.024862899228365713,0.002204838203026174,0.045206276888639464,-0.0012748364678896672,435.9093137254902,0.01893127042483656
wisdm,LR,APS,hypergeom,0.5,0.899111535628017,8.875144224409981,0.0221858346836989,0.007170894505017763,0.14802502238306098,-0.003951901012556468,400.5171568627451,0.07218647875816989
wisdm,LR,APS,hypergeom,1.0,0.9109450733940626,9.134794059472176,0.01669827535099318,0.019004432271063354,0.4076748574452569,-0.009439460345262189,316.9375,0.2137957005718954
wisdm,LR,APS,martingale,0.1,0.8920308741255926,8.729267160697798,0.02609433026833666,9.023300259346359e-05,0.0021479586708781258,-4.340542791873427e-05,449.27450980392155,0.0008106107026143696
wisdm,LR,APS,martingale,0.25,0.8937413707693993,8.763914875389233,0.025080529548527384,0.0018007296464000243,0.03679567336231176,-0.0010572061477280023,441.28308823529414,0.010481770833333312
wisdm,LR,APS,martingale,0.5,0.8983076379578148,8.859589429575427,0.022642657294413716,0.0063669968348156036,0.13247022754850743,-0.003495078401841663,416.1519607843137,0.04456061070261435
wisdm,LR,APS,martingale,1.0,0.9092310936550485,9.097313207285804,0.017650440103770437,0.017290452532049284,0.37019400525888435,-0.008487295592484937,349.19117647058823,0.14475337009803918
wisdm,LR,APS,midpoint,0.5,0.8918075932738233,8.725968636734635,0.026313742794418313,-0.0001330478491757835,-0.001150565292285064,0.0001760070981629031,378.5355392156863,0.107977175245098
wisdm,LR,APS,no_intersection,0.5,0.8989662559268329,8.872193988198436,0.022280262627842832,0.007025614803833671,0.14507478617151512,-0.0038574730684125392,393.6470588235294,0.08022620506535945
wisdm,LR,APS,one_look_50,0.5,0.9283341339784691,9.731741502673042,0.011120394202899331,0.03639349285546978,1.004622300646122,-0.015017341493356045,225.0,0.5000000000000002
wisdm,LR,APS,sparse_checks,0.5,0.8940057697538135,8.768451622467436,0.025016073676887265,0.002065128630814334,0.04133242044051654,-0.0011216620193681295,407.8700980392157,0.05300245098039211
wisdm,LR,APS,uncorrected,0.5,0.8987945412069525,8.871677221280045,0.022623089840182877,0.006853900083953175,0.14455801925312428,-0.0035146458560724987,307.38235294117646,0.20978604983660126
wisdm,LR,LAC,fixed_25,0.5,0.8988375459169771,7.570614226937008,0.03358665212616504,0.000609317681341747,0.09506205580343086,0.0014227057216501162,112.5,0.7500000000000004
wisdm,LR,LAC,fixed_50,0.5,0.8986389809221725,7.510511944841657,0.032551923339092195,0.0004107526865372435,0.03495977370808066,0.00038797693457728205,225.0,0.5000000000000002
wisdm,LR,LAC,fixed_75,0.5,0.8986229737169167,7.491614627086309,0.03220336480417621,0.0003947454812813903,0.016062455952733295,3.941839966130141e-05,337.5,0.2500000000000001
wisdm,LR,LAC,full_reference,0.5,0.8982282282356353,7.475552171133576,0.032163946404514906,0.0,0.0,0.0,450.0,0.0
wisdm,LR,LAC,horizon,0.1,0.898469292925592,7.481618276539268,0.0320343106034643,0.00024106468995653595,0.006066105405692328,-0.0001296358010506024,445.78921568627453,0.0059346915849672836
wisdm,LR,LAC,horizon,0.25,0.9003727610415938,7.528689240780815,0.030997955729089182,0.0021445328059584118,0.053137069647238286,-0.0011659906754257045,427.015931372549,0.033783956290849626
wisdm,LR,LAC,horizon,0.5,0.9044598021907406,7.630522835421482,0.028781112627487244,0.0062315739551052785,0.1549706642879061,-0.003382833777027639,376.4375,0.1132084865196078
wisdm,LR,LAC,horizon,1.0,0.9145281071834278,7.891198648011774,0.02387568897294503,0.01629987894779234,0.4156464768781982,-0.008288257431569851,273.85539215686276,0.29837111928104576
wisdm,LR,LAC,hypergeom,0.1,0.8983725378520856,7.479167400071577,0.03209471557654369,0.00014430961645027306,0.0036152289380008817,-6.923082797121423e-05,448.43382352941177,0.002106311274509784
wisdm,LR,LAC,hypergeom,0.25,0.9002312359191166,7.525353140745384,0.031059962352121565,0.00200300768348123,0.04980096961180823,-0.0011039840523933261,435.37132352941177,0.020538449754901916
wisdm,LR,LAC,hypergeom,0.5,0.9044894098528009,7.631176642254839,0.02874232172474871,0.006261181617165564,0.1556244711212619,-0.0034216246797661746,397.3651960784314,0.07984451593137251
wisdm,LR,LAC,hypergeom,1.0,0.9149489661166114,7.901797976213252,0.02361375797156319,0.016720737880975944,0.42624580507967486,-0.008550188432951687,307.8125,0.2347758374183006
wisdm,LR,LAC,martingale,0.1,0.8982798969536636,7.476791656692015,0.032140983689508566,5.166871802835652e-05,0.0012394855584391224,-2.2962715006341597e-05,449.56617647058823,0.0005310457516339777
wisdm,LR,LAC,martingale,0.25,0.8998819267265248,7.516989001459685,0.0312715406654693,0.0016536984908894776,0.04143683032611006,-0.0008924057390455939,441.23651960784315,0.0110957924836601
wisdm,LR,LAC,martingale,0.5,0.9035949533101109,7.610772844499435,0.02926708843739624,0.005366725074475494,0.1352206733658586,-0.0028968579671186465,415.40686274509807,0.04668224060457511
wisdm,LR,LAC,martingale,1.0,0.9136193654493283,7.872693874321559,0.02438547895332823,0.015391137213692991,0.3971417031879827,-0.007778467451186655,342.0575980392157,0.16078431372549018
wisdm,LR,LAC,midpoint,0.5,0.8987412633627114,7.488769605531879,0.03190219301612702,0.0005130351270760663,0.01321743439830285,-0.00026175338838788,376.4375,0.1132084865196078
wisdm,LR,LAC,no_intersection,0.5,0.9043110937613474,7.627312369039892,0.028845039641837364,0.006082865525712147,0.15176019790631476,-0.003318906762677516,389.77941176470586,0.08881357230392153
wisdm,LR,LAC,one_look_50,0.5,0.9300964382746649,8.433187119173866,0.01711592202758441,0.03186821003902963,0.9576349480402883,-0.015048024376930475,225.0,0.5000000000000002
wisdm,LR,LAC,sparse_checks,0.5,0.9000871462817077,7.523274002745443,0.03120421087121752,0.001858918046072427,0.04772183161186586,-0.0009597355332973742,406.203431372549,0.054054330065359424
wisdm,LR,LAC,uncorrected,0.5,0.9048267505640292,7.64027206134425,0.028704949166916204,0.006598522328393852,0.16471989021067343,-0.0034589972375986787,304.9791666666667,0.2170304840686274
wisdm,MR,APS,fixed_25,0.5,0.9046698043314384,9.304589553287522,0.027981020317687132,0.002050869185247747,0.22411039875423697,0.0007987890086174162,112.5,0.7500000000000004
wisdm,MR,APS,fixed_50,0.5,0.903409557134186,9.157164184483689,0.027381039516603114,0.0007906219879954817,0.07668502995040374,0.00019880820753340536,225.0,0.5000000000000002
wisdm,MR,APS,fixed_75,0.5,0.9030193452791601,9.112212979831787,0.02721792672868794,0.00040041013296958247,0.03173382529850171,3.56954196182343e-05,337.5,0.2500000000000001
wisdm,MR,APS,full_reference,0.5,0.9026189351461905,9.080479154533284,0.0271822313090697,0.0,0.0,0.0,450.0,0.0
wisdm,MR,APS,horizon,0.1,0.9025946588762573,9.080707804881506,0.027212276072519685,-2.42762699332072e-05,0.00022865034822092345,3.0044763449978365e-05,448.4264705882353,0.002667994281045732
wisdm,MR,APS,horizon,0.25,0.9032622643693975,9.104590594688382,0.02688897523884963,0.0006433292232069012,0.024111440155096805,-0.00029325607022006786,442.49142156862746,0.010379646650326759
wisdm,MR,APS,horizon,0.5,0.9055801655580719,9.18718736353608,0.025756041665840473,0.0029612304118813077,0.10670820900279449,-0.0014261896432292125,422.3382352941176,0.03970460580065355
wisdm,MR,APS,horizon,1.0,0.9112832962547918,9.403690234089524,0.023128342247553602,0.008664361108601186,0.3232110795562391,-0.004053889061516078,360.6862745098039,0.13648131127450977
wisdm,MR,APS,hypergeom,0.1,0.9026283078615313,9.080973306886776,0.027182923158858324,9.37271534065356e-06,0.0004941523534912496,6.918497886220196e-07,449.54289215686276,0.0007621017156862554
wisdm,MR,APS,hypergeom,0.25,0.9032059065880992,9.101250272130988,0.026899215021246283,0.0005869714419086552,0.02077111759770202,-0.0002830162878234126,445.7757352941176,0.0054661968954248085
wisdm,MR,APS,hypergeom,0.5,0.9054540591267181,9.182654794450084,0.02581679109845112,0.002835123980527528,0.10217563991679848,-0.001365440210618559,432.2610294117647,0.024950214460784267
wisdm,MR,APS,hypergeom,1.0,0.9115353091225913,9.41153006466087,0.022990681868024943,0.008916373976400738,0.33105091012758525,-0.00419154944104474,384.9227941176471,0.09822942197712414
wisdm,MR,APS,martingale,0.1,0.9026297401119693,9.0810096825419,0.02718122226613271,1.0804965778708683e-05,0.0005305280086142618,-1.0090429369955882e-06,449.9387254901961,0.00010212418300653186
wisdm,MR,APS,martingale,0.25,0.9029117936951425,9.09105393710317,0.027047795285902888,0.00029285854895188987,0.010574782569885522,-0.00013443602316680773,448.35539215686276,0.001879084967320243
wisdm,MR,APS,martingale,0.5,0.9051871880271127,9.17278267386277,0.025952130948389864,0.0025682528809221773,0.09230351932948487,-0.0012301003606798278,438.73039215686276,0.014002502042483624
wisdm,MR,APS,martingale,1.0,0.910709112930175,9.381616835855853,0.023393287086608778,0.008090177783984374,0.30113768132256863,-0.0037889442224609098,406.4742647058824,0.05896650326797382
wisdm,MR,APS,midpoint,0.5,0.9025701428198202,9.081269263786442,0.02724530011590978,-4.8792326370399825e-05,0.0007901092531571875,6.306880684007084e-05,422.3382352941176,0.03970460580065355
wisdm,MR,APS,no_intersection,0.5,0.9056262916227994,9.18734125687082,0.025699702404490203,0.0030073564766088666,0.10686210233753536,-0.0014825289045794774,429.1470588235294,0.028407118055555517
wisdm,MR,APS,one_look_50,0.5,0.9355028361067902,10.614530516620945,0.013432534574886384,0.032883900960599635,1.53405136208766,-0.0137496967341833,225.0,0.5000000000000002
wisdm,MR,APS,sparse_checks,0.5,0.9027848516603333,9.086900286197583,0.027097942113840118,0.00016591651414270056,0.006421131664298185,-8.428919522958306e-05,442.91421568627453,0.009037990196078411
wisdm,MR,APS,uncorrected,0.5,0.9057686055399397,9.196192267916203,0.025674685507593418,0.0031496703937491355,0.11571311338291893,-0.0015075458014762648,370.94117647058823,0.11223447712418297
wisdm,MR,LAC,fixed_25,0.5,0.9057819430074194,8.687949159340723,0.027978469349542963,0.0013240408911600404,0.2388021677514497,0.001688272609078052,112.5,0.7500000000000004
wisdm,MR,LAC,fixed_50,0.5,0.9046851943347914,8.522836935398995,0.02707716013416196,0.00022729221853213635,0.07368994380972098,0.000786963393697048,225.0,0.5000000000000002
wisdm,MR,LAC,fixed_75,0.5,0.9046774277848548,8.478344880813545,0.026495003777858933,0.00021952566859556008,0.029197889224269368,0.0002048070373940279,337.5,0.2500000000000001
wisdm,MR,LAC,full_reference,0.5,0.9044579021162593,8.449146991589274,0.0262901967404649,0.0,0.0,0.0,450.0,0.0
wisdm,MR,LAC,horizon,0.1,0.9043613614439996,8.445953195118502,0.02634369433287798,-9.654067225974637e-05,-0.003193796470771907,5.349759241307749e-05,448.5894607843137,0.002375663807189516
wisdm,MR,LAC,horizon,0.25,0.9049739373157045,8.468436295714856,0.026051661685265303,0.0005160351994451195,0.019289304125581774,-0.0002385350551995922,442.9313725490196,0.009844771241830032
wisdm,MR,LAC,horizon,0.5,0.9072157299295868,8.550477632265107,0.024980391983478942,0.0027578278133273313,0.10133064067583288,-0.001309804756985942,423.35171568627453,0.039135263480392105
wisdm,MR,LAC,horizon,1.0,0.9127681575511423,8.767421239054396,0.022442802521549236,0.008310255434882842,0.318274247465123,-0.003847394218915638,365.91789215686276,0.12996706495098037
wisdm,MR,LAC,hypergeom,0.1,0.9044526676802007,8.449245755540035,0.02629648623966567,-5.234436058666649e-06,9.876395076131546e-05,6.2894992007737495e-06,449.75857843137254,0.00039700776143789586
wisdm,MR,LAC,hypergeom,0.25,0.9049264039191746,8.465328705786046,0.02604258004035863,0.0004685018029151307,0.016181714196772962,-0.0002476167001062612,446.46078431372547,0.004556015114379055
wisdm,MR,LAC,hypergeom,0.5,0.907147753589158,8.546496153079893,0.024993152416810938,0.0026898514728986626,0.09734916149061842,-0.001297044323653941,433.3112745098039,0.023385161356209102
wisdm,MR,LAC,hypergeom,1.0,0.9129914235865367,8.773701287061668,0.022305209938996682,0.008533521470277427,0.3245542954723947,-0.003984986801468192,388.6703431372549,0.09336703431372544
wisdm,MR,LAC,martingale,0.1,0.9044590643382663,8.449196374121382,0.026290003597682063,1.1622220068846957e-06,4.938253210874289e-05,-1.931427828340924e-07,449.9877450980392,1.2765522875816179e-05
wisdm,MR,LAC,martingale,0.25,0.9046996404569805,8.457852841525943,0.026171120337237685,0.00024173834072118255,0.008705849936670078,-0.00011907640322720977,448.76838235294116,0.0014233558006535808
wisdm,MR,LAC,martingale,0.5,0.9068244088922975,8.534844450648299,0.025151280159422588,0.0023665067760381777,0.08569745905902543,-0.001138916581042292,439.8272058823529,0.012762969771241797
wisdm,MR,LAC,martingale,1.0,0.9121046157103346,8.741098266799609,0.022788538756934887,0.007646713594075299,0.291951275210335,-0.00350165798352999,409.48039215686276,0.05532960580065355
wisdm,MR,LAC,midpoint,0.5,0.9042690278596052,8.444648105470431,0.02641380548352317,-0.00018887425665405316,-0.004498886118842175,0.00012360874305827307,423.35171568627453,0.039135263480392105
wisdm,MR,LAC,no_intersection,0.5,0.9073162751994905,8.552331496422083,0.024914901012378962,0.002858373083231202,0.10318450483280973,-0.001375295728085918,430.546568627451,0.02621144812091499
wisdm,MR,LAC,one_look_50,0.5,0.9379256468268279,10.12794512811817,0.013080087675428866,0.03346774471056857,1.678798136528897,-0.013210109065036009,225.0,0.5000000000000002
wisdm,MR,LAC,sparse_checks,0.5,0.9045379768719762,8.453188145908067,0.026280952863123833,8.007475571699267e-05,0.004041154318792404,-9.243877341063014e-06,444.09313725490193,0.007230392156862728
wisdm,MR,LAC,uncorrected,0.5,0.9072409490185356,8.55644908781823,0.02503902579933602,0.0027830469022762662,0.10730209622895681,-0.00125117094112886,374.22058823529414,0.10770654616013067
