dataset,score,baseline,metric,difference,ci_low,ci_high,subjects
dsads,LAC,hypergeom,coverage,0.00010907803362572577,-1.781798245614752e-05,0.00020936414930555614,8
dsads,LAC,hypergeom,set_size,0.008274625365497112,0.005338884320175485,0.011434461805555851,8
dsads,LAC,hypergeom,shortfall,-6.853070175442318e-06,-0.00017166940789473809,0.00018232307657162574,8
dsads,LAC,hypergeom,delta_coverage,0.00010907803362573317,-1.7817982456140946e-05,0.0002093641493055587,8
dsads,LAC,hypergeom,delta_size,0.008274625365497076,0.00533888432017544,0.011434461805555548,8
dsads,LAC,hypergeom,delta_shortfall,-6.853070175439492e-06,-0.00017166940789473584,0.00018232307657163754,8
dsads,LAC,hypergeom,queried,-4.4374999999999964,-5.041666666666661,-3.848958333333318,8
dsads,LAC,hypergeom,saving,0.014850983796296287,0.012843605324074067,0.016865596064814806,8
dsads,LAC,martingale,coverage,0.0011599963450292516,0.0007414793494152039,0.0016369700292397926,8
dsads,LAC,martingale,set_size,0.032107090643274605,0.027653737207602003,0.038001804641812735,8
dsads,LAC,martingale,shortfall,-0.0007635462353801219,-0.0013338358918128677,-0.0003298525447733933,8
dsads,LAC,martingale,delta_coverage,0.001159996345029233,0.0007414793494151918,0.0016369700292397666,8
dsads,LAC,martingale,delta_size,0.032107090643274855,0.02765373720760233,0.03800180464181286,8
dsads,LAC,martingale,delta_shortfall,-0.0007635462353801177,-0.0013338358918128677,-0.00032985254477339024,8
dsads,LAC,martingale,queried,-9.145833333333332,-10.684895833333343,-7.408854166666661,8
dsads,LAC,martingale,saving,0.03092447916666665,0.02495298032407406,0.03621238425925924,8
dsads,LAC,full_reference,coverage,0.00361465186403509,0.0019267406798245679,0.0054493672331871875,8
dsads,LAC,full_reference,set_size,0.07298942342836268,0.061403166118421115,0.08598352978801183,8
dsads,LAC,full_reference,shortfall,-0.0028022203947368467,-0.004713233278508778,-0.001056629203216376,8
dsads,LAC,full_reference,delta_coverage,0.0036146518640350588,0.0019267406798245293,0.00544936723318711,8
dsads,LAC,full_reference,delta_size,0.07298942342836254,0.061403166118421025,0.08598352978801167,8
dsads,LAC,full_reference,delta_shortfall,-0.002802220394736825,-0.004713233278508748,-0.0010566292032163642,8
dsads,LAC,full_reference,queried,-12.833333333333332,-15.401041666666664,-9.989583333333332,8
dsads,LAC,full_reference,saving,0.04191984953703699,0.03261700665509255,0.050271448206018476,8
dsads,LAC,fixed_25,coverage,0.0014317205774853625,-0.0007298034311038523,0.003763591922514603,8
dsads,LAC,fixed_25,set_size,-0.2885503472222223,-0.37901348056012446,-0.19299264437134506,8
dsads,LAC,fixed_25,shortfall,-0.003531158625730994,-0.006678334018640356,-0.0005422034904970833,8
dsads,LAC,fixed_25,delta_coverage,0.0014317205774853632,-0.00072980343110381,0.0037635919225145922,8
dsads,LAC,fixed_25,delta_size,-0.2885503472222222,-0.37901348056012424,-0.19299264437134503,8
dsads,LAC,fixed_25,delta_shortfall,-0.003531158625730968,-0.006678334018640308,-0.0005422034904970671,8
dsads,LAC,fixed_25,queried,189.66666666666669,187.09895833333334,192.51041666666669,8
dsads,LAC,fixed_25,saving,-0.7080801504629635,-0.717382993344908,-0.699728551793982,8
dsads,LAC,fixed_50,coverage,0.0028576160453216704,0.0006426923428362642,0.00514278657255122,8
dsads,LAC,fixed_50,set_size,-0.047879545869883244,-0.09105911344115557,-0.0029038371482095287,8
dsads,LAC,fixed_50,shortfall,-0.0029798291301169543,-0.005776110197368414,-0.0005960229349415197,8
dsads,LAC,fixed_50,delta_coverage,0.002857616045321615,0.0006426923428362387,0.005142786572551146,8
dsads,LAC,fixed_50,delta_size,-0.047879545869883064,-0.09105911344115494,-0.002903837148209105,8
dsads,LAC,fixed_50,delta_shortfall,-0.0029798291301169335,-0.0057761101973683796,-0.0005960229349414999,8
dsads,LAC,fixed_50,queried,122.16666666666666,119.59895833333333,125.01041666666666,8
dsads,LAC,fixed_50,saving,-0.45808015046296324,-0.4673829933449076,-0.44972855179398175,8
dsads,LAC,fixed_75,coverage,0.0034762198464912547,0.0016092093841374605,0.005634251644736868,8
dsads,LAC,fixed_75,set_size,0.028872555738304106,0.003585791872258618,0.05135563436586238,8
dsads,LAC,fixed_75,shortfall,-0.0029665798611111143,-0.00544210012335526,-0.0009516344572368388,8
dsads,LAC,fixed_75,delta_coverage,0.003476219846491214,0.001609209384137419,0.005634251644736818,8
dsads,LAC,fixed_75,delta_size,0.02887255573830408,0.0035857918722587497,0.05135563436586254,8
dsads,LAC,fixed_75,delta_shortfall,-0.002966579861111094,-0.0054421001233552375,-0.0009516344572368268,8
dsads,LAC,fixed_75,queried,54.66666666666667,52.098958333333336,57.51041666666667,8
dsads,LAC,fixed_75,saving,-0.20808015046296313,-0.21738299334490757,-0.19972855179398163,8
dsads,LAC,one_look_50,coverage,-0.03837148209064327,-0.054405381944444414,-0.02622795595760237,8
dsads,LAC,one_look_50,set_size,-2.3320984100877196,-2.544757421303911,-2.122861410932931,8
dsads,LAC,one_look_50,shortfall,0.020684621710526308,0.008902432268823094,0.034013432017543845,8
dsads,LAC,one_look_50,delta_coverage,-0.038371482090643255,-0.05440538194444443,-0.026227955957602314,8
dsads,LAC,one_look_50,delta_size,-2.3320984100877196,-2.5447574213039106,-2.122861410932931,8
dsads,LAC,one_look_50,delta_shortfall,0.020684621710526305,0.008902432268823087,0.03401343201754383,8
dsads,LAC,one_look_50,queried,122.16666666666666,119.59895833333333,125.01041666666666,8
dsads,LAC,one_look_50,saving,-0.45808015046296324,-0.4673829933449076,-0.44972855179398175,8
dsads,LAC,uncorrected,coverage,0.00012495431286545233,-0.0003311175073099776,0.0007130619517543707,8
dsads,LAC,uncorrected,set_size,-0.014814967105263033,-0.024058596605445688,-0.004895947551169566,8
dsads,LAC,uncorrected,shortfall,-0.00024077119883040817,-0.0008086622807017541,0.00020170869883040976,8
dsads,LAC,uncorrected,delta_coverage,0.00012495431286549483,-0.0003311175073099458,0.0007130619517543868,8
dsads,LAC,uncorrected,delta_size,-0.01481496710526315,-0.024058596605445903,-0.004895947551169575,8
dsads,LAC,uncorrected,delta_shortfall,-0.0002407711988304093,-0.0008086622807017523,0.00020170869883040998,8
dsads,LAC,uncorrected,queried,16.015625,14.16393229166666,17.807421875000003,8
dsads,LAC,uncorrected,saving,-0.048430266203703685,-0.05354844835069441,-0.04311704282407406,8
dsads,LAC,no_intersection,coverage,9.171692251459806e-05,3.723501461987133e-05,0.00014368889345757366,8
dsads,LAC,no_intersection,set_size,0.005092744883041178,0.003048131396199305,0.007123683639437012,8
dsads,LAC,no_intersection,shortfall,-3.723501461988575e-05,-8.532072368420893e-05,6.1677631578891615e-06,8
dsads,LAC,no_intersection,delta_coverage,9.171692251462238e-05,3.723501461988311e-05,0.00014368889345760485,8
dsads,LAC,no_intersection,delta_size,0.005092744883040946,0.0030481313961988454,0.007123683639437151,8
dsads,LAC,no_intersection,delta_shortfall,-3.723501461988811e-05,-8.532072368421713e-05,6.167763157890937e-06,8
dsads,LAC,no_intersection,queried,-3.3281250000000036,-3.6796875000000178,-2.9869791666666536,8
dsads,LAC,no_intersection,saving,0.011639178240740728,0.010687934027777762,0.012503616898148141,8
dsads,LAC,sparse_checks,coverage,0.0021606588084795014,0.001214135599415203,0.003182808502375647,8
dsads,LAC,sparse_checks,set_size,0.04861670778508792,0.04377071054915948,0.054707376758954575,8
dsads,LAC,sparse_checks,shortfall,-0.0015759777046783663,-0.0026620751096491247,-0.0005929047880116978,8
dsads,LAC,sparse_checks,delta_coverage,0.002160658808479517,0.001214135599415187,0.003182808502375708,8
dsads,LAC,sparse_checks,delta_size,0.048616707785087705,0.04377071054915935,0.05470737675895467,8
dsads,LAC,sparse_checks,delta_shortfall,-0.0015759777046783579,-0.002662075109649117,-0.0005929047880116943,8
dsads,LAC,sparse_checks,queried,-6.026041666666661,-6.903710937500006,-5.132812499999986,8
dsads,LAC,sparse_checks,saving,0.02041377314814813,0.017125922309027753,0.023651077835648127,8
dsads,LAC,midpoint,coverage,0.004259754203216337,0.0021060626827484608,0.0066491913377193235,8
dsads,LAC,midpoint,set_size,0.0736531432748539,0.06081288834064341,0.08511855811403524,8
dsads,LAC,midpoint,shortfall,-0.003482958698830414,-0.00591534173976609,-0.0012571814464546836,8
dsads,LAC,midpoint,delta_coverage,0.004259754203216346,0.002106062682748512,0.006649191337719263,8
dsads,LAC,midpoint,delta_size,0.07365314327485378,0.06081288834064326,0.08511855811403507,8
dsads,LAC,midpoint,delta_shortfall,-0.0034829586988303907,-0.005915341739766056,-0.0012571814464546682,8
dsads,LAC,midpoint,queried,0.0,0.0,0.0,8
dsads,LAC,midpoint,saving,0.0,0.0,0.0,8
dsads,APS,hypergeom,coverage,0.00043208607456136916,0.0003113264117324377,0.0005658437271563849,8
dsads,APS,hypergeom,set_size,0.012730034722222339,0.009758020947551594,0.015657437865497448,8
dsads,APS,hypergeom,shortfall,-0.0002981085526315805,-0.00042512449744152783,-0.00018240302905701684,8
dsads,APS,hypergeom,delta_coverage,0.0004320860745614054,0.00031132641173246145,0.000565843727156431,8
dsads,APS,hypergeom,delta_size,0.012730034722222235,0.009758020947551186,0.01565743786549709,8
dsads,APS,hypergeom,delta_shortfall,-0.0002981085526315801,-0.00042512449744152,-0.00018240302905702063,8
dsads,APS,hypergeom,queried,-5.416666666666661,-5.752604166666661,-5.117187499999989,8
dsads,APS,hypergeom,saving,0.01788194444444443,0.01673900462962961,0.01912986472800925,8
dsads,APS,martingale,coverage,0.0012828947368421217,0.001043951023391858,0.001539427997076001,8
dsads,APS,martingale,set_size,0.03590700383771894,0.030798496893274185,0.04172366136695882,8
dsads,APS,martingale,shortfall,-0.0009420687134502942,-0.0012804019325657896,-0.0005960914656432726,8
dsads,APS,martingale,delta_coverage,0.0012828947368421018,0.0010439510233918152,0.0015394279970760163,8
dsads,APS,martingale,delta_size,0.035907003837719303,0.030798496893274865,0.04172366136695906,8
dsads,APS,martingale,delta_shortfall,-0.0009420687134502882,-0.0012804019325657863,-0.0005960914656432722,8
dsads,APS,martingale,queried,-10.192708333333325,-10.83854166666666,-9.619791666666657,8
dsads,APS,martingale,saving,0.03390480324074073,0.0318070023148148,0.03634982638888889,8
dsads,APS,full_reference,coverage,0.0029247761330409155,0.0024181058114034065,0.00346125730994154,8
dsads,APS,full_reference,set_size,0.08373503746345057,0.07790775767543856,0.0896927311769012,8
dsads,APS,full_reference,shortfall,-0.0019270833333333342,-0.0026704187225877196,-0.0011490171555190052,8
dsads,APS,full_reference,delta_coverage,0.002924776133040901,0.0024181058114034733,0.003461257309941488,8
dsads,APS,full_reference,delta_size,0.08373503746345026,0.07790775767543859,0.08969273117690055,8
dsads,APS,full_reference,delta_shortfall,-0.0019270833333333071,-0.0026704187225876906,-0.0011490171555189846,8
dsads,APS,full_reference,queried,-14.270833333333332,-15.468750000000007,-13.223958333333336,8
dsads,APS,full_reference,saving,0.04607204861111106,0.04237539785879624,0.0503870081018518,8
dsads,APS,fixed_25,coverage,-0.0015979075292398004,-0.003367141812865515,-0.0001595337627924423,8
dsads,APS,fixed_25,set_size,-0.20358609740497047,-0.2621501650447725,-0.1571091465643275,8
dsads,APS,fixed_25,shortfall,-0.0025572231359649025,-0.0036400110791301094,-0.0015759777046783503,8
dsads,APS,fixed_25,delta_coverage,-0.0015979075292397846,-0.0033671418128655077,-0.0001595337627924193,8
dsads,APS,fixed_25,delta_size,-0.20358609740497077,-0.2621501650447734,-0.15710914656432748,8
dsads,APS,fixed_25,delta_shortfall,-0.0025572231359648734,-0.003640011079130073,-0.0015759777046783286,8
dsads,APS,fixed_25,queried,188.22916666666666,187.03125,189.27604166666669,8
dsads,APS,fixed_25,saving,-0.7039279513888894,-0.7076246021412042,-0.6996129918981486,8
dsads,APS,fixed_50,coverage,0.0011402366593566693,0.0003193530701753322,0.00194752832602324,8
dsads,APS,fixed_50,set_size,-0.020023300438596348,-0.035484863281249786,-0.006575909173976132,8
dsads,APS,fixed_50,shortfall,-0.00216408534356725,-0.0030527001096491216,-0.0013127055921052645,8
dsads,APS,fixed_50,delta_coverage,0.001140236659356703,0.0003193530701754222,0.0019475283260233635,8
dsads,APS,fixed_50,delta_size,-0.020023300438596497,-0.03548486328125002,-0.006575909173976627,8
dsads,APS,fixed_50,delta_shortfall,-0.0021640853435672216,-0.0030527001096490826,-0.0013127055921052359,8
dsads,APS,fixed_50,queried,120.72916666666667,119.53125,121.77604166666667,8
dsads,APS,fixed_50,saving,-0.4539279513888892,-0.457624602141204,-0.4496129918981484,8
dsads,APS,fixed_75,coverage,0.0020881304824561103,0.0014787583379020305,0.0026995556926168937,8
dsads,APS,fixed_75,set_size,0.04556400767543878,0.03655841671235402,0.055050027412281044,8
dsads,APS,fixed_75,shortfall,-0.0018206323099415182,-0.0026594595211988327,-0.0010121984649122723,8
dsads,APS,fixed_75,delta_coverage,0.0020881304824561173,0.001478758337902035,0.0026995556926169327,8
dsads,APS,fixed_75,delta_size,0.04556400767543859,0.03655841671235378,0.05505002741228068,8
dsads,APS,fixed_75,delta_shortfall,-0.0018206323099414965,-0.002659459521198807,-0.0010121984649122586,8
dsads,APS,fixed_75,queried,53.22916666666667,52.03124999999999,54.276041666666664,8
dsads,APS,fixed_75,saving,-0.20392795138888906,-0.20762460214120387,-0.1996129918981483,8
dsads,APS,one_look_50,coverage,-0.04254420230263159,-0.05161207054093571,-0.03468727156432748,8
dsads,APS,one_look_50,set_size,-1.809579906798245,-2.045799867507309,-1.603291463930007,8
dsads,APS,one_look_50,shortfall,0.018486956323099418,0.011404765168128654,0.025931560672514623,8
dsads,APS,one_look_50,delta_coverage,-0.04254420230263156,-0.05161207054093566,-0.03468727156432748,8
dsads,APS,one_look_50,delta_size,-1.8095799067982457,-2.04579986750731,-1.6032914639300075,8
dsads,APS,one_look_50,delta_shortfall,0.018486956323099414,0.011404765168128654,0.02593156067251462,8
dsads,APS,one_look_50,queried,120.72916666666667,119.53125,121.77604166666667,8
dsads,APS,one_look_50,saving,-0.4539279513888892,-0.457624602141204,-0.4496129918981484,8
dsads,APS,uncorrected,coverage,-0.0007341922514619847,-0.0011039153874268666,-0.00039244106359655456,8
dsads,APS,uncorrected,set_size,-0.023258634868420947,-0.03231942160087764,-0.014426460846125129,8
dsads,APS,uncorrected,shortfall,0.000416095577485378,0.00011214763797514119,0.0007601197002923975,8
dsads,APS,uncorrected,delta_coverage,-0.000734192251461989,-0.001103915387426901,-0.00039244106359649726,8
dsads,APS,uncorrected,delta_size,-0.02325863486842105,-0.03231942160087718,-0.014426460846125741,8
dsads,APS,uncorrected,delta_shortfall,0.00041609557748538515,0.00011214763797515469,0.0007601197002923967,8
dsads,APS,uncorrected,queried,17.510416666666664,16.07539062500001,18.83854166666665,8
dsads,APS,uncorrected,saving,-0.05296585648148148,-0.056665943287037036,-0.048893138744212965,8
dsads,APS,no_intersection,coverage,0.0003073601973683643,0.00019473569992681448,0.0004111870659721232,8
dsads,APS,no_intersection,set_size,0.009317662646198599,0.006510987755848019,0.011811609100876419,8
dsads,APS,no_intersection,shortfall,-0.0001854897660818716,-0.0002889711257309962,-8.486385233918329e-05,8
dsads,APS,no_intersection,delta_coverage,0.00030736019736842543,0.0001947356999269134,0.0004111870659722225,8
dsads,APS,no_intersection,delta_size,0.009317662646198838,0.006510987755847969,0.011811609100877201,8
dsads,APS,no_intersection,delta_shortfall,-0.00018548976608186775,-0.0002889711257309871,-8.486385233918376e-05,8
dsads,APS,no_intersection,queried,-4.2968749999999964,-4.6328124999999964,-3.9270182291666598,8
dsads,APS,no_intersection,saving,0.014793113425925907,0.013769531249999972,0.015758825231481467,8
dsads,APS,sparse_checks,coverage,0.0019027549342105349,0.0015926420869883558,0.0022472644828216036,8
dsads,APS,sparse_checks,set_size,0.05302186129385955,0.04976303796600897,0.056630116959063836,8
dsads,APS,sparse_checks,shortfall,-0.001353824013157892,-0.0018407346491228032,-0.000830349392361106,8
dsads,APS,sparse_checks,delta_coverage,0.0019027549342105164,0.0015926420869882877,0.0022472644828216283,8
dsads,APS,sparse_checks,delta_size,0.05302186129385964,0.04976303796600876,0.05663011695906432,8
dsads,APS,sparse_checks,delta_shortfall,-0.0013538240131578832,-0.0018407346491227977,-0.0008303493923610969,8
dsads,APS,sparse_checks,queried,-7.338541666666661,-8.12499999999999,-6.679687499999989,8
dsads,APS,sparse_checks,saving,0.024877025462962936,0.02251519097222219,0.02771665219907404,8
dsads,APS,midpoint,coverage,0.002784288194444401,0.0022986339546783446,0.003296109740496987,8
dsads,APS,midpoint,set_size,0.0775220440423976,0.07440538194444435,0.08063269828216346,8
dsads,APS,midpoint,shortfall,-0.0018569535818713481,-0.0025595074926900593,-0.001103115862573102,8
dsads,APS,midpoint,delta_coverage,0.002784288194444416,0.0022986339546783355,0.003296109740497046,8
dsads,APS,midpoint,delta_size,0.07752204404239764,0.07440538194444442,0.08063269828216374,8
dsads,APS,midpoint,delta_shortfall,-0.0018569535818713221,-0.0025595074926900285,-0.0011031158625730854,8
dsads,APS,midpoint,queried,0.0,0.0,0.0,8
dsads,APS,midpoint,saving,0.0,0.0,0.0,8
har,LAC,hypergeom,coverage,-0.0025948480533875182,-0.003372275463697351,-0.0018660731506932608,30
har,LAC,hypergeom,set_size,-0.016010260111919913,-0.01788223113782048,-0.014166575747423641,30
har,LAC,hypergeom,shortfall,0.0009919594443008426,0.00044447992873083595,0.0016192478281148975,30
har,LAC,hypergeom,delta_coverage,-0.0025948480533875135,-0.00337227546369735,-0.0018660731506932639,30
har,LAC,hypergeom,delta_size,-0.016010260111919958,-0.01788223113782049,-0.014166575747423709,30
har,LAC,hypergeom,delta_shortfall,0.0009919594443008454,0.00044447992873083834,0.0016192478281149038,30
har,LAC,hypergeom,queried,-21.979166666666668,-22.425694444444446,-21.528454861111108,30
har,LAC,hypergeom,saving,0.0669748263888889,0.06611253978587962,0.06781467013888891,30
har,LAC,martingale,coverage,-0.004558685255864736,-0.006036416435120342,-0.003220069020249625,30
har,LAC,martingale,set_size,-0.031912336682605895,-0.035539735017571523,-0.02849547162710609,30
har,LAC,martingale,shortfall,0.001624470712558321,0.0007168294394255146,0.0026543925731876,30
har,LAC,martingale,delta_coverage,-0.004558685255864727,-0.0060364164351203245,-0.003220069020249606,30
har,LAC,martingale,delta_size,-0.03191233668260589,-0.03553973501757149,-0.02849547162710607,30
har,LAC,martingale,delta_shortfall,0.0016244707125583234,0.0007168294394255152,0.0026543925731876057,30
har,LAC,martingale,queried,-38.05833333333333,-39.45913194444445,-36.64927083333333,30
har,LAC,martingale,saving,0.1265321180555556,0.12349244068287041,0.1294828197337963,30
har,LAC,full_reference,coverage,0.054012246035991196,0.04063231591501527,0.06848237677941119,30
har,LAC,full_reference,set_size,0.23451631430767833,0.20651532455700355,0.2627640158104113,30
har,LAC,full_reference,shortfall,-0.024406779227189805,-0.037699347232654425,-0.012393802177771621,30
har,LAC,full_reference,delta_coverage,0.05401224603599105,0.04063231591501512,0.06848237677941099,30
har,LAC,full_reference,delta_size,0.23451631430767847,0.2065153245570037,0.26276401581041153,30
har,LAC,full_reference,delta_shortfall,-0.024406779227189788,-0.037699347232654404,-0.012393802177771612,30
har,LAC,full_reference,queried,-362.1125,-364.98272569444435,-359.3638541666667,30
har,LAC,full_reference,saving,0.7162456597222223,0.7091182002314816,0.7238686704282409,30
har,LAC,fixed_25,coverage,0.05368454331250579,0.04114167314446185,0.06712208476444642,30
har,LAC,fixed_25,set_size,0.2146877126682917,0.18882997629150872,0.2408799340162595,30
har,LAC,fixed_25,shortfall,-0.02548520215671146,-0.037844582456050276,-0.01433075024671922,30
har,LAC,fixed_25,delta_coverage,0.05368454331250564,0.041141673144461655,0.06712208476444627,30
har,LAC,fixed_25,delta_size,0.21468771266829176,0.18882997629150877,0.24087993401625962,30
har,LAC,fixed_25,delta_shortfall,-0.025485202156711444,-0.037844582456050255,-0.014330750246719202,30
har,LAC,fixed_25,queried,-24.6125,-27.482725694444436,-21.86385416666667,30
har,LAC,fixed_25,saving,-0.033754340277778204,-0.040881799768518925,-0.026131329571759673,30
har,LAC,fixed_50,coverage,0.0535133901324524,0.04047079564846335,0.06749925354919455,30
har,LAC,fixed_50,set_size,0.22789892148024157,0.20089822958378434,0.2550682020682509,30
har,LAC,fixed_50,shortfall,-0.024495139898468684,-0.03740961824680291,-0.012853904232162162,30
har,LAC,fixed_50,delta_coverage,0.05351339013245223,0.04047079564846314,0.06749925354919437,30
har,LAC,fixed_50,delta_size,0.2278989214802417,0.20089822958378456,0.255068202068251,30
har,LAC,fixed_50,delta_shortfall,-0.024495139898468667,-0.03740961824680288,-0.012853904232162153,30
har,LAC,fixed_50,queried,-137.1125,-139.9827256944444,-134.3638541666667,30
har,LAC,fixed_50,saving,0.21624565972222204,0.20911820023148125,0.2238686704282405,30
har,LAC,fixed_75,coverage,0.05368500913544066,0.04039747287998722,0.06800645588086916,30
har,LAC,fixed_75,set_size,0.231707748478758,0.20399018426276316,0.2595972998452132,30
har,LAC,fixed_75,shortfall,-0.02444368039090252,-0.037593845761717266,-0.012573014411949282,30
har,LAC,fixed_75,delta_coverage,0.05368500913544049,0.04039747287998708,0.068006455880869,30
har,LAC,fixed_75,delta_size,0.23170774847875805,0.20399018426276339,0.2595972998452133,30
har,LAC,fixed_75,delta_shortfall,-0.024443680390902507,-0.03759384576171725,-0.012573014411949263,30
har,LAC,fixed_75,queried,-249.6125,-252.4827256944445,-246.8638541666667,30
har,LAC,fixed_75,saving,0.4662456597222221,0.45911820023148137,0.47386867042824066,30
har,LAC,one_look_50,coverage,0.02215875624659686,0.016053513267859646,0.028778633776706735,30
har,LAC,one_look_50,set_size,0.10253041739851027,0.08921821096226441,0.11660341414659586,30
har,LAC,one_look_50,shortfall,-0.009196667512008965,-0.014909463509514876,-0.00410453153899381,30
har,LAC,one_look_50,delta_coverage,0.022158756246596786,0.016053513267859587,0.028778633776706655,30
har,LAC,one_look_50,delta_size,0.10253041739851033,0.08921821096226452,0.11660341414659597,30
har,LAC,one_look_50,delta_shortfall,-0.00919666751200897,-0.014909463509514881,-0.0041045315389938155,30
har,LAC,one_look_50,queried,-137.1125,-139.9827256944444,-134.3638541666667,30
har,LAC,one_look_50,saving,0.21624565972222204,0.20911820023148125,0.2238686704282405,30
har,LAC,uncorrected,coverage,0.0030370689817330303,0.0021595249051381497,0.0040088763100671245,30
har,LAC,uncorrected,set_size,0.016276825927700588,0.01413554623333701,0.01845043251496791,30
har,LAC,uncorrected,shortfall,-0.0013756060123645056,-0.0022167890615374794,-0.000643360326222425,30
har,LAC,uncorrected,delta_coverage,0.003037068981733011,0.002159524905138129,0.00400887631006711,30
har,LAC,uncorrected,delta_size,0.0162768259277006,0.014135546233337036,0.01845043251496789,30
har,LAC,uncorrected,delta_shortfall,-0.0013756060123645065,-0.0022167890615374802,-0.0006433603262224253,30
har,LAC,uncorrected,queried,22.5,21.628472222222225,23.379184027777775,30
har,LAC,uncorrected,saving,-0.043593750000000056,-0.045253942418981535,-0.042020399305555615,30
har,LAC,no_intersection,coverage,0.0002839840000647557,0.00017926692873522065,0.00040104391866382396,30
har,LAC,no_intersection,set_size,0.0030322252889286067,0.0025606255160538576,0.0035292059530139977,30
har,LAC,no_intersection,shortfall,-0.00010846439952567988,-0.0002124867037428609,-3.5619914370090256e-05,30
har,LAC,no_intersection,delta_coverage,0.00028398400006474496,0.00017926692873519417,0.0004010439186638101,30
har,LAC,no_intersection,delta_size,0.003032225288928595,0.0025606255160538762,0.003529205953013977,30
har,LAC,no_intersection,delta_shortfall,-0.0001084643995256783,-0.00021248670374285827,-3.5619914370089985e-05,30
har,LAC,no_intersection,queried,-1.2708333333333324,-1.4756944444444433,-1.0805555555555537,30
har,LAC,no_intersection,saving,0.0029644097222222203,0.0025390444155092384,0.0034078414351851553,30
har,LAC,sparse_checks,coverage,0.0020943408426324917,0.0014324477868705352,0.002829500329330075,30
har,LAC,sparse_checks,set_size,0.01586348047766082,0.013554421524747581,0.01837756461163765,30
har,LAC,sparse_checks,shortfall,-0.0008920292419889822,-0.0014796561765121397,-0.00039118490926423014,30
har,LAC,sparse_checks,delta_coverage,0.0020943408426324786,0.0014324477868705324,0.0028295003293300697,30
har,LAC,sparse_checks,delta_size,0.015863480477660827,0.013554421524747591,0.0183775646116377,30
har,LAC,sparse_checks,delta_shortfall,-0.0008920292419889857,-0.0014796561765121452,-0.00039118490926423074,30
har,LAC,sparse_checks,queried,2.129166666666667,1.9743055555555558,2.2833333333333328,30
har,LAC,sparse_checks,saving,-0.005711805555555642,-0.006613172743055644,-0.004854582609953789,30
har,LAC,midpoint,coverage,0.05185901409378997,0.03942403497932635,0.06522811723302685,30
har,LAC,midpoint,set_size,0.23529442482675217,0.2079089053831997,0.26226222532794724,30
har,LAC,midpoint,shortfall,-0.02161163731233292,-0.03370454803470427,-0.01069501055580056,30
har,LAC,midpoint,delta_coverage,0.0518590140937898,0.03942403497932619,0.06522811723302671,30
har,LAC,midpoint,delta_size,0.23529442482675236,0.2079089053831999,0.2622622253279474,30
har,LAC,midpoint,delta_shortfall,-0.021611637312332913,-0.033704548034704254,-0.010695010555800553,30
har,LAC,midpoint,queried,0.0,0.0,0.0,30
har,LAC,midpoint,saving,0.0,0.0,0.0,30
har,APS,hypergeom,coverage,-0.0013349517912698708,-0.0016511309909992963,-0.0010493853791864883,30
har,APS,hypergeom,set_size,-0.007926984220203081,-0.009067573890421388,-0.006859781288252858,30
har,APS,hypergeom,shortfall,0.0007033663774355652,0.0004419711603545981,0.0010151886171658481,30
har,APS,hypergeom,delta_coverage,-0.001334951791269872,-0.0016511309909992737,-0.0010493853791864783,30
har,APS,hypergeom,delta_size,-0.007926984220203081,-0.009067573890421387,-0.006859781288252787,30
har,APS,hypergeom,delta_shortfall,0.0007033663774355644,0.00044197116035459737,0.0010151886171658468,30
har,APS,hypergeom,queried,-32.90833333333333,-33.78055555555555,-31.975677083333338,30
har,APS,hypergeom,saving,0.07581163194444444,0.07464048032407408,0.07690684678819446,30
har,APS,martingale,coverage,-0.0015247264928867853,-0.002091411782215729,-0.0010175342713446504,30
har,APS,martingale,set_size,-0.009653273623669871,-0.011773049639822859,-0.007462656401691712,30
har,APS,martingale,shortfall,0.000646928374584748,0.0002131882665474542,0.0011659829875184835,30
har,APS,martingale,delta_coverage,-0.0015247264928867894,-0.0020914117822157445,-0.0010175342713446577,30
har,APS,martingale,delta_size,-0.009653273623669856,-0.011773049639822905,-0.007462656401691708,30
har,APS,martingale,delta_shortfall,0.0006469283745847485,0.00021318826654745713,0.0011659829875184816,30
har,APS,martingale,queried,-63.65416666666666,-65.23612847222222,-61.98814236111111,30
har,APS,martingale,saving,0.1552039930555556,0.15269529441550928,0.15759262876157407,30
har,APS,full_reference,coverage,0.03433125714561249,0.028491296979633495,0.040404223284191174,30
har,APS,full_reference,set_size,0.22500992132909886,0.2161794847398203,0.2339744971807779,30
har,APS,full_reference,shortfall,-0.01622503068317919,-0.022419665457990755,-0.010775465779664435,30
har,APS,full_reference,delta_coverage,0.03433125714561241,0.028491296979633433,0.04040422328419109,30
har,APS,full_reference,delta_size,0.22500992132909883,0.21617948473982035,0.23397449718077795,30
har,APS,full_reference,delta_shortfall,-0.016225030683179167,-0.022419665457990724,-0.010775465779664418,30
har,APS,full_reference,queried,-271.225,-278.0804513888889,-264.18046874999993,30
har,APS,full_reference,saving,0.5045138888888888,0.48882067418981473,0.5199527452256945,30
har,APS,fixed_25,coverage,0.03386083692037993,0.028926592939848842,0.03884772953130505,30
har,APS,fixed_25,set_size,0.20367321399959265,0.19586357980220367,0.2114905183742497,30
har,APS,fixed_25,shortfall,-0.01796912500644297,-0.023273917097425132,-0.013095180759741698,30
har,APS,fixed_25,delta_coverage,0.03386083692037986,0.02892659293984874,0.038847729531305,30
har,APS,fixed_25,delta_size,0.20367321399959262,0.19586357980220365,0.21149051837424962,30
har,APS,fixed_25,delta_shortfall,-0.017969125006442946,-0.0232739170974251,-0.01309518075974167,30
har,APS,fixed_25,queried,66.275,59.419548611111125,73.31953124999998,30
har,APS,fixed_25,saving,-0.24548611111111154,-0.26117932581018566,-0.23004725477430604,30
har,APS,fixed_50,coverage,0.03401690712345715,0.02848132779150824,0.039724090883133674,30
har,APS,fixed_50,set_size,0.21798485642820226,0.20964250702891407,0.22662210447482198,30
har,APS,fixed_50,shortfall,-0.016732980251823307,-0.022656532447725485,-0.011518529849751347,30
har,APS,fixed_50,delta_coverage,0.03401690712345705,0.02848132779150816,0.039724090883133584,30
har,APS,fixed_50,delta_size,0.21798485642820223,0.20964250702891402,0.22662210447482184,30
har,APS,fixed_50,delta_shortfall,-0.016732980251823282,-0.022656532447725454,-0.011518529849751326,30
har,APS,fixed_50,queried,-46.225,-53.080451388888875,-39.18046875,30
har,APS,fixed_50,saving,0.004513888888888693,-0.011179325810185398,0.01995274522569424,30
har,APS,fixed_75,coverage,0.03425796396962478,0.02859573849230789,0.04016158177792292,30
har,APS,fixed_75,set_size,0.22297263677982687,0.2144848092046671,0.23159578168919037,30
har,APS,fixed_75,shortfall,-0.01637398628295904,-0.022438212205624128,-0.011010768438480464,30
har,APS,fixed_75,delta_coverage,0.03425796396962469,0.0285957384923078,0.04016158177792279,30
har,APS,fixed_75,delta_size,0.22297263677982673,0.214484809204667,0.23159578168919032,30
har,APS,fixed_75,delta_shortfall,-0.016373986282959017,-0.02243821220562411,-0.011010768438480442,30
har,APS,fixed_75,queried,-158.725,-165.5804513888889,-151.68046875000002,30
har,APS,fixed_75,saving,0.2545138888888889,0.23882067418981476,0.2699527452256944,30
har,APS,one_look_50,coverage,0.001034088408818042,-0.0005081637107296821,0.002736520486729666,30
har,APS,one_look_50,set_size,-0.02536984279958968,-0.03733049358875213,-0.01343534205453897,30
har,APS,one_look_50,shortfall,-0.0009576194980861906,-0.002092740897416157,2.5490312882378427e-06,30
har,APS,one_look_50,delta_coverage,0.0010340884088180459,-0.0005081637107296974,0.0027365204867296354,30
har,APS,one_look_50,delta_size,-0.02536984279958977,-0.03733049358875219,-0.013435342054539189,30
har,APS,one_look_50,delta_shortfall,-0.0009576194980861913,-0.0020927408974161584,2.5490312882356607e-06,30
har,APS,one_look_50,queried,-46.225,-53.080451388888875,-39.18046875,30
har,APS,one_look_50,saving,0.004513888888888693,-0.011179325810185398,0.01995274522569424,30
har,APS,uncorrected,coverage,0.0019273653812744188,0.001565606430761283,0.002312373957913186,30
har,APS,uncorrected,set_size,0.01073388984644755,0.009273558030340757,0.012147743939537868,30
har,APS,uncorrected,shortfall,-0.001110794748605716,-0.0014954453744323306,-0.0007701900268616989,30
har,APS,uncorrected,delta_coverage,0.0019273653812744102,0.0015656064307612598,0.0023123739579131862,30
har,APS,uncorrected,delta_size,0.010733889846447497,0.009273558030340663,0.012147743939537893,30
har,APS,uncorrected,delta_shortfall,-0.001110794748605721,-0.0014954453744323378,-0.0007701900268616997,30
har,APS,uncorrected,queried,50.74166666666667,48.76939236111111,52.801388888888894,30
har,APS,uncorrected,saving,-0.08822048611111111,-0.09126305700231482,-0.08529003906249998,30
har,APS,no_intersection,coverage,-2.723439001485195e-05,-0.00013543264654531588,8.642796088101644e-05,30
har,APS,no_intersection,set_size,-0.000757617631187868,-0.0016259365674984275,7.379760800924072e-05,30
har,APS,no_intersection,shortfall,5.271642132697674e-05,-1.2313344896081623e-05,0.00011153362814012384,30
har,APS,no_intersection,delta_coverage,-2.7234390014857385e-05,-0.00013543264654531265,8.642796088099693e-05,30
har,APS,no_intersection,delta_size,-0.0007576176311878828,-0.001625936567498472,7.37976080091809e-05,30
har,APS,no_intersection,delta_shortfall,5.271642132697769e-05,-1.2313344896081234e-05,0.00011153362814012607,30
har,APS,no_intersection,queried,-9.783333333333333,-10.38960069444444,-9.18123263888889,30
har,APS,no_intersection,saving,0.020590277777777784,0.019496509693287038,0.02171876808449074,30
har,APS,sparse_checks,coverage,0.005180092426791064,0.004297033487212248,0.006083039697933604,30
har,APS,sparse_checks,set_size,0.04149787774301904,0.03805776058893297,0.04530210152891317,30
har,APS,sparse_checks,shortfall,-0.002433065027197107,-0.0032903664147921376,-0.0016847360200224995,30
har,APS,sparse_checks,delta_coverage,0.005180092426791017,0.004297033487212189,0.0060830396979335444,30
har,APS,sparse_checks,delta_size,0.04149787774301897,0.03805776058893291,0.045302101528913154,30
har,APS,sparse_checks,delta_shortfall,-0.0024330650271971116,-0.0032903664147921462,-0.0016847360200225024,30
har,APS,sparse_checks,queried,-10.979166666666668,-12.002083333333333,-9.962482638888893,30
har,APS,sparse_checks,saving,0.031050347222222118,0.02871084707754618,0.033396285445601755,30
har,APS,midpoint,coverage,0.042942593518791275,0.03642086569476853,0.04964297398645429,30
har,APS,midpoint,set_size,0.26526880637872036,0.2555422059599649,0.27538293701103456,30
har,APS,midpoint,shortfall,-0.02153505641216114,-0.02875741800892435,-0.015146762233565937,30
har,APS,midpoint,delta_coverage,0.042942593518791136,0.03642086569476839,0.04964297398645411,30
har,APS,midpoint,delta_size,0.2652688063787203,0.2555422059599649,0.2753829370110346,30
har,APS,midpoint,delta_shortfall,-0.021535056412161094,-0.0287574180089243,-0.015146762233565906,30
har,APS,midpoint,queried,0.0,0.0,0.0,30
har,APS,midpoint,saving,0.0,0.0,0.0,30
mhealth,LAC,hypergeom,coverage,-0.0013765326045744209,-0.0021871793319770644,-0.0007176244445465496,10
mhealth,LAC,hypergeom,set_size,-0.00857123044311967,-0.011725897460966252,-0.0049225977168257775,10
mhealth,LAC,hypergeom,shortfall,0.000848992687892005,0.00023548482624308726,0.0016755695922212157,10
mhealth,LAC,hypergeom,delta_coverage,-0.0013765326045743858,-0.002187179331976992,-0.0007176244445465422,10
mhealth,LAC,hypergeom,delta_size,-0.008571230443119663,-0.011725897460966335,-0.004922597716825696,10
mhealth,LAC,hypergeom,delta_shortfall,0.0008489926878920116,0.00023548482624308965,0.0016755695922212254,10
mhealth,LAC,hypergeom,queried,-22.704166666666666,-24.481354166666662,-20.931197916666672,10
mhealth,LAC,hypergeom,saving,0.06914930555555554,0.06419270833333328,0.07350694444444442,10
mhealth,LAC,martingale,coverage,-0.0019135800423976113,-0.004161610378717361,-0.00030738211195033277,10
mhealth,LAC,martingale,set_size,-0.006810571725458558,-0.013302926612972128,-0.0009981531836286627,10
mhealth,LAC,martingale,shortfall,0.0009562442345030543,-0.00019172439076574005,0.00283221960818944,10
mhealth,LAC,martingale,delta_coverage,-0.0019135800423975926,-0.004161610378717363,-0.0003073821119502986,10
mhealth,LAC,martingale,delta_size,-0.006810571725458517,-0.013302926612972105,-0.0009981531836285764,10
mhealth,LAC,martingale,delta_shortfall,0.0009562442345030583,-0.00019172439076573433,0.0028322196081894432,10
mhealth,LAC,martingale,queried,-45.625,-49.89380208333333,-41.48322916666667,10
mhealth,LAC,martingale,saving,0.1425173611111111,0.13132812499999996,0.15314257812499998,10
mhealth,LAC,full_reference,coverage,0.03247933898859632,0.018885631089511804,0.04919008657847278,10
mhealth,LAC,full_reference,set_size,0.20596893149689244,0.17320887143577568,0.24129374194462433,10
mhealth,LAC,full_reference,shortfall,-0.018702044061474722,-0.036842823399939724,-0.00536581735431709,10
mhealth,LAC,full_reference,delta_coverage,0.03247933898859627,0.01888563108951179,0.04919008657847285,10
mhealth,LAC,full_reference,delta_size,0.2059689314968923,0.1732088714357755,0.24129374194462425,10
mhealth,LAC,full_reference,delta_shortfall,-0.018702044061474698,-0.03684282339993972,-0.0053658173543170784,10
mhealth,LAC,full_reference,queried,-164.425,-191.51489583333333,-139.88875000000002,10
mhealth,LAC,full_reference,saving,0.4516840277777778,0.3793745659722222,0.53197265625,10
mhealth,LAC,fixed_25,coverage,0.031425427050533375,0.018231366737062604,0.04659810991547185,10
mhealth,LAC,fixed_25,set_size,0.10340310064821379,0.055565337794721004,0.1482491091740036,10
mhealth,LAC,fixed_25,shortfall,-0.020949725383676208,-0.03688970595317566,-0.008532501099775078,10
mhealth,LAC,fixed_25,delta_coverage,0.03142542705053333,0.01823136673706256,0.04659810991547182,10
mhealth,LAC,fixed_25,delta_size,0.10340310064821379,0.055565337794721004,0.1482491091740036,10
mhealth,LAC,fixed_25,delta_shortfall,-0.02094972538367618,-0.03688970595317564,-0.008532501099775065,10
mhealth,LAC,fixed_25,queried,83.075,55.985104166666666,107.61125,10
mhealth,LAC,fixed_25,saving,-0.2983159722222227,-0.37062543402777826,-0.21802734375000046,10
mhealth,LAC,fixed_50,coverage,0.03371901915707383,0.019829112642945238,0.05047119637797773,10
mhealth,LAC,fixed_50,set_size,0.1890109555867694,0.15513605220733762,0.2241995981029291,10
mhealth,LAC,fixed_50,shortfall,-0.020790614613747833,-0.038837307787185915,-0.007242827393041621,10
mhealth,LAC,fixed_50,delta_coverage,0.03371901915707381,0.019829112642945235,0.050471196377977735,10
mhealth,LAC,fixed_50,delta_size,0.18901095558676942,0.15513605220733767,0.2241995981029292,10
mhealth,LAC,fixed_50,delta_shortfall,-0.02079061461374781,-0.03883730778718588,-0.007242827393041601,10
mhealth,LAC,fixed_50,queried,0.575,-26.514895833333338,25.111249999999995,10
mhealth,LAC,fixed_50,saving,-0.04831597222222244,-0.12062543402777798,0.03197265624999974,10
mhealth,LAC,fixed_75,coverage,0.032553397785785296,0.01893868027006962,0.04912757203050956,10
mhealth,LAC,fixed_75,set_size,0.19841531071881832,0.16566850603986158,0.23243567100006418,10
mhealth,LAC,fixed_75,shortfall,-0.01924345145467623,-0.03724185388770458,-0.005873737374339942,10
mhealth,LAC,fixed_75,delta_coverage,0.03255339778578527,0.018938680270069574,0.049127572030509534,10
mhealth,LAC,fixed_75,delta_size,0.19841531071881824,0.16566850603986152,0.23243567100006404,10
mhealth,LAC,fixed_75,delta_shortfall,-0.019243451454676215,-0.037241853887704554,-0.00587373737433993,10
mhealth,LAC,fixed_75,queried,-81.92499999999998,-109.01489583333333,-57.38875000000001,10
mhealth,LAC,fixed_75,saving,0.20168402777777766,0.1293745659722221,0.2819726562499999,10
mhealth,LAC,one_look_50,coverage,0.0007552163878945973,-0.007426687637134366,0.009617734016729681,10
mhealth,LAC,one_look_50,set_size,-0.31604728465375337,-0.46145537824336647,-0.16838207581602344,10
mhealth,LAC,one_look_50,shortfall,-0.002793329688919831,-0.009552688912888895,0.0019480055587865702,10
mhealth,LAC,one_look_50,delta_coverage,0.0007552163878946618,-0.007426687637134333,0.009617734016729745,10
mhealth,LAC,one_look_50,delta_size,-0.31604728465375337,-0.46145537824336647,-0.16838207581602346,10
mhealth,LAC,one_look_50,delta_shortfall,-0.0027933296889198333,-0.009552688912888902,0.00194800555878657,10
mhealth,LAC,one_look_50,queried,0.575,-26.514895833333338,25.111249999999995,10
mhealth,LAC,one_look_50,saving,-0.04831597222222244,-0.12062543402777798,0.03197265624999974,10
mhealth,LAC,uncorrected,coverage,0.001283940910717929,0.0005169938702361859,0.0023049106487957136,10
mhealth,LAC,uncorrected,set_size,0.0027331048227823727,-0.0003880617805003056,0.005815865543403897,10
mhealth,LAC,uncorrected,shortfall,-0.0008942120878868808,-0.0020538209659812456,-0.00017200553505234163,10
mhealth,LAC,uncorrected,delta_coverage,0.0012839409107179506,0.0005169938702361866,0.0023049106487957774,10
mhealth,LAC,uncorrected,delta_size,0.002733104822782398,-0.0003880617805001759,0.0058158655434038834,10
mhealth,LAC,uncorrected,delta_shortfall,-0.0008942120878868781,-0.00205382096598124,-0.00017200553505234269,10
mhealth,LAC,uncorrected,queried,33.083333333333336,28.120625000000004,37.92317708333333,10
mhealth,LAC,uncorrected,saving,-0.08010416666666673,-0.09140646701388894,-0.06859331597222233,10
mhealth,LAC,no_intersection,coverage,0.00026115936597308486,4.640696407648415e-05,0.0005211216288795098,10
mhealth,LAC,no_intersection,set_size,0.002050400603473346,0.000527054586897911,0.003731235753213547,10
mhealth,LAC,no_intersection,shortfall,-0.00010749849084641166,-0.00032804636239094415,2.4649689332566445e-05,10
mhealth,LAC,no_intersection,delta_coverage,0.00026115936597309684,4.640696407653931e-05,0.0005211216288794566,10
mhealth,LAC,no_intersection,delta_size,0.0020504006034733928,0.0005270545868979328,0.003731235753213589,10
mhealth,LAC,no_intersection,delta_shortfall,-0.00010749849084641331,-0.00032804636239095185,2.464968933256848e-05,10
mhealth,LAC,no_intersection,queried,-3.9583333333333313,-4.962499999999994,-2.9708333333333314,10
mhealth,LAC,no_intersection,saving,0.01107638888888888,0.008472005208333303,0.013715277777777776,10
mhealth,LAC,sparse_checks,coverage,0.00461725759144852,0.0021430928297767812,0.00792427522860078,10
mhealth,LAC,sparse_checks,set_size,0.05851536624381222,0.03898436226406816,0.08071657244642323,10
mhealth,LAC,sparse_checks,shortfall,-0.0028483236625382368,-0.006456129528432537,-0.0003685581952097554,10
mhealth,LAC,sparse_checks,delta_coverage,0.004617257591448533,0.002143092829776784,0.007924275228600768,10
mhealth,LAC,sparse_checks,delta_size,0.058515366243812275,0.038984362264068206,0.08071657244642326,10
mhealth,LAC,sparse_checks,delta_shortfall,-0.0028483236625382385,-0.006456129528432537,-0.0003685581952097582,10
mhealth,LAC,sparse_checks,queried,-11.095833333333335,-16.38354166666667,-5.766614583333336,10
mhealth,LAC,sparse_checks,saving,0.030902777777777675,0.017100477430555434,0.04451388888888881,10
mhealth,LAC,midpoint,coverage,0.039708692468764815,0.022968667763147106,0.05853529893242409,10
mhealth,LAC,midpoint,set_size,0.23293552949003837,0.1942761431606465,0.27697539866037424,10
mhealth,LAC,midpoint,shortfall,-0.023752161705225285,-0.04358983908746451,-0.007897549084054737,10
mhealth,LAC,midpoint,delta_coverage,0.039708692468764746,0.022968667763147037,0.05853529893242402,10
mhealth,LAC,midpoint,delta_size,0.23293552949003832,0.19427614316064645,0.27697539866037424,10
mhealth,LAC,midpoint,delta_shortfall,-0.023752161705225254,-0.04358983908746448,-0.007897549084054727,10
mhealth,LAC,midpoint,queried,0.0,0.0,0.0,10
mhealth,LAC,midpoint,saving,0.0,0.0,0.0,10
mhealth,APS,hypergeom,coverage,-0.00021745900482664782,-0.0005600202376931573,5.1155699652515666e-05,10
mhealth,APS,hypergeom,set_size,-0.0029072303081691063,-0.0048333496347628,-0.0006690900579511959,10
mhealth,APS,hypergeom,shortfall,0.0001415905745461142,-0.00013618911495031694,0.0005021651072059712,10
mhealth,APS,hypergeom,delta_coverage,-0.00021745900482665728,-0.0005600202376931609,5.115569965247736e-05,10
mhealth,APS,hypergeom,delta_size,-0.0029072303081689845,-0.004833349634762807,-0.0006690900579511624,10
mhealth,APS,hypergeom,delta_shortfall,0.0001415905745461108,-0.0001361891149503199,0.0005021651072059672,10
mhealth,APS,hypergeom,queried,-16.62916666666666,-17.800000000000004,-15.535416666666666,10
mhealth,APS,hypergeom,saving,0.04251736111111111,0.03945312499999999,0.04584201388888888,10
mhealth,APS,martingale,coverage,0.0007848879336299408,0.0005225197043502999,0.0010745063266796274,10
mhealth,APS,martingale,set_size,0.012508319557180148,0.00900283093354458,0.016273561092935575,10
mhealth,APS,martingale,shortfall,-0.0005447071104416705,-0.0008745002603420612,-0.0002514237619996761,10
mhealth,APS,martingale,delta_coverage,0.0007848879336299439,0.0005225197043502929,0.0010745063266796148,10
mhealth,APS,martingale,delta_size,0.012508319557179964,0.009002830933544417,0.016273561092935075,10
mhealth,APS,martingale,delta_shortfall,-0.0005447071104416675,-0.0008745002603420591,-0.0002514237619996666,10
mhealth,APS,martingale,queried,-33.27083333333333,-35.92708333333332,-30.570833333333333,10
mhealth,APS,martingale,saving,0.09013888888888888,0.08294249131944444,0.09728298611111111,10
mhealth,APS,full_reference,coverage,0.009537673488443987,0.006472058880673864,0.013252375282493562,10
mhealth,APS,full_reference,set_size,0.16999002872950658,0.15974274248050194,0.17778786427529544,10
mhealth,APS,full_reference,shortfall,-0.005723728792135026,-0.010339522491646973,-0.0021628304004576906,10
mhealth,APS,full_reference,delta_coverage,0.009537673488443926,0.0064720588806738266,0.013252375282493479,10
mhealth,APS,full_reference,delta_size,0.16999002872950658,0.15974274248050202,0.17778786427529558,10
mhealth,APS,full_reference,delta_shortfall,-0.005723728792135006,-0.01033952249164694,-0.0021628304004576806,10
mhealth,APS,full_reference,queried,-63.76666666666665,-71.44026041666666,-55.97911458333334,10
mhealth,APS,full_reference,saving,0.1619097222222222,0.1429937065972222,0.18045203993055553,10
mhealth,APS,fixed_25,coverage,0.0088476057889332,0.005722193956104929,0.012129080123105623,10
mhealth,APS,fixed_25,set_size,0.07511432581179558,0.06399313153902433,0.08468514878780944,10
mhealth,APS,fixed_25,shortfall,-0.007545749281965849,-0.010483921572240266,-0.004736952419490022,10
mhealth,APS,fixed_25,delta_coverage,0.00884760578893314,0.005722193956104915,0.012129080123105538,10
mhealth,APS,fixed_25,delta_size,0.07511432581179561,0.06399313153902439,0.08468514878780939,10
mhealth,APS,fixed_25,delta_shortfall,-0.007545749281965825,-0.010483921572240243,-0.004736952419489999,10
mhealth,APS,fixed_25,queried,183.73333333333335,176.05973958333334,191.5208854166667,10
mhealth,APS,fixed_25,saving,-0.5880902777777783,-0.6070062934027783,-0.5695479600694447,10
mhealth,APS,fixed_50,coverage,0.009067934493572016,0.006167623520168605,0.0122792692304838,10
mhealth,APS,fixed_50,set_size,0.14020722497298385,0.1303734037316973,0.15053567373420784,10
mhealth,APS,fixed_50,shortfall,-0.006150673914733318,-0.009906986190072851,-0.0030819473850567376,10
mhealth,APS,fixed_50,delta_coverage,0.009067934493571942,0.006167623520168535,0.01227926923048368,10
mhealth,APS,fixed_50,delta_size,0.14020722497298377,0.13037340373169753,0.15053567373420748,10
mhealth,APS,fixed_50,delta_shortfall,-0.0061506739147332975,-0.009906986190072829,-0.0030819473850567246,10
mhealth,APS,fixed_50,queried,101.23333333333335,93.55973958333334,109.02088541666666,10
mhealth,APS,fixed_50,saving,-0.338090277777778,-0.35700629340277806,-0.3195479600694447,10
mhealth,APS,fixed_75,coverage,0.009530867478454086,0.006393910059984949,0.013128735211917125,10
mhealth,APS,fixed_75,set_size,0.16026995210198072,0.15193097752439988,0.16837651107146162,10
mhealth,APS,fixed_75,shortfall,-0.005881288769187523,-0.010243574321795656,-0.002512784724095822,10
mhealth,APS,fixed_75,delta_coverage,0.009530867478454014,0.006393910059984855,0.013128735211917023,10
mhealth,APS,fixed_75,delta_size,0.1602699521019807,0.1519309775243997,0.16837651107146168,10
mhealth,APS,fixed_75,delta_shortfall,-0.0058812887691875055,-0.010243574321795648,-0.0025127847240958047,10
mhealth,APS,fixed_75,queried,18.73333333333334,11.059739583333336,26.52088541666666,10
mhealth,APS,fixed_75,saving,-0.08809027777777792,-0.10700629340277791,-0.06954796006944458,10
mhealth,APS,one_look_50,coverage,-0.021371883371896903,-0.028197103280135874,-0.015332260075958825,10
mhealth,APS,one_look_50,set_size,-0.575264263675382,-0.6439367687551633,-0.5090852773680409,10
mhealth,APS,one_look_50,shortfall,0.010124145594018839,0.003956599159319137,0.018124154830023165,10
mhealth,APS,one_look_50,delta_coverage,-0.021371883371896876,-0.028197103280135916,-0.015332260075958806,10
mhealth,APS,one_look_50,delta_size,-0.5752642636753819,-0.643936768755163,-0.5090852773680405,10
mhealth,APS,one_look_50,delta_shortfall,0.010124145594018839,0.003956599159319139,0.01812415483002316,10
mhealth,APS,one_look_50,queried,101.23333333333335,93.55973958333334,109.02088541666666,10
mhealth,APS,one_look_50,saving,-0.338090277777778,-0.35700629340277806,-0.3195479600694447,10
mhealth,APS,uncorrected,coverage,0.00030667862344554433,9.337803362211711e-05,0.0005281400657914322,10
mhealth,APS,uncorrected,set_size,0.003833730281873171,0.0007549034675949309,0.007320693146155333,10
mhealth,APS,uncorrected,shortfall,-0.00020788862824420675,-0.0004481475578601773,2.3891269164124783e-06,10
mhealth,APS,uncorrected,delta_coverage,0.00030667862344555685,9.337803362210141e-05,0.0005281400657914481,10
mhealth,APS,uncorrected,delta_size,0.0038337302818732626,0.0007549034675948842,0.007320693146155487,10
mhealth,APS,uncorrected,delta_shortfall,-0.00020788862824420778,-0.00044814755786017665,2.3891269164148093e-06,10
mhealth,APS,uncorrected,queried,43.275,41.18125,45.35416666666667,10
mhealth,APS,uncorrected,saving,-0.10246527777777781,-0.10749131944444443,-0.09759548611111116,10
mhealth,APS,no_intersection,coverage,7.946052771864442e-05,-0.00011820910073198714,0.00032919587952206754,10
mhealth,APS,no_intersection,set_size,0.0010605606201556927,-0.002003960268613847,0.004414756189067968,10
mhealth,APS,no_intersection,shortfall,-2.0049806142543528e-05,-0.00023084486110410384,0.00014084855611686922,10
mhealth,APS,no_intersection,delta_coverage,7.946052771866515e-05,-0.00011820910073196816,0.0003291958795220543,10
mhealth,APS,no_intersection,delta_size,0.0010605606201557454,-0.0020039602686137887,0.004414756189067995,10
mhealth,APS,no_intersection,delta_shortfall,-2.004980614254293e-05,-0.00023084486110409836,0.0001408485561168647,10
mhealth,APS,no_intersection,queried,-9.174999999999997,-9.97708333333332,-8.429166666666669,10
mhealth,APS,no_intersection,saving,0.02536458333333333,0.023177083333333334,0.027664930555555557,10
mhealth,APS,sparse_checks,coverage,0.006946472574948648,0.004719700257609311,0.009489552155255054,10
mhealth,APS,sparse_checks,set_size,0.12391421514139193,0.11051754314557244,0.13508258547460267,10
mhealth,APS,sparse_checks,shortfall,-0.004334489934618244,-0.007439115273137792,-0.0017764141183469816,10
mhealth,APS,sparse_checks,delta_coverage,0.006946472574948588,0.004719700257609319,0.009489552155254962,10
mhealth,APS,sparse_checks,delta_size,0.12391421514139198,0.11051754314557237,0.13508258547460275,10
mhealth,APS,sparse_checks,delta_shortfall,-0.004334489934618242,-0.007439115273137799,-0.001776414118346982,10
mhealth,APS,sparse_checks,queried,-30.24999999999999,-32.20213541666666,-28.481197916666666,10
mhealth,APS,sparse_checks,saving,0.0795659722222222,0.07546875,0.08426215277777778,10
mhealth,APS,midpoint,coverage,0.009489753768381137,0.00667176775231618,0.012805110328255072,10
mhealth,APS,midpoint,set_size,0.16770440898312589,0.1583032959602384,0.17756440510109386,10
mhealth,APS,midpoint,shortfall,-0.005733717989723136,-0.009902929951503924,-0.002455786251784818,10
mhealth,APS,midpoint,delta_coverage,0.009489753768381074,0.006671767752316192,0.012805110328254994,10
mhealth,APS,midpoint,delta_size,0.1677044089831259,0.1583032959602383,0.17756440510109375,10
mhealth,APS,midpoint,delta_shortfall,-0.005733717989723115,-0.009902929951503905,-0.0024557862517847998,10
mhealth,APS,midpoint,queried,0.0,0.0,0.0,10
mhealth,APS,midpoint,saving,0.0,0.0,0.0,10
pamap2,LAC,hypergeom,coverage,-0.0001949442837629184,-0.00032180163269155646,-7.783150890733337e-05,8
pamap2,LAC,hypergeom,set_size,0.0023372368044876635,-0.0007089354053758656,0.0057116630790482615,8
pamap2,LAC,hypergeom,shortfall,0.0002083343899740543,9.964027739726401e-05,0.00032946157336193147,8
pamap2,LAC,hypergeom,delta_coverage,-0.00019494428376288543,-0.0003218016326915102,-7.783150890729672e-05,8
pamap2,LAC,hypergeom,delta_size,0.002337236804487783,-0.0007089354053758309,0.005711663079048474,8
pamap2,LAC,hypergeom,delta_shortfall,0.00020833438997406057,9.964027739727113e-05,0.00032946157336192935,8
pamap2,LAC,hypergeom,queried,-11.902083333333337,-13.31666666666667,-10.438437499999997,8
pamap2,LAC,hypergeom,saving,0.041730324074074066,0.03658550347222221,0.04681152343750001,8
pamap2,LAC,martingale,coverage,0.0009477931985145266,0.0006794960724937071,0.0011885029040083405,8
pamap2,LAC,martingale,set_size,0.02308698289458766,0.01791111611147117,0.02783094253207971,8
pamap2,LAC,martingale,shortfall,-0.0005194165354358302,-0.0008350666826493535,-0.0002411549315692009,8
pamap2,LAC,martingale,delta_coverage,0.0009477931985145802,0.0006794960724937841,0.0011885029040083679,8
pamap2,LAC,martingale,delta_size,0.023086982894587906,0.01791111611147144,0.027830942532080058,8
pamap2,LAC,martingale,delta_shortfall,-0.0005194165354358261,-0.0008350666826493415,-0.00024115493156920024,8
pamap2,LAC,martingale,queried,-26.51458333333333,-29.932395833333324,-22.818046874999997,8
pamap2,LAC,martingale,saving,0.09425636574074074,0.08081358506944443,0.10677973090277779,8
pamap2,LAC,full_reference,coverage,0.011357717312185114,0.00880580537811234,0.013754760158021592,8
pamap2,LAC,full_reference,set_size,0.15098622470113393,0.13065746949227985,0.1709303885927158,8
pamap2,LAC,full_reference,shortfall,-0.007314726295093734,-0.010899728457369407,-0.0040495041658446095,8
pamap2,LAC,full_reference,delta_coverage,0.011357717312185113,0.008805805378112444,0.013754760158021587,8
pamap2,LAC,full_reference,delta_size,0.15098622470113393,0.13065746949227985,0.1709303885927158,8
pamap2,LAC,full_reference,delta_shortfall,-0.0073147262950937104,-0.010899728457369369,-0.004049504165844596,8
pamap2,LAC,full_reference,queried,-48.204166666666666,-56.34184895833334,-39.84151041666666,8
pamap2,LAC,full_reference,saving,0.16195023148148144,0.13359570312499994,0.1896124855324074,8
pamap2,LAC,fixed_25,coverage,0.00955102763101695,0.00665999147359775,0.012240007027762382,8
pamap2,LAC,fixed_25,set_size,-0.02520060006930569,-0.055634680147855296,0.00561935068398293,8
pamap2,LAC,fixed_25,shortfall,-0.008046270767940655,-0.010663732458258263,-0.005463112257043241,8
pamap2,LAC,fixed_25,delta_coverage,0.009551027631016932,0.0066599914735977735,0.012240007027762317,8
pamap2,LAC,fixed_25,delta_size,-0.02520060006930545,-0.05563468014785499,0.005619350683983101,8
pamap2,LAC,fixed_25,delta_shortfall,-0.00804627076794062,-0.010663732458258218,-0.005463112257043217,8
pamap2,LAC,fixed_25,queried,154.29583333333332,146.15815104166663,162.65848958333336,8
pamap2,LAC,fixed_25,saving,-0.588049768518519,-0.6164042968750004,-0.5603875144675932,8
pamap2,LAC,fixed_50,coverage,0.011200739103505122,0.008808879781760594,0.013474249354177542,8
pamap2,LAC,fixed_50,set_size,0.10218640381752758,0.07563404276540986,0.12830021041231332,8
pamap2,LAC,fixed_50,shortfall,-0.008079115879346337,-0.010734899165561529,-0.00541695030580017,8
pamap2,LAC,fixed_50,delta_coverage,0.011200739103505162,0.008808879781760698,0.013474249354177547,8
pamap2,LAC,fixed_50,delta_size,0.10218640381752778,0.07563404276541028,0.1283002104123134,8
pamap2,LAC,fixed_50,delta_shortfall,-0.008079115879346298,-0.010734899165561486,-0.0054169503058001355,8
pamap2,LAC,fixed_50,queried,86.79583333333333,78.65815104166667,95.15848958333335,8
pamap2,LAC,fixed_50,saving,-0.33804976851851876,-0.3664042968750002,-0.3103875144675929,8
pamap2,LAC,fixed_75,coverage,0.011122830101022732,0.008745332555336827,0.013354586060422856,8
pamap2,LAC,fixed_75,set_size,0.1356031267069478,0.11533603605522154,0.1554412695079666,8
pamap2,LAC,fixed_75,shortfall,-0.007452459880515081,-0.01063507952175423,-0.004482521347269839,8
pamap2,LAC,fixed_75,delta_coverage,0.011122830101022703,0.008745332555336827,0.013354586060422828,8
pamap2,LAC,fixed_75,delta_size,0.13560312670694794,0.1153360360552218,0.15544126950796663,8
pamap2,LAC,fixed_75,delta_shortfall,-0.007452459880515057,-0.010635079521754208,-0.004482521347269809,8
pamap2,LAC,fixed_75,queried,19.29583333333333,11.158151041666661,27.65848958333334,8
pamap2,LAC,fixed_75,saving,-0.08804976851851867,-0.11640429687500015,-0.06038751446759273,8
pamap2,LAC,one_look_50,coverage,-0.027910590078683156,-0.04214034610865866,-0.01893105219421362,8
pamap2,LAC,one_look_50,set_size,-1.0461275327096164,-1.1750170053442894,-0.929631002856089,8
pamap2,LAC,one_look_50,shortfall,0.014407222910724684,0.003671506798508714,0.031196110841754256,8
pamap2,LAC,one_look_50,delta_coverage,-0.027910590078683066,-0.04214034610865862,-0.018931052194213444,8
pamap2,LAC,one_look_50,delta_size,-1.0461275327096162,-1.1750170053442892,-0.9296310028560888,8
pamap2,LAC,one_look_50,delta_shortfall,0.014407222910724684,0.0036715067985087133,0.031196110841754263,8
pamap2,LAC,one_look_50,queried,86.79583333333333,78.65815104166667,95.15848958333335,8
pamap2,LAC,one_look_50,saving,-0.33804976851851876,-0.3664042968750002,-0.3103875144675929,8
pamap2,LAC,uncorrected,coverage,0.0006064379684059262,0.00032755568265536994,0.0008853253345871143,8
pamap2,LAC,uncorrected,set_size,4.8423815072806686e-05,-0.0038167002202005016,0.003350423620328,8
pamap2,LAC,uncorrected,shortfall,-0.0004557842990748767,-0.0006572993405293077,-0.0002738474508963022,8
pamap2,LAC,uncorrected,delta_coverage,0.0006064379684060098,0.00032755568265549115,0.000885325334587214,8
pamap2,LAC,uncorrected,delta_size,4.8423815073004445e-05,-0.003816700220200154,0.003350423620328347,8
pamap2,LAC,uncorrected,delta_shortfall,-0.00045578429907487314,-0.0006572993405293043,-0.00027384745089630404,8
pamap2,LAC,uncorrected,queried,25.76458333333333,23.565625000000004,27.888697916666665,8
pamap2,LAC,uncorrected,saving,-0.07850405092592594,-0.08521556712962963,-0.07158828848379631,8
pamap2,LAC,no_intersection,coverage,0.00013769791564192946,7.699110950390442e-05,0.00018739915328652712,8
pamap2,LAC,no_intersection,set_size,0.004132219356316302,0.0024759442099628326,0.005933805607223841,8
pamap2,LAC,no_intersection,shortfall,-2.67558761426264e-05,-8.041200310461426e-05,1.0559186370741568e-05,8
pamap2,LAC,no_intersection,delta_coverage,0.00013769791564200579,7.699110950391721e-05,0.00018739915328665506,8
pamap2,LAC,no_intersection,delta_size,0.004132219356316257,0.002475944209962777,0.0059338056072238896,8
pamap2,LAC,no_intersection,delta_shortfall,-2.6755876142626267e-05,-8.041200310461833e-05,1.055918637074517e-05,8
pamap2,LAC,no_intersection,queried,-5.73125000000001,-6.439609375000005,-4.999921875000008,8
pamap2,LAC,no_intersection,saving,0.02007523148148147,0.017566550925925906,0.022504340277777778,8
pamap2,LAC,sparse_checks,coverage,0.003983476172585959,0.003221166105390791,0.004691852119986267,8
pamap2,LAC,sparse_checks,set_size,0.06590931439075859,0.05804270886423991,0.07382179099468164,8
pamap2,LAC,sparse_checks,shortfall,-0.002295230394965736,-0.0034707030789192686,-0.0012767880802592,8
pamap2,LAC,sparse_checks,delta_coverage,0.0039834761725859695,0.0032211661053908286,0.004691852119986267,8
pamap2,LAC,sparse_checks,delta_size,0.0659093143907585,0.0580427088642397,0.07382179099468146,8
pamap2,LAC,sparse_checks,delta_shortfall,-0.0022952303949657325,-0.0034707030789192677,-0.0012767880802592,8
pamap2,LAC,sparse_checks,queried,-13.360416666666666,-14.778125,-11.809375,8
pamap2,LAC,sparse_checks,saving,0.04644386574074071,0.0407776692708333,0.05169129774305555,8
pamap2,LAC,midpoint,coverage,0.013261200967731673,0.010142492712219084,0.016297666305474134,8
pamap2,LAC,midpoint,set_size,0.16102126285299306,0.13799782278746464,0.18333518857210246,8
pamap2,LAC,midpoint,shortfall,-0.009080302724163939,-0.013217329529365072,-0.005308662321817311,8
pamap2,LAC,midpoint,delta_coverage,0.013261200967731637,0.010142492712219047,0.016297666305474058,8
pamap2,LAC,midpoint,delta_size,0.16102126285299323,0.13799782278746509,0.1833351885721024,8
pamap2,LAC,midpoint,delta_shortfall,-0.0090803027241639,-0.013217329529365034,-0.005308662321817291,8
pamap2,LAC,midpoint,queried,0.0,0.0,0.0,8
pamap2,LAC,midpoint,saving,0.0,0.0,0.0,8
pamap2,APS,hypergeom,coverage,7.515008173526738e-05,-6.890711561600947e-05,0.0002452563964290929,8
pamap2,APS,hypergeom,set_size,0.003345858353925646,0.0009831231122398338,0.005407428651537389,8
pamap2,APS,hypergeom,shortfall,1.9698951258704796e-05,-4.7693840783783415e-05,7.847576180236996e-05,8
pamap2,APS,hypergeom,delta_coverage,7.515008173526695e-05,-6.890711561600837e-05,0.0002452563964290846,8
pamap2,APS,hypergeom,delta_size,0.0033458583539255366,0.000983123112239513,0.005407428651537462,8
pamap2,APS,hypergeom,delta_shortfall,1.9698951258702736e-05,-4.76938407837901e-05,7.847576180236647e-05,8
pamap2,APS,hypergeom,queried,-8.029166666666672,-8.563541666666673,-7.503125000000011,8
pamap2,APS,hypergeom,saving,0.02711226851851852,0.02513888888888889,0.029302734375,8
pamap2,APS,martingale,coverage,0.0013058778113489572,0.0009743673381783253,0.0016623577021959851,8
pamap2,APS,martingale,set_size,0.02929226022355813,0.024867133881272374,0.03352793973737678,8
pamap2,APS,martingale,shortfall,-0.0006863568443324117,-0.00105861853760299,-0.0003601956249867673,8
pamap2,APS,martingale,delta_coverage,0.0013058778113489637,0.000974367338178331,0.0016623577021960055,8
pamap2,APS,martingale,delta_size,0.029292260223558138,0.02486713388127229,0.03352793973737704,8
pamap2,APS,martingale,delta_shortfall,-0.000686356844332408,-0.0010586185376029768,-0.000360195624986772,8
pamap2,APS,martingale,queried,-17.377083333333335,-18.659374999999994,-16.154062499999988,8
pamap2,APS,martingale,saving,0.05976562499999999,0.055520833333333325,0.06455443431712962,8
pamap2,APS,full_reference,coverage,0.0062897219668029275,0.00507447571572353,0.007690949607697717,8
pamap2,APS,full_reference,set_size,0.12091956490167666,0.11353990777710853,0.12778632989741034,8
pamap2,APS,full_reference,shortfall,-0.0038962266792353225,-0.005828133249960951,-0.002230501176933541,8
pamap2,APS,full_reference,delta_coverage,0.006289721966802886,0.005074475715723427,0.007690949607697645,8
pamap2,APS,full_reference,delta_size,0.12091956490167663,0.11353990777710858,0.1277863298974104,8
pamap2,APS,full_reference,delta_shortfall,-0.0038962266792352982,-0.005828133249960917,-0.0022305011769335236,8
pamap2,APS,full_reference,queried,-29.9125,-32.264583333333334,-27.82083333333334,8
pamap2,APS,full_reference,saving,0.09865740740740736,0.09153356481481477,0.10686053240740738,8
pamap2,APS,fixed_25,coverage,0.007133453567763598,0.005771494755178311,0.008774408962439806,8
pamap2,APS,fixed_25,set_size,0.02212319802534335,0.00041262739334846366,0.04307231330206884,8
pamap2,APS,fixed_25,shortfall,-0.006434551657561701,-0.007664903126439339,-0.005130975548554978,8
pamap2,APS,fixed_25,delta_coverage,0.007133453567763554,0.005771494755178268,0.008774408962439736,8
pamap2,APS,fixed_25,delta_size,0.02212319802534342,0.00041262739334803865,0.043072313302069315,8
pamap2,APS,fixed_25,delta_shortfall,-0.006434551657561667,-0.007664903126439299,-0.005130975548554947,8
pamap2,APS,fixed_25,queried,172.5875,170.23541666666665,174.67916666666667,8
pamap2,APS,fixed_25,saving,-0.6513425925925931,-0.6584664351851857,-0.6431394675925931,8
pamap2,APS,fixed_50,coverage,0.006982235493491862,0.005874084848589076,0.00804277909959808,8
pamap2,APS,fixed_50,set_size,0.08830083136840017,0.07648803656976078,0.0970861645163914,8
pamap2,APS,fixed_50,shortfall,-0.005002878698891678,-0.006385892660562599,-0.0037510105025775663,8
pamap2,APS,fixed_50,delta_coverage,0.006982235493491801,0.00587408484858899,0.008042779099597967,8
pamap2,APS,fixed_50,delta_size,0.08830083136840017,0.07648803656976094,0.09708616451639127,8
pamap2,APS,fixed_50,delta_shortfall,-0.005002878698891646,-0.006385892660562568,-0.003751010502577539,8
pamap2,APS,fixed_50,queried,105.0875,102.73541666666667,107.17916666666666,8
pamap2,APS,fixed_50,saving,-0.40134259259259286,-0.40846643518518544,-0.3931394675925929,8
pamap2,APS,fixed_75,coverage,0.006188671117731817,0.005115882876469249,0.007317572924419882,8
pamap2,APS,fixed_75,set_size,0.10612875195905203,0.09770807406714843,0.11262113751162428,8
pamap2,APS,fixed_75,shortfall,-0.004073054814163995,-0.005764439778589101,-0.002643341258489566,8
pamap2,APS,fixed_75,delta_coverage,0.006188671117731767,0.005115882876469205,0.007317572924419836,8
pamap2,APS,fixed_75,delta_size,0.10612875195905198,0.09770807406714854,0.11262113751162428,8
pamap2,APS,fixed_75,delta_shortfall,-0.0040730548141639615,-0.005764439778589063,-0.0026433412584895366,8
pamap2,APS,fixed_75,queried,37.5875,35.235416666666666,39.67916666666666,8
pamap2,APS,fixed_75,saving,-0.15134259259259275,-0.15846643518518533,-0.14313946759259272,8
pamap2,APS,one_look_50,coverage,-0.03176656442549246,-0.03956615808438832,-0.024755840115412212,8
pamap2,APS,one_look_50,set_size,-0.9479735075071273,-1.027059798548161,-0.8685697285980419,8
pamap2,APS,one_look_50,shortfall,0.014864164007672952,0.006791722738178256,0.024080813616699996,8
pamap2,APS,one_look_50,delta_coverage,-0.03176656442549243,-0.03956615808438826,-0.02475584011541222,8
pamap2,APS,one_look_50,delta_size,-0.9479735075071271,-1.027059798548161,-0.8685697285980419,8
pamap2,APS,one_look_50,delta_shortfall,0.014864164007672948,0.0067917227381782555,0.024080813616699996,8
pamap2,APS,one_look_50,queried,105.0875,102.73541666666667,107.17916666666666,8
pamap2,APS,one_look_50,saving,-0.40134259259259286,-0.40846643518518544,-0.3931394675925929,8
pamap2,APS,uncorrected,coverage,6.837423329530967e-05,-5.1721785177111576e-05,0.0001944549680747143,8
pamap2,APS,uncorrected,set_size,-0.004313330214508193,-0.005972531650969004,-0.002707847631429061,8
pamap2,APS,uncorrected,shortfall,-0.0001722813450363717,-0.0002849475951351234,-6.767385682895314e-05,8
pamap2,APS,uncorrected,delta_coverage,6.83742332953056e-05,-5.17217851770798e-05,0.00019445496807470497,8
pamap2,APS,uncorrected,delta_size,-0.004313330214508195,-0.0059725316509691324,-0.0027078476314286413,8
pamap2,APS,uncorrected,delta_shortfall,-0.00017228134503637156,-0.00028494759513512084,-6.767385682895325e-05,8
pamap2,APS,uncorrected,queried,22.589583333333323,21.864505208333323,23.28229166666666,8
pamap2,APS,uncorrected,saving,-0.06892939814814816,-0.07096647135416669,-0.0667650462962963,8
pamap2,APS,no_intersection,coverage,-4.491475567408587e-05,-0.00015138003256912058,5.9493735480906085e-05,8
pamap2,APS,no_intersection,set_size,0.001130376049394144,-0.001116461077555031,0.0032852977201172084,8
pamap2,APS,no_intersection,shortfall,0.00012652807889011134,6.288283815170493e-05,0.00019888451495780673,8
pamap2,APS,no_intersection,delta_coverage,-4.491475567410116e-05,-0.0001513800325691003,5.94937354808715e-05,8
pamap2,APS,no_intersection,delta_size,0.001130376049394274,-0.0011164610775548575,0.003285297720117975,8
pamap2,APS,no_intersection,delta_shortfall,0.0001265280788901074,6.288283815169776e-05,0.0001988845149578091,8
pamap2,APS,no_intersection,queried,-5.508333333333336,-5.892708333333335,-5.038541666666674,8
pamap2,APS,no_intersection,saving,0.019146412037037028,0.01745659722222221,0.020555627893518513,8
pamap2,APS,sparse_checks,coverage,0.0033996713635525005,0.0028366148171535405,0.004030748142931017,8
pamap2,APS,sparse_checks,set_size,0.066286937433917,0.06226500547075153,0.070495790608042,8
pamap2,APS,sparse_checks,shortfall,-0.0020286328979062106,-0.0029473425103744774,-0.001230843588080551,8
pamap2,APS,sparse_checks,delta_coverage,0.00339967136355244,0.002836614817153448,0.004030748142930977,8
pamap2,APS,sparse_checks,delta_size,0.06628693743391736,0.06226500547075181,0.07049579060804227,8
pamap2,APS,sparse_checks,delta_shortfall,-0.002028632897906204,-0.00294734251037447,-0.0012308435880805512,8
pamap2,APS,sparse_checks,queried,-11.293750000000006,-12.197916666666654,-10.388515625000016,8
pamap2,APS,sparse_checks,saving,0.03962673611111109,0.03649594907407406,0.04275173611111109,8
pamap2,APS,midpoint,coverage,0.006199513358311162,0.004966016211187363,0.007598491874557325,8
pamap2,APS,midpoint,set_size,0.11678321798351798,0.10904425383966909,0.12318463876091046,8
pamap2,APS,midpoint,shortfall,-0.003910249523936484,-0.005863802446324113,-0.002223933216191002,8
pamap2,APS,midpoint,delta_coverage,0.0061995133583111145,0.004966016211187336,0.007598491874557312,8
pamap2,APS,midpoint,delta_size,0.11678321798351786,0.10904425383966912,0.12318463876091022,8
pamap2,APS,midpoint,delta_shortfall,-0.003910249523936458,-0.0058638024463240745,-0.002223933216190984,8
pamap2,APS,midpoint,queried,0.0,0.0,0.0,8
pamap2,APS,midpoint,saving,0.0,0.0,0.0,8
realdisp,LAC,hypergeom,coverage,-0.00046772188213387207,-0.0006428933890472626,-0.0003155254727326924,15
realdisp,LAC,hypergeom,set_size,-0.0029705607075812307,-0.004616359602902812,-0.0013604883349942398,15
realdisp,LAC,hypergeom,shortfall,0.00030392577987417476,0.00015743248202232193,0.00047802792989545654,15
realdisp,LAC,hypergeom,delta_coverage,-0.00046772188213387055,-0.0006428933890472629,-0.00031552547273270014,15
realdisp,LAC,hypergeom,delta_size,-0.002970560707581116,-0.004616359602902701,-0.0013604883349940622,15
realdisp,LAC,hypergeom,delta_shortfall,0.00030392577987417433,0.00015743248202232125,0.00047802792989545085,15
realdisp,LAC,hypergeom,queried,-22.01666666666665,-23.09112499999999,-20.88166666666664,15
realdisp,LAC,hypergeom,saving,0.04788310185185188,0.045251890432098776,0.05034609375000004,15
realdisp,LAC,martingale,coverage,0.000745234450231469,0.0005862164893443119,0.0009009869694153864,15
realdisp,LAC,martingale,set_size,0.014535921521463902,0.012585331884273403,0.016311754871355718,15
realdisp,LAC,martingale,shortfall,-0.00043365056767150794,-0.0006209007497438975,-0.00025592439604042277,15
realdisp,LAC,martingale,delta_coverage,0.0007452344502314785,0.0005862164893443736,0.0009009869694154056,15
realdisp,LAC,martingale,delta_size,0.014535921521464048,0.012585331884273484,0.016311754871355777,15
realdisp,LAC,martingale,delta_shortfall,-0.00043365056767150404,-0.0006209007497438923,-0.0002559243960404202,15
realdisp,LAC,martingale,queried,-42.304999999999986,-44.507222222222204,-40.038138888888874,15
realdisp,LAC,martingale,saving,0.09742592592592593,0.09196331983024691,0.10271805555555558,15
realdisp,LAC,full_reference,coverage,0.011747063984162824,0.009422596232547178,0.014169605082274692,15
realdisp,LAC,full_reference,set_size,0.16286635135810984,0.14372019936626354,0.18296017173178272,15
realdisp,LAC,full_reference,shortfall,-0.0064471569455790715,-0.009306185335667776,-0.003747844209954051,15
realdisp,LAC,full_reference,delta_coverage,0.011747063984162816,0.009422596232547183,0.014169605082274717,15
realdisp,LAC,full_reference,delta_size,0.1628663513581099,0.14372019936626348,0.18296017173178286,15
realdisp,LAC,full_reference,delta_shortfall,-0.006447156945579051,-0.009306185335667749,-0.0037478442099540365,15
realdisp,LAC,full_reference,queried,-89.99999999999999,-96.6008611111111,-83.05138888888888,15
realdisp,LAC,full_reference,saving,0.18562268518518515,0.1707634837962963,0.19956349344135804,15
realdisp,LAC,fixed_25,coverage,0.011133322911284039,0.009094697529950417,0.013407617031658792,15
realdisp,LAC,fixed_25,set_size,-0.145874819201976,-0.1990490741591015,-0.09733621041900749,15
realdisp,LAC,fixed_25,shortfall,-0.00870021136853564,-0.011586857730266784,-0.005902546003705568,15
realdisp,LAC,fixed_25,delta_coverage,0.01113332291128401,0.009094697529950424,0.013407617031658723,15
realdisp,LAC,fixed_25,delta_size,-0.14587481920197584,-0.19904907415910136,-0.09733621041900732,15
realdisp,LAC,fixed_25,delta_shortfall,-0.008700211368535606,-0.01158685773026674,-0.005902546003705541,15
realdisp,LAC,fixed_25,queried,202.5,195.89913888888887,209.44861111111112,15
realdisp,LAC,fixed_25,saving,-0.5643773148148152,-0.5792365162037042,-0.5504365065586424,15
realdisp,LAC,fixed_50,coverage,0.011768470653510254,0.009482511760111743,0.014208977514883734,15
realdisp,LAC,fixed_50,set_size,0.07500427982812312,0.050623731132470054,0.09975458652711922,15
realdisp,LAC,fixed_50,shortfall,-0.007493643045016531,-0.010388968711180934,-0.004701138095943577,15
realdisp,LAC,fixed_50,delta_coverage,0.011768470653510209,0.009482511760111684,0.014208977514883646,15
realdisp,LAC,fixed_50,delta_size,0.07500427982812316,0.05062373113247014,0.09975458652711919,15
realdisp,LAC,fixed_50,delta_shortfall,-0.0074936430450164996,-0.010388968711180892,-0.004701138095943552,15
realdisp,LAC,fixed_50,queried,105.00000000000001,98.3991388888889,111.94861111111112,15
realdisp,LAC,fixed_50,saving,-0.3143773148148151,-0.329236516203704,-0.30043650655864224,15
realdisp,LAC,fixed_75,coverage,0.011572609237649793,0.009346393346534327,0.013913998005398245,15
realdisp,LAC,fixed_75,set_size,0.13172010011476662,0.11018686881530128,0.1536904522056242,15
realdisp,LAC,fixed_75,shortfall,-0.0066051268352452655,-0.009330855961200474,-0.0039901104691710465,15
realdisp,LAC,fixed_75,delta_coverage,0.011572609237649736,0.009346393346534324,0.013913998005398144,15
realdisp,LAC,fixed_75,delta_size,0.13172010011476673,0.11018686881530151,0.15369045220562422,15
realdisp,LAC,fixed_75,delta_shortfall,-0.0066051268352452395,-0.009330855961200441,-0.0039901104691710204,15
realdisp,LAC,fixed_75,queried,7.5000000000000115,0.8991388888888973,14.448611111111124,15
realdisp,LAC,fixed_75,saving,-0.06437731481481494,-0.07923651620370382,-0.0504365065586421,15
realdisp,LAC,one_look_50,coverage,-0.02226296983458209,-0.027296624511648774,-0.017344392293743252,15
realdisp,LAC,one_look_50,set_size,-1.4726338778219563,-1.68105034997428,-1.2856763785323317,15
realdisp,LAC,one_look_50,shortfall,0.008611010290887993,0.004578018589937036,0.013403470137739073,15
realdisp,LAC,one_look_50,delta_coverage,-0.02226296983458202,-0.027296624511648687,-0.017344392293743245,15
realdisp,LAC,one_look_50,delta_size,-1.472633877821956,-1.6810503499742802,-1.2856763785323317,15
realdisp,LAC,one_look_50,delta_shortfall,0.008611010290887991,0.004578018589937039,0.013403470137739073,15
realdisp,LAC,one_look_50,queried,105.00000000000001,98.3991388888889,111.94861111111112,15
realdisp,LAC,one_look_50,saving,-0.3143773148148151,-0.329236516203704,-0.30043650655864224,15
realdisp,LAC,uncorrected,coverage,0.0005846667916439804,0.00043726829588380367,0.000732003253952614,15
realdisp,LAC,uncorrected,set_size,-0.0031289315553759836,-0.0061149790398569446,-0.00041862865626158706,15
realdisp,LAC,uncorrected,shortfall,-0.000435653208962091,-0.0005792282314562065,-0.0002880529888189171,15
realdisp,LAC,uncorrected,delta_coverage,0.0005846667916440134,0.0004372682958838371,0.0007320032539526667,15
realdisp,LAC,uncorrected,delta_size,-0.0031289315553759607,-0.006114979039856963,-0.0004186286562615257,15
realdisp,LAC,uncorrected,delta_shortfall,-0.0004356532089620901,-0.0005792282314562056,-0.00028805298881891527,15
realdisp,LAC,uncorrected,queried,51.80333333333335,49.809291666666695,53.717263888888894,15
realdisp,LAC,uncorrected,saving,-0.0977511574074074,-0.10124075038580245,-0.09417629243827161,15
realdisp,LAC,no_intersection,coverage,9.911209046030341e-05,1.4048163733146143e-05,0.00018261869612630594,15
realdisp,LAC,no_intersection,set_size,0.0032067376636770134,0.0019092584637282065,0.004503525376796881,15
realdisp,LAC,no_intersection,shortfall,1.5041427068722224e-05,-5.105949627147165e-05,8.263414735004794e-05,15
realdisp,LAC,no_intersection,delta_coverage,9.911209046030804e-05,1.4048163733165931e-05,0.00018261869612630252,15
realdisp,LAC,no_intersection,delta_size,0.0032067376636771045,0.0019092584637282713,0.004503525376797011,15
realdisp,LAC,no_intersection,delta_shortfall,1.5041427068721653e-05,-5.1059496271470424e-05,8.263414735004563e-05,15
realdisp,LAC,no_intersection,queried,-10.14666666666665,-10.656111111111102,-9.630555555555535,15
realdisp,LAC,no_intersection,saving,0.02225462962962964,0.02116665702160493,0.023393962191358038,15
realdisp,LAC,sparse_checks,coverage,0.005690772503505795,0.004557964166852114,0.006850836704648425,15
realdisp,LAC,sparse_checks,set_size,0.09306466845920544,0.0810951178709683,0.1049571564849448,15
realdisp,LAC,sparse_checks,shortfall,-0.0030428290702582063,-0.00444067017353602,-0.0017768066897088446,15
realdisp,LAC,sparse_checks,delta_coverage,0.00569077250350575,0.004557964166852125,0.006850836704648415,15
realdisp,LAC,sparse_checks,delta_size,0.09306466845920551,0.0810951178709683,0.10495715648494473,15
realdisp,LAC,sparse_checks,delta_shortfall,-0.003042829070258201,-0.004440670173536016,-0.0017768066897088416,15
realdisp,LAC,sparse_checks,queried,-23.191666666666652,-24.586680555555542,-21.790541666666652,15
realdisp,LAC,sparse_checks,saving,0.05451273148148149,0.05148673804012346,0.05754090470679014,15
realdisp,LAC,midpoint,coverage,0.013821245860879797,0.011071197354520165,0.016718934015002043,15
realdisp,LAC,midpoint,set_size,0.17418114675784221,0.1532591061764133,0.19560049613496955,15
realdisp,LAC,midpoint,shortfall,-0.008027491061105401,-0.011375500900398402,-0.004846786775883656,15
realdisp,LAC,midpoint,delta_coverage,0.01382124586087974,0.011071197354520128,0.01671893401500201,15
realdisp,LAC,midpoint,delta_size,0.17418114675784224,0.15325910617641333,0.19560049613496955,15
realdisp,LAC,midpoint,delta_shortfall,-0.008027491061105367,-0.011375500900398355,-0.004846786775883629,15
realdisp,LAC,midpoint,queried,0.0,0.0,0.0,15
realdisp,LAC,midpoint,saving,0.0,0.0,0.0,15
realdisp,APS,hypergeom,coverage,0.0001635227074445078,0.00011166758357865514,0.00021109081048351612,15
realdisp,APS,hypergeom,set_size,0.009302021162235203,0.008065096128957507,0.010546382174502942,15
realdisp,APS,hypergeom,shortfall,-3.5360583071610966e-05,-7.393292323678704e-05,7.118162611947498e-06,15
realdisp,APS,hypergeom,delta_coverage,0.00016352270744450734,0.00011166758357867338,0.00021109081048353563,15
realdisp,APS,hypergeom,delta_size,0.009302021162235467,0.00806509612895774,0.010546382174503396,15
realdisp,APS,hypergeom,delta_shortfall,-3.5360583071612375e-05,-7.393292323678739e-05,7.118162611945916e-06,15
realdisp,APS,hypergeom,queried,-8.91666666666667,-9.437791666666689,-8.422208333333328,15
realdisp,APS,hypergeom,saving,0.016815972222222215,0.01594713541666666,0.017721084104938268,15
realdisp,APS,martingale,coverage,0.0008402730274786071,0.0007155583363203882,0.0009929752437934606,15
realdisp,APS,martingale,set_size,0.032833272685980755,0.030936088648862384,0.03476962511606842,15
realdisp,APS,martingale,shortfall,-0.0004300230506686839,-0.0005880493631945097,-0.00029761435464255304,15
realdisp,APS,martingale,delta_coverage,0.0008402730274785893,0.000715558336320395,0.0009929752437934586,15
realdisp,APS,martingale,delta_size,0.032833272685980935,0.030936088648862235,0.034769625116069285,15
realdisp,APS,martingale,delta_shortfall,-0.00043002305066867886,-0.0005880493631945039,-0.00029761435464254854,15
realdisp,APS,martingale,queried,-14.95500000000001,-15.79779166666668,-14.117763888888907,15
realdisp,APS,martingale,saving,0.029203703703703687,0.027496498842592573,0.03091898148148146,15
realdisp,APS,full_reference,coverage,0.003289149306804003,0.0026675359499941814,0.003978999257705691,15
realdisp,APS,full_reference,set_size,0.10598838382234661,0.10049420737511877,0.11140548777466179,15
realdisp,APS,full_reference,shortfall,-0.001808918349233958,-0.0024520236478620364,-0.0012404063295545502,15
realdisp,APS,full_reference,delta_coverage,0.003289149306803968,0.002667535949994135,0.003978999257705672,15
realdisp,APS,full_reference,delta_size,0.10598838382234667,0.10049420737511956,0.11140548777466179,15
realdisp,APS,full_reference,delta_shortfall,-0.0018089183492339402,-0.002452023647862016,-0.0012404063295545365,15
realdisp,APS,full_reference,queried,-22.34000000000001,-23.885041666666677,-20.82384722222225,15
realdisp,APS,full_reference,saving,0.04130787037037032,0.03850453317901229,0.04418913001543205,15
realdisp,APS,fixed_25,coverage,0.0013224666621708921,0.0007250565178647994,0.001960482842983365,15
realdisp,APS,fixed_25,set_size,-0.1687163618970856,-0.19899176099520718,-0.13715744638725394,15
realdisp,APS,fixed_25,shortfall,-0.0036693216343671084,-0.004361903351173842,-0.002904004530840326,15
realdisp,APS,fixed_25,delta_coverage,0.0013224666621708887,0.0007250565178648303,0.001960482842983354,15
realdisp,APS,fixed_25,delta_size,-0.1687163618970859,-0.19899176099520785,-0.137157446387254,15
realdisp,APS,fixed_25,delta_shortfall,-0.003669321634367082,-0.004361903351173814,-0.0029040045308402983,15
realdisp,APS,fixed_25,queried,270.16,268.61495833333333,271.6761527777778,15
realdisp,APS,fixed_25,saving,-0.7086921296296302,-0.7114954668209882,-0.7058108699845687,15
realdisp,APS,fixed_50,coverage,0.0024091714688439254,0.0018777455276331972,0.002945702007186786,15
realdisp,APS,fixed_50,set_size,0.006035332008981756,-0.011288374781457873,0.022641040884572493,15
realdisp,APS,fixed_50,shortfall,-0.002443493465501033,-0.0029876971128636105,-0.0018491082198826626,15
realdisp,APS,fixed_50,delta_coverage,0.0024091714688438902,0.0018777455276331426,0.0029457020071867244,15
realdisp,APS,fixed_50,delta_size,0.006035332008982012,-0.011288374781457616,0.022641040884572985,15
realdisp,APS,fixed_50,delta_shortfall,-0.0024434934655010077,-0.002987697112863583,-0.001849108219882642,15
realdisp,APS,fixed_50,queried,172.66,171.11495833333336,174.1761527777778,15
realdisp,APS,fixed_50,saving,-0.4586921296296299,-0.4614954668209878,-0.45581086998456816,15
realdisp,APS,fixed_75,coverage,0.0030300190549556573,0.002397515713716022,0.0037159363216320946,15
realdisp,APS,fixed_75,set_size,0.07362477858180387,0.06528792368607932,0.08206494325063882,15
realdisp,APS,fixed_75,shortfall,-0.002070850787379505,-0.002704325440335594,-0.0014821654014563021,15
realdisp,APS,fixed_75,delta_coverage,0.0030300190549556387,0.0023975157137160245,0.003715936321632064,15
realdisp,APS,fixed_75,delta_size,0.07362477858180379,0.06528792368607952,0.08206494325063901,15
realdisp,APS,fixed_75,delta_shortfall,-0.0020708507873794806,-0.002704325440335567,-0.001482165401456281,15
realdisp,APS,fixed_75,queried,75.15999999999998,73.61495833333332,76.67615277777773,15
realdisp,APS,fixed_75,saving,-0.20869212962962974,-0.21149546682098777,-0.20581086998456805,15
realdisp,APS,one_look_50,coverage,-0.03350111956375326,-0.03794513331343631,-0.0291869442814072,15
realdisp,APS,one_look_50,set_size,-1.8676526221170597,-1.968823093227886,-1.7671866139714958,15
realdisp,APS,one_look_50,shortfall,0.012679603726463201,0.008754694643700149,0.016730789223148555,15
realdisp,APS,one_look_50,delta_coverage,-0.033501119563753165,-0.037945133313436234,-0.029186944281407085,15
realdisp,APS,one_look_50,delta_size,-1.8676526221170593,-1.968823093227886,-1.7671866139714951,15
realdisp,APS,one_look_50,delta_shortfall,0.012679603726463195,0.008754694643700149,0.016730789223148548,15
realdisp,APS,one_look_50,queried,172.66,171.11495833333336,174.1761527777778,15
realdisp,APS,one_look_50,saving,-0.4586921296296299,-0.4614954668209878,-0.45581086998456816,15
realdisp,APS,uncorrected,coverage,-0.00016821105816310726,-0.00028001698033755886,-8.468111300179389e-05,15
realdisp,APS,uncorrected,set_size,-0.013613930798968,-0.01567624158938641,-0.011277669251300033,15
realdisp,APS,uncorrected,shortfall,-1.1385473968627164e-05,-9.314301490390066e-05,8.5231889110646e-05,15
realdisp,APS,uncorrected,delta_coverage,-0.0001682110581630904,-0.00028001698033754124,-8.468111300176608e-05,15
realdisp,APS,uncorrected,delta_size,-0.013613930798968148,-0.015676241589386904,-0.011277669251300027,15
realdisp,APS,uncorrected,delta_shortfall,-1.1385473968625944e-05,-9.314301490389927e-05,8.523188911064723e-05,15
realdisp,APS,uncorrected,queried,36.86333333333332,35.42555555555555,38.239472222222226,15
realdisp,APS,uncorrected,saving,-0.06519328703703703,-0.06758835841049382,-0.06271209490740741,15
realdisp,APS,no_intersection,coverage,0.0001120434788714153,6.709903448189244e-05,0.00016730380906560072,15
realdisp,APS,no_intersection,set_size,0.006161486044723278,0.0050135471521303085,0.007204379696965089,15
realdisp,APS,no_intersection,shortfall,-1.9629342171749544e-05,-6.756910283601516e-05,1.6529060382289613e-05,15
realdisp,APS,no_intersection,delta_coverage,0.00011204347887140455,6.70990344819028e-05,0.0001673038090656347,15
realdisp,APS,no_intersection,delta_size,0.006161486044723386,0.005013547152130305,0.007204379696965094,15
realdisp,APS,no_intersection,delta_shortfall,-1.96293421717528e-05,-6.756910283601961e-05,1.6529060382286682e-05,15
realdisp,APS,no_intersection,queried,-6.340000000000017,-6.680555555555562,-5.996097222222219,15
realdisp,APS,no_intersection,saving,0.013258101851851842,0.012534722222222213,0.013937123842592585,15
realdisp,APS,sparse_checks,coverage,0.00276072484047926,0.0022678020613100328,0.0033048065366915744,15
realdisp,APS,sparse_checks,set_size,0.09047506222898019,0.0865579111062059,0.09463433791275733,15
realdisp,APS,sparse_checks,shortfall,-0.0015245441432306587,-0.0020400513392915126,-0.00106949331285833,15
realdisp,APS,sparse_checks,delta_coverage,0.0027607248404792474,0.002267802061310006,0.003304806536691604,15
realdisp,APS,sparse_checks,delta_size,0.09047506222898037,0.0865579111062062,0.09463433791275754,15
realdisp,APS,sparse_checks,delta_shortfall,-0.001524544143230643,-0.002040051339291496,-0.0010694933128583158,15
realdisp,APS,sparse_checks,queried,-14.208333333333345,-15.058944444444462,-13.360541666666695,15
realdisp,APS,sparse_checks,saving,0.028219907407407378,0.02645793788580244,0.030001977237654295,15
realdisp,APS,midpoint,coverage,0.0029469976580018893,0.0024114207448611967,0.0035089713009578563,15
realdisp,APS,midpoint,set_size,0.0912788930258279,0.08672562436607448,0.09583924643744376,15
realdisp,APS,midpoint,shortfall,-0.0016897587855341058,-0.0022220851563144795,-0.0011953889844694321,15
realdisp,APS,midpoint,delta_coverage,0.002946997658001861,0.0024114207448611602,0.003508971300957838,15
realdisp,APS,midpoint,delta_size,0.09127889302582827,0.08672562436607495,0.09583924643744447,15
realdisp,APS,midpoint,delta_shortfall,-0.00168975878553409,-0.002222085156314462,-0.0011953889844694156,15
realdisp,APS,midpoint,queried,0.0,0.0,0.0,15
realdisp,APS,midpoint,saving,0.0,0.0,0.0,15
uschad,LAC,hypergeom,coverage,-0.0006083789236321516,-0.0007884210988748816,-0.0004281080589853227,14
uschad,LAC,hypergeom,set_size,-0.004532247461112471,-0.006239265325724522,-0.00259764255010049,14
uschad,LAC,hypergeom,shortfall,0.00033955629410138374,0.00017382274619737097,0.0005163782860339305,14
uschad,LAC,hypergeom,delta_coverage,-0.0006083789236321095,-0.0007884210988748356,-0.0004281080589853086,14
uschad,LAC,hypergeom,delta_size,-0.004532247461112417,-0.006239265325724399,-0.0025976425501003228,14
uschad,LAC,hypergeom,delta_shortfall,0.00033955629410138444,0.00017382274619736862,0.0005163782860339317,14
uschad,LAC,hypergeom,queried,-21.27142857142856,-22.52380952380951,-19.95534226190475,14
uschad,LAC,hypergeom,saving,0.05757936507936508,0.05392609126984127,0.06098214285714285,14
uschad,LAC,martingale,coverage,0.00042413563322016686,0.00021725854548952214,0.0006258130220768893,14
uschad,LAC,martingale,set_size,0.008601030869046131,0.006410262335055109,0.010966169927878482,14
uschad,LAC,martingale,shortfall,-0.00030145796963571074,-0.00046012859741355073,-0.00015203194090702285,14
uschad,LAC,martingale,delta_coverage,0.0004241356332201517,0.000217258545489493,0.0006258130220768678,14
uschad,LAC,martingale,delta_size,0.00860103086904616,0.0064102623350551285,0.010966169927878498,14
uschad,LAC,martingale,delta_shortfall,-0.0003014579696357053,-0.0004601285974135439,-0.00015203194090702182,14
uschad,LAC,martingale,queried,-42.06190476190475,-44.48989583333333,-39.418363095238085,14
uschad,LAC,martingale,saving,0.11929067460317462,0.11144091021825399,0.12634691220238098,14
uschad,LAC,full_reference,coverage,0.014440579365618409,0.010783270233740094,0.01804559502243702,14
uschad,LAC,full_reference,set_size,0.1792090975427565,0.16999139115876089,0.18772679799442507,14
uschad,LAC,full_reference,shortfall,-0.00801279055944384,-0.012148536953845112,-0.00405639077436761,14
uschad,LAC,full_reference,delta_coverage,0.014440579365618393,0.010783270233740126,0.018045595022437005,14
uschad,LAC,full_reference,delta_size,0.17920909754275635,0.16999139115876077,0.187726797994425,14
uschad,LAC,full_reference,delta_shortfall,-0.00801279055944382,-0.012148536953845077,-0.004056390774367592,14
uschad,LAC,full_reference,queried,-90.43095238095236,-96.64008928571428,-83.65526785714287,14
uschad,LAC,full_reference,saving,0.23668650793650794,0.21845622519841268,0.25340817212301586,14
uschad,LAC,fixed_25,coverage,0.013450225838599348,0.010429099525750808,0.01631440963422025,14
uschad,LAC,fixed_25,set_size,0.0567753908993032,0.02249858340314612,0.08624822676432511,14
uschad,LAC,fixed_25,shortfall,-0.00915506739642674,-0.012960262734149294,-0.005364409435757995,14
uschad,LAC,fixed_25,delta_coverage,0.013450225838599315,0.01042909952575074,0.016314409634220248,14
uschad,LAC,fixed_25,delta_size,0.056775390899303106,0.022498583403146068,0.08624822676432503,14
uschad,LAC,fixed_25,delta_shortfall,-0.009155067396426709,-0.012960262734149259,-0.005364409435757973,14
uschad,LAC,fixed_25,queried,157.0690476190476,150.85991071428575,163.84473214285717,14
uschad,LAC,fixed_25,saving,-0.5133134920634925,-0.5315437748015879,-0.4965918278769845,14
uschad,LAC,fixed_50,coverage,0.01388236581505439,0.010511559830742647,0.017109322988112716,14
uschad,LAC,fixed_50,set_size,0.13747011694595485,0.12055485337707501,0.15262809300051156,14
uschad,LAC,fixed_50,shortfall,-0.008328025244066279,-0.012253053964358161,-0.004481975572941312,14
uschad,LAC,fixed_50,delta_coverage,0.013882365815054365,0.010511559830742583,0.017109322988112702,14
uschad,LAC,fixed_50,delta_size,0.13747011694595487,0.12055485337707508,0.15262809300051156,14
uschad,LAC,fixed_50,delta_shortfall,-0.008328025244066251,-0.012253053964358124,-0.004481975572941292,14
uschad,LAC,fixed_50,queried,74.56904761904762,68.35991071428573,81.34473214285713,14
uschad,LAC,fixed_50,saving,-0.2633134920634923,-0.28154377480158754,-0.24659182787698433,14
uschad,LAC,fixed_75,coverage,0.014454769400100844,0.010836904556343908,0.018013448244110178,14
uschad,LAC,fixed_75,set_size,0.16877027157420926,0.15760261587648808,0.17984271152244152,14
uschad,LAC,fixed_75,shortfall,-0.008195304847993681,-0.012269890292730564,-0.0042758468019534574,14
uschad,LAC,fixed_75,delta_coverage,0.014454769400100796,0.010836904556343762,0.018013448244110115,14
uschad,LAC,fixed_75,delta_size,0.16877027157420924,0.1576026158764882,0.17984271152244144,14
uschad,LAC,fixed_75,delta_shortfall,-0.00819530484799365,-0.012269890292730526,-0.004275846801953434,14
uschad,LAC,fixed_75,queried,-7.930952380952377,-14.140089285714279,-1.1552678571428592,14
uschad,LAC,fixed_75,saving,-0.013313492063492182,-0.03154377480158744,0.0034081721230157557,14
uschad,LAC,one_look_50,coverage,-0.020272989472927678,-0.02665906962548654,-0.013999655077679814,14
uschad,LAC,one_look_50,set_size,-0.5862826032504369,-0.6966607329196698,-0.49256805055319947,14
uschad,LAC,one_look_50,shortfall,0.009133925290953403,0.004391601180422334,0.01430411190639266,14
uschad,LAC,one_look_50,delta_coverage,-0.0202729894729276,-0.026659069625486486,-0.013999655077679737,14
uschad,LAC,one_look_50,delta_size,-0.5862826032504369,-0.6966607329196697,-0.4925680505531994,14
uschad,LAC,one_look_50,delta_shortfall,0.009133925290953407,0.004391601180422339,0.014304111906392667,14
uschad,LAC,one_look_50,queried,74.56904761904762,68.35991071428573,81.34473214285713,14
uschad,LAC,one_look_50,saving,-0.2633134920634923,-0.28154377480158754,-0.24659182787698433,14
uschad,LAC,uncorrected,coverage,0.0007218691274127649,0.000494843613577859,0.0009728154055589073,14
uschad,LAC,uncorrected,set_size,0.003800082264765533,0.0018133820062688163,0.0058034906613326715,14
uschad,LAC,uncorrected,shortfall,-0.00047389966289522906,-0.0007316106142537308,-0.00023789208985519988,14
uschad,LAC,uncorrected,delta_coverage,0.0007218691274127366,0.0004948436135778071,0.0009728154055588964,14
uschad,LAC,uncorrected,delta_size,0.0038000822647655747,0.0018133820062688078,0.005803490661332659,14
uschad,LAC,uncorrected,delta_shortfall,-0.00047389966289522863,-0.0007316106142537331,-0.00023789208985519882,14
uschad,LAC,uncorrected,queried,42.42738095238095,41.41488095238096,43.428005952380964,14
uschad,LAC,uncorrected,saving,-0.10037698412698413,-0.1029439484126984,-0.09778267609126987,14
uschad,LAC,no_intersection,coverage,2.2972255463176478e-05,-4.08582001757783e-05,9.720700994841425e-05,14
uschad,LAC,no_intersection,set_size,0.001677493203412864,0.0007158355813427505,0.0026391499490284274,14
uschad,LAC,no_intersection,shortfall,-2.430599809117326e-05,-6.854431473083247e-05,1.6256014943398615e-05,14
uschad,LAC,no_intersection,delta_coverage,2.2972255463187198e-05,-4.085820017576388e-05,9.720700994843161e-05,14
uschad,LAC,no_intersection,delta_size,0.0016774932034128542,0.0007158355813428556,0.0026391499490283988,14
uschad,LAC,no_intersection,delta_shortfall,-2.4305998091170566e-05,-6.854431473083048e-05,1.625601494340083e-05,14
uschad,LAC,no_intersection,queried,-9.379761904761912,-9.844062500000025,-8.971413690476199,14
uschad,LAC,no_intersection,saving,0.02570436507936507,0.024672619047619034,0.026818018353174575,14
uschad,LAC,sparse_checks,coverage,0.00727642581266721,0.005398781470365022,0.009149303608157846,14
uschad,LAC,sparse_checks,set_size,0.10062422536227496,0.0929247101407772,0.10853362075891755,14
uschad,LAC,sparse_checks,shortfall,-0.004033759623149157,-0.006101519346596025,-0.002064517003719582,14
uschad,LAC,sparse_checks,delta_coverage,0.007276425812667219,0.005398781470365001,0.009149303608157843,14
uschad,LAC,sparse_checks,delta_size,0.10062422536227503,0.0929247101407772,0.10853362075891773,14
uschad,LAC,sparse_checks,delta_shortfall,-0.004033759623149147,-0.006101519346596012,-0.0020645170037195733,14
uschad,LAC,sparse_checks,queried,-25.042857142857144,-26.421458333333323,-23.745238095238104,14
uschad,LAC,sparse_checks,saving,0.0682986111111111,0.06550099206349205,0.07141871279761904,14
uschad,LAC,midpoint,coverage,0.017627691798016265,0.013353633386903941,0.0217492279930968,14
uschad,LAC,midpoint,set_size,0.20696458676701984,0.19565153780827246,0.21730478821847365,14
uschad,LAC,midpoint,shortfall,-0.01008423718017271,-0.01484311816381209,-0.005478896377368734,14
uschad,LAC,midpoint,delta_coverage,0.017627691798016203,0.013353633386903823,0.02174922799309673,14
uschad,LAC,midpoint,delta_size,0.20696458676701973,0.19565153780827235,0.21730478821847357,14
uschad,LAC,midpoint,delta_shortfall,-0.01008423718017267,-0.014843118163812036,-0.005478896377368704,14
uschad,LAC,midpoint,queried,0.0,0.0,0.0,14
uschad,LAC,midpoint,saving,0.0,0.0,0.0,14
uschad,APS,hypergeom,coverage,-0.0005555081666761473,-0.0008024659701708548,-0.0003263754718176412,14
uschad,APS,hypergeom,set_size,-0.0024950376614679853,-0.004003121768564907,-0.0007159206934061046,14
uschad,APS,hypergeom,shortfall,0.0003280876735571177,0.0001290943618022394,0.0005648963226857214,14
uschad,APS,hypergeom,delta_coverage,-0.0005555081666762115,-0.0008024659701709309,-0.00032637547181769115,14
uschad,APS,hypergeom,delta_size,-0.002495037661468088,-0.004003121768565021,-0.0007159206934061785,14
uschad,APS,hypergeom,delta_shortfall,0.00032808767355711917,0.00012909436180224057,0.0005648963226857222,14
uschad,APS,hypergeom,queried,-17.66666666666666,-18.667857142857127,-16.654761904761894,14
uschad,APS,hypergeom,saving,0.04786706349206349,0.045255394345238086,0.05047867063492062,14
uschad,APS,martingale,coverage,0.00048450741363763116,0.00023753644328322967,0.0007517065783433294,14
uschad,APS,martingale,set_size,0.010655455639299862,0.008397626475856146,0.012764007691931395,14
uschad,APS,martingale,shortfall,-0.00026613427936559295,-0.0005713743261651744,5.54074077108083e-05,14
uschad,APS,martingale,delta_coverage,0.0004845074136375693,0.00023753644328313814,0.0007517065783432581,14
uschad,APS,martingale,delta_size,0.010655455639299953,0.008397626475856266,0.012764007691931565,14
uschad,APS,martingale,delta_shortfall,-0.00026613427936558704,-0.0005713743261651688,5.5407407710817825e-05,14
uschad,APS,martingale,queried,-35.295238095238105,-36.85537202380953,-33.74107142857143,14
uschad,APS,martingale,saving,0.09919642857142859,0.09472216021825398,0.10355921378968254,14
uschad,APS,full_reference,coverage,0.01309746504066593,0.00980448640193948,0.01647567754877986,14
uschad,APS,full_reference,set_size,0.16301208706680362,0.15653227084826588,0.16924005219887647,14
uschad,APS,full_reference,shortfall,-0.007023436356154976,-0.01001852884852094,-0.004263346716951998,14
uschad,APS,full_reference,delta_coverage,0.013097465040665853,0.00980448640193938,0.01647567754877979,14
uschad,APS,full_reference,delta_size,0.1630120870668034,0.1565322708482656,0.169240052198876,14
uschad,APS,full_reference,delta_shortfall,-0.007023436356154951,-0.010018528848520907,-0.004263346716951976,14
uschad,APS,full_reference,queried,-78.75119047619047,-82.00735119047619,-75.51068452380953,14
uschad,APS,full_reference,saving,0.20572420634920635,0.19658475942460307,0.21481646825396822,14
uschad,APS,fixed_25,coverage,0.011731976122676005,0.008830235403087567,0.014603504621969127,14
uschad,APS,fixed_25,set_size,0.08794680187575812,0.06898321507340321,0.10614573404593686,14
uschad,APS,fixed_25,shortfall,-0.008030175720869696,-0.01082810986117726,-0.005379250341777983,14
uschad,APS,fixed_25,delta_coverage,0.011731976122675904,0.008830235403087486,0.014603504621969084,14
uschad,APS,fixed_25,delta_size,0.08794680187575807,0.06898321507340359,0.10614573404593682,14
uschad,APS,fixed_25,delta_shortfall,-0.008030175720869667,-0.010828109861177224,-0.005379250341777959,14
uschad,APS,fixed_25,queried,168.74880952380954,165.49264880952384,171.98931547619046,14
uschad,APS,fixed_25,saving,-0.544275793650794,-0.5534152405753971,-0.5351835317460323,14
uschad,APS,fixed_50,coverage,0.012463206364419752,0.009446011860816686,0.015553840112607022,14
uschad,APS,fixed_50,set_size,0.13688922782714677,0.1266703009006688,0.14689180432186913,14
uschad,APS,fixed_50,shortfall,-0.00732762212107905,-0.010223602739347535,-0.004634176849702039,14
uschad,APS,fixed_50,delta_coverage,0.012463206364419664,0.009446011860816587,0.015553840112606873,14
uschad,APS,fixed_50,delta_size,0.1368892278271468,0.12667030090066897,0.14689180432186888,14
uschad,APS,fixed_50,delta_shortfall,-0.007327622121079026,-0.010223602739347503,-0.004634176849702014,14
uschad,APS,fixed_50,queried,86.24880952380953,82.99264880952381,89.48931547619047,14
uschad,APS,fixed_50,saving,-0.29427579365079387,-0.3034152405753971,-0.285183531746032,14
uschad,APS,fixed_75,coverage,0.012745442828413183,0.009604052088750283,0.015996324003484916,14
uschad,APS,fixed_75,set_size,0.1523470649979731,0.1453691338014938,0.15964972058311255,14
uschad,APS,fixed_75,shortfall,-0.007063054671068616,-0.010042823835203296,-0.004341624168885851,14
uschad,APS,fixed_75,delta_coverage,0.012745442828413101,0.009604052088750169,0.015996324003484875,14
uschad,APS,fixed_75,delta_size,0.15234706499797301,0.1453691338014939,0.1596497205831122,14
uschad,APS,fixed_75,delta_shortfall,-0.0070630546710685905,-0.010042823835203269,-0.004341624168885831,14
uschad,APS,fixed_75,queried,3.748809523809527,0.4926488095238101,6.989315476190478,14
uschad,APS,fixed_75,saving,-0.04427579365079378,-0.053415240575396955,-0.0351835317460319,14
uschad,APS,one_look_50,coverage,-0.02069604120717713,-0.023543602473546785,-0.01799742561965932,14
uschad,APS,one_look_50,set_size,-0.5481642474546241,-0.603260163348515,-0.4977082332925245,14
uschad,APS,one_look_50,shortfall,0.009185529102677505,0.006652672063031611,0.011803920806365742,14
uschad,APS,one_look_50,delta_coverage,-0.020696041207177125,-0.02354360247354676,-0.017997425619659328,14
uschad,APS,one_look_50,delta_size,-0.5481642474546243,-0.6032601633485151,-0.4977082332925247,14
uschad,APS,one_look_50,delta_shortfall,0.009185529102677507,0.006652672063031614,0.011803920806365747,14
uschad,APS,one_look_50,queried,86.24880952380953,82.99264880952381,89.48931547619047,14
uschad,APS,one_look_50,saving,-0.29427579365079387,-0.3034152405753971,-0.285183531746032,14
uschad,APS,uncorrected,coverage,0.0003596012103795105,0.0001607377949374017,0.0005780895161508582,14
uschad,APS,uncorrected,set_size,-0.0005183616415898358,-0.0028562338174977506,0.0017123506772145087,14
uschad,APS,uncorrected,shortfall,-0.0001964880743428963,-0.00035236148397935777,-6.382494271877001e-05,14
uschad,APS,uncorrected,delta_coverage,0.00035960121037946675,0.00016073779493733847,0.0005780895161507971,14
uschad,APS,uncorrected,delta_size,-0.0005183616415900895,-0.002856233817498268,0.0017123506772143097,14
uschad,APS,uncorrected,delta_shortfall,-0.00019648807434289285,-0.00035236148397935235,-6.382494271876651e-05,14
uschad,APS,uncorrected,queried,39.260714285714286,37.89403273809525,40.60188988095237,14
uschad,APS,uncorrected,saving,-0.09277281746031749,-0.09589043898809528,-0.08957087053571434,14
uschad,APS,no_intersection,coverage,-0.0001731765399398915,-0.00029718908072911334,-6.916678429255997e-05,14
uschad,APS,no_intersection,set_size,0.00015431724567762015,-0.0009811506650081665,0.0013800208303158753,14
uschad,APS,no_intersection,shortfall,0.00011396763232921758,2.5902536988403258e-05,0.00021675734157695852,14
uschad,APS,no_intersection,delta_coverage,-0.00017317653993995276,-0.0002971890807291589,-6.916678429259713e-05,14
uschad,APS,no_intersection,delta_size,0.00015431724567775695,-0.0009811506650082309,0.0013800208303160883,14
uschad,APS,no_intersection,delta_shortfall,0.0001139676323292178,2.5902536988405413e-05,0.00021675734157695795,14
uschad,APS,no_intersection,queried,-8.330952380952372,-8.663095238095227,-8.013080357142846,14
uschad,APS,no_intersection,saving,0.02311011904761904,0.022234623015873,0.024030257936507936,14
uschad,APS,sparse_checks,coverage,0.006916731889105814,0.0054036446580769506,0.008449381721320745,14
uschad,APS,sparse_checks,set_size,0.10126908327438043,0.0962433236065321,0.10622548956067335,14
uschad,APS,sparse_checks,shortfall,-0.0037806183265602874,-0.005189366718506678,-0.0024336837905406888,14
uschad,APS,sparse_checks,delta_coverage,0.006916731889105784,0.00540364465807695,0.008449381721320696,14
uschad,APS,sparse_checks,delta_size,0.10126908327438033,0.0962433236065319,0.10622548956067314,14
uschad,APS,sparse_checks,delta_shortfall,-0.0037806183265602783,-0.005189366718506675,-0.0024336837905406814,14
uschad,APS,sparse_checks,queried,-24.379761904761903,-25.821428571428566,-22.718392857142856,14
uschad,APS,sparse_checks,saving,0.06505456349206347,0.06087543402777775,0.06868557787698411,14
uschad,APS,midpoint,coverage,0.014263857678223144,0.010638915248928377,0.018021170276504034,14
uschad,APS,midpoint,set_size,0.17258999165864478,0.16558163752127647,0.17957200891674893,14
uschad,APS,midpoint,shortfall,-0.007717963211318499,-0.011099853789716488,-0.004590839768748317,14
uschad,APS,midpoint,delta_coverage,0.014263857678223026,0.010638915248928274,0.018021170276503937,14
uschad,APS,midpoint,delta_size,0.17258999165864472,0.16558163752127644,0.17957200891674893,14
uschad,APS,midpoint,delta_shortfall,-0.007717963211318469,-0.01109985378971645,-0.004590839768748292,14
uschad,APS,midpoint,queried,0.0,0.0,0.0,14
uschad,APS,midpoint,saving,0.0,0.0,0.0,14
wisdm,LAC,hypergeom,coverage,2.6178596601926697e-05,-1.950730843040189e-06,5.348938413613094e-05,51
wisdm,LAC,hypergeom,set_size,0.0021981306854166067,0.0016177859582925788,0.0027498820426466097,51
wisdm,LAC,hypergeom,shortfall,4.044375834687024e-06,-2.2527448619272315e-05,3.0645818974680026e-05,51
wisdm,LAC,hypergeom,delta_coverage,2.617859660191441e-05,-1.9507308430587028e-06,5.3489384136119495e-05,51
wisdm,LAC,hypergeom,delta_size,0.002198130685416504,0.0016177859582922388,0.0027498820426463326,51
wisdm,LAC,hypergeom,delta_shortfall,4.0443758346832955e-06,-2.2527448619276723e-05,3.0645818974675655e-05,51
wisdm,LAC,hypergeom,queried,-14.173611111111121,-14.54616013071896,-13.778594771241837,51
wisdm,LAC,hypergeom,saving,0.022307325708061005,0.021526054432189544,0.02305623638344227,51
wisdm,LAC,martingale,coverage,0.0005426117235721641,0.0004822657913770755,0.000601326989274191,51
wisdm,LAC,martingale,set_size,0.01665210077510758,0.015733702700265938,0.017586964690993065,51
wisdm,LAC,martingale,shortfall,-0.000297221893309457,-0.0003674947394441118,-0.00022769174722329376,51
wisdm,LAC,martingale,delta_coverage,0.0005426117235721511,0.00048226579137708263,0.0006013269892741724,51
wisdm,LAC,martingale,delta_size,0.01665210077510759,0.015733702700265917,0.01758696469099315,51
wisdm,LAC,martingale,delta_shortfall,-0.00029722189330945545,-0.00036749473944411076,-0.0002276917472232916,51
wisdm,LAC,martingale,queried,-24.862336601307195,-25.464869281045758,-24.22670547385622,51
wisdm,LAC,martingale,saving,0.040957754629629625,0.03967184095860566,0.04218624472358387,51
wisdm,LAC,full_reference,coverage,0.004047964266345067,0.0035950273976353454,0.004495568343202454,51
wisdm,LAC,full_reference,set_size,0.12205113774511896,0.11701517444862948,0.12722080513679937,51
wisdm,LAC,full_reference,shortfall,-0.0022540804164295253,-0.0028202269784584405,-0.001698520318259377,51
wisdm,LAC,full_reference,delta_coverage,0.004047964266345007,0.0035950273976352795,0.004495568343202398,51
wisdm,LAC,full_reference,delta_size,0.1220511377451188,0.11701517444862934,0.12722080513679898,51
wisdm,LAC,full_reference,delta_shortfall,-0.0022540804164295058,-0.0028202269784584192,-0.0016985203182593596,51
wisdm,LAC,full_reference,queried,-43.85294117647059,-44.99429125816994,-42.64989787581701,51
wisdm,LAC,full_reference,saving,0.06585648148148143,0.0638183700129357,0.0677922028186274,51
wisdm,LAC,fixed_25,coverage,0.002518549270356667,0.0018400357515050434,0.003201406901409032,51
wisdm,LAC,fixed_25,set_size,-0.04479624924018653,-0.05811972163316385,-0.03154980302563482,51
wisdm,LAC,fixed_25,shortfall,-0.0032237759123655806,-0.003862525931789346,-0.0026011900714252288,51
wisdm,LAC,fixed_25,delta_coverage,0.0025185492703566313,0.0018400357515050024,0.0032014069014089856,51
wisdm,LAC,fixed_25,delta_size,-0.04479624924018672,-0.05811972163316436,-0.031549803025634794,51
wisdm,LAC,fixed_25,delta_shortfall,-0.0032237759123655515,-0.003862525931789318,-0.0026011900714252014,51
wisdm,LAC,fixed_25,queried,293.64705882352945,292.50570874183006,294.8501021241829,51
wisdm,LAC,fixed_25,saving,-0.6841435185185188,-0.6861816299870649,-0.6822077971813729,51
wisdm,LAC,fixed_50,coverage,0.0035845625905557943,0.0032067976384039664,0.003985717169768887,51
wisdm,LAC,fixed_50,set_size,0.06817862897838782,0.06127943247514275,0.07511074190920135,51
wisdm,LAC,fixed_50,shortfall,-0.0026324129579867444,-0.003126294856671758,-0.0021457441002166676,51
wisdm,LAC,fixed_50,delta_coverage,0.003584562590555752,0.003206797638403928,0.00398571716976882,51
wisdm,LAC,fixed_50,delta_size,0.06817862897838779,0.061279432475143045,0.07511074190920139,51
wisdm,LAC,fixed_50,delta_shortfall,-0.002632412957986718,-0.0031262948566717253,-0.0021457441002166434,51
wisdm,LAC,fixed_50,queried,181.14705882352945,180.00570874183006,182.35010212418297,51
wisdm,LAC,fixed_50,saving,-0.4341435185185188,-0.43618162998706456,-0.43220779718137287,51
wisdm,LAC,fixed_75,coverage,0.0038429986641330465,0.0034271296348872696,0.004254956273190684,51
wisdm,LAC,fixed_75,set_size,0.10332168931891428,0.09773107002127744,0.10909158823187323,51
wisdm,LAC,fixed_75,shortfall,-0.0024044593930301976,-0.0029352668656122726,-0.0018794438548360953,51
wisdm,LAC,fixed_75,delta_coverage,0.003842998664132997,0.003427129634887217,0.0042549562731906306,51
wisdm,LAC,fixed_75,delta_size,0.10332168931891422,0.09773107002127758,0.10909158823187325,51
wisdm,LAC,fixed_75,delta_shortfall,-0.0024044593930301734,-0.0029352668656122444,-0.0018794438548360725,51
wisdm,LAC,fixed_75,queried,68.64705882352942,67.50570874183006,69.850102124183,51
wisdm,LAC,fixed_75,saving,-0.18414351851851868,-0.18618162998706445,-0.18220779718137273,51
wisdm,LAC,one_look_50,coverage,-0.02948908279899433,-0.032759041892217,-0.026180399151764563,51
wisdm,LAC,one_look_50,set_size,-1.2043377995896645,-1.2423025897905162,-1.1657080612617519,51
wisdm,LAC,one_look_50,shortfall,0.013620933010496706,0.010069898654350448,0.017330935215258376,51
wisdm,LAC,one_look_50,delta_coverage,-0.0294890827989943,-0.03275904189221697,-0.02618039915176454,51
wisdm,LAC,one_look_50,delta_size,-1.2043377995896642,-1.2423025897905164,-1.165708061261752,51
wisdm,LAC,one_look_50,delta_shortfall,0.013620933010496706,0.010069898654350443,0.017330935215258372,51
wisdm,LAC,one_look_50,queried,181.14705882352945,180.00570874183006,182.35010212418297,51
wisdm,LAC,one_look_50,saving,-0.4341435185185188,-0.43618162998706456,-0.43220779718137287,51
wisdm,LAC,uncorrected,coverage,-0.000280983281134566,-0.0003762471560768535,-0.00019260057588721386,51
wisdm,LAC,uncorrected,set_size,-0.010543143304191155,-0.012559391826172786,-0.008604183036579996,51
wisdm,LAC,uncorrected,shortfall,8.565687917621045e-05,1.4268654585946002e-05,0.00017000352423970062,51
wisdm,LAC,uncorrected,delta_coverage,-0.00028098328113457016,-0.0003762471560768724,-0.00019260057588722028,51
wisdm,LAC,uncorrected,delta_size,-0.010543143304191057,-0.012559391826172462,-0.008604183036579904,51
wisdm,LAC,uncorrected,delta_shortfall,8.565687917620739e-05,1.4268654585944757e-05,0.00017000352423969888,51
wisdm,LAC,uncorrected,queried,58.512663398692794,57.58576388888887,59.47101715686273,51
wisdm,LAC,uncorrected,saving,-0.0829031352124183,-0.0842239519505719,-0.08162314687159586,51
wisdm,LAC,no_intersection,coverage,1.7574518060442633e-05,-1.695676665472815e-05,5.264657886140571e-05,51
wisdm,LAC,no_intersection,set_size,0.0008731956580433157,2.9579893047817892e-05,0.0016988591298263843,51
wisdm,LAC,no_intersection,shortfall,4.627219753027514e-06,-2.5025381136766596e-05,3.470816593683288e-05,51
wisdm,LAC,no_intersection,delta_coverage,1.7574518060446695e-05,-1.6956766654737404e-05,5.264657886140975e-05,51
wisdm,LAC,no_intersection,delta_size,0.0008731956580433198,2.957989304759128e-05,0.0016988591298262054,51
wisdm,LAC,no_intersection,delta_shortfall,4.62721975302525e-06,-2.5025381136767443e-05,3.470816593683072e-05,51
wisdm,LAC,no_intersection,queried,-9.701797385620928,-10.019607843137267,-9.359068627450991,51
wisdm,LAC,no_intersection,saving,0.01719643586601307,0.016504108370778862,0.017838562942538126,51
wisdm,LAC,sparse_checks,coverage,0.0032931204518651283,0.0029275853161472667,0.0036546141679306065,51
wisdm,LAC,sparse_checks,set_size,0.10088424104213616,0.09689048810435054,0.10496441633750747,51
wisdm,LAC,sparse_checks,shortfall,-0.001863037239581314,-0.0023186252465901285,-0.0014184499512780054,51
wisdm,LAC,sparse_checks,delta_coverage,0.0032931204518651027,0.00292758531614724,0.003654614167930577,51
wisdm,LAC,sparse_checks,delta_size,0.10088424104213609,0.09689048810435065,0.10496441633750737,51
wisdm,LAC,sparse_checks,delta_shortfall,-0.0018630372395813033,-0.002318625246590117,-0.0014184499512779958,51
wisdm,LAC,sparse_checks,queried,-23.86601307189543,-24.170772058823538,-23.560447303921574,51
wisdm,LAC,sparse_checks,saving,0.0412173202614379,0.04044751668028321,0.0419832835477941,51
wisdm,LAC,midpoint,coverage,0.003935653130382782,0.0035071010108917657,0.004362330496736356,51
wisdm,LAC,midpoint,set_size,0.1180652979423835,0.1133481564747952,0.12286965382221811,51
wisdm,LAC,midpoint,shortfall,-0.002210248829049289,-0.0027472837334891064,-0.0016838755654329156,51
wisdm,LAC,midpoint,delta_coverage,0.003935653130382747,0.003507101010891733,0.0043623304967363025,51
wisdm,LAC,midpoint,delta_size,0.11806529794238345,0.1133481564747952,0.12286965382221794,51
wisdm,LAC,midpoint,delta_shortfall,-0.0022102488290492704,-0.0027472837334890842,-0.001683875565432899,51
wisdm,LAC,midpoint,queried,0.0,0.0,0.0,51
wisdm,LAC,midpoint,saving,0.0,0.0,0.0,51
wisdm,APS,hypergeom,coverage,6.828658877450538e-05,3.4110524755562744e-05,0.00010192402881961654,51
wisdm,APS,hypergeom,set_size,0.003006447689353348,0.0024294222640486775,0.0036075941704605836,51
wisdm,APS,hypergeom,shortfall,-6.63147706167988e-06,-3.5467514578842554e-05,2.0852486039464965e-05,51
wisdm,APS,hypergeom,delta_coverage,6.828658877449546e-05,3.411052475557097e-05,0.00010192402881960477,51
wisdm,APS,hypergeom,delta_size,0.003006447689353294,0.002429422264048548,0.003607594170460483,51
wisdm,APS,hypergeom,delta_shortfall,-6.631477061680308e-06,-3.546751457884574e-05,2.0852486039463837e-05,51
wisdm,APS,hypergeom,queried,-14.95915032679737,-15.211611519607835,-14.707924836601292,51
wisdm,APS,hypergeom,saving,0.023550687636165593,0.022987270646105677,0.024121742664079536,51
wisdm,APS,martingale,coverage,0.0005505523013342685,0.00049408293757186,0.0006071313028543587,51
wisdm,APS,martingale,set_size,0.015870641645159094,0.015124373261816903,0.016632350221948956,51
wisdm,APS,martingale,shortfall,-0.0002804115288154323,-0.0003450749539929656,-0.00021679844095546106,51
wisdm,APS,martingale,delta_coverage,0.0005505523013342403,0.0004940829375718039,0.0006071313028543404,51
wisdm,APS,martingale,delta_size,0.01587064164515925,0.015124373261817052,0.016632350221949272,51
wisdm,APS,martingale,delta_shortfall,-0.00028041152881542737,-0.0003450749539929607,-0.00021679844095545545,51
wisdm,APS,martingale,queried,-25.293300653594756,-25.75001021241829,-24.83537581699345,51
wisdm,APS,martingale,saving,0.04140965413943354,0.04046160130718953,0.0423560155398965,51
wisdm,APS,full_reference,coverage,0.004504066434612739,0.004124706206811403,0.004891812643477467,51
wisdm,APS,full_reference,set_size,0.12543924449921545,0.12212704465209259,0.1288649022829561,51
wisdm,APS,full_reference,shortfall,-0.002500938993037001,-0.0030252182852645608,-0.00199436448037213,51
wisdm,APS,full_reference,delta_coverage,0.0045040664346127,0.004124706206811345,0.004891812643477412,51
wisdm,APS,full_reference,delta_size,0.12543924449921565,0.12212704465209302,0.12886490228295652,51
wisdm,APS,full_reference,delta_shortfall,-0.0025009389930369767,-0.003025218285264533,-0.0019943644803721095,51
wisdm,APS,full_reference,queried,-45.645833333333336,-46.597252859477116,-44.67724673202613,51
wisdm,APS,full_reference,saving,0.06776024645969494,0.06611647263071892,0.06939085052423742,51
wisdm,APS,fixed_25,coverage,0.0025728472090928837,0.0021300223466214517,0.003003038950586069,51
wisdm,APS,fixed_25,set_size,-0.0282304027858964,-0.03779612760324371,-0.01910302447915955,51
wisdm,APS,fixed_25,shortfall,-0.0038080850981346325,-0.0043524222871620995,-0.0032559704636463405,51
wisdm,APS,fixed_25,delta_coverage,0.002572847209092844,0.0021300223466214235,0.0030030389505860274,51
wisdm,APS,fixed_25,delta_size,-0.028230402785896336,-0.03779612760324366,-0.019103024479159448,51
wisdm,APS,fixed_25,delta_shortfall,-0.003808085098134598,-0.00435242228716206,-0.003255970463646311,51
wisdm,APS,fixed_25,queried,291.8541666666667,290.90274714052293,292.8227532679739,51
wisdm,APS,fixed_25,saving,-0.6822397535403055,-0.6838835273692816,-0.6806091494757631,51
wisdm,APS,fixed_50,coverage,0.0038890813436969034,0.0035603591921860986,0.004213323563880727,51
wisdm,APS,fixed_50,set_size,0.07577406614178171,0.07057499877775379,0.08108526617920923,51
wisdm,APS,fixed_50,shortfall,-0.0029922306312360892,-0.0034353362698687413,-0.0025515744461631963,51
wisdm,APS,fixed_50,delta_coverage,0.003889081343696856,0.0035603591921860465,0.004213323563880686,51
wisdm,APS,fixed_50,delta_size,0.07577406614178182,0.07057499877775399,0.08108526617920898,51
wisdm,APS,fixed_50,delta_shortfall,-0.0029922306312360585,-0.0034353362698687074,-0.002551574446163172,51
wisdm,APS,fixed_50,queried,179.35416666666666,178.40274714052288,180.32275326797387,51
wisdm,APS,fixed_50,saving,-0.4322397535403053,-0.43388352736928126,-0.4306091494757628,51
wisdm,APS,fixed_75,coverage,0.004197249323472484,0.0038321831351774897,0.004553290471484213,51
wisdm,APS,fixed_75,set_size,0.10636996743548899,0.10251157557213686,0.11039233096775393,51
wisdm,APS,fixed_75,shortfall,-0.002669969335709186,-0.003154140314505051,-0.0021949035893999405,51
wisdm,APS,fixed_75,delta_coverage,0.004197249323472447,0.003832183135177455,0.004553290471484187,51
wisdm,APS,fixed_75,delta_size,0.10636996743548913,0.10251157557213683,0.11039233096775387,51
wisdm,APS,fixed_75,delta_shortfall,-0.002669969335709156,-0.003154140314505019,-0.002194903589399915,51
wisdm,APS,fixed_75,queried,66.85416666666667,65.90274714052289,67.82275326797387,51
wisdm,APS,fixed_75,saving,-0.18223975354030517,-0.1838835273692812,-0.1806091494757627,51
wisdm,APS,one_look_50,coverage,-0.02974983722929528,-0.032386101708131325,-0.027130316347503278,51
wisdm,APS,one_look_50,set_size,-1.13536271319252,-1.1603099128092547,-1.1087936098235172,51
wisdm,APS,one_look_50,shortfall,0.012795598954658266,0.009939516168394918,0.015826520667318815,51
wisdm,APS,one_look_50,delta_coverage,-0.02974983722929525,-0.03238610170813132,-0.027130316347503253,51
wisdm,APS,one_look_50,delta_size,-1.13536271319252,-1.1603099128092547,-1.108793609823517,51
wisdm,APS,one_look_50,delta_shortfall,0.012795598954658264,0.009939516168394922,0.01582652066731882,51
wisdm,APS,one_look_50,queried,179.35416666666666,178.40274714052288,180.32275326797387,51
wisdm,APS,one_look_50,saving,-0.4322397535403053,-0.43388352736928126,-0.4306091494757628,51
wisdm,APS,uncorrected,coverage,-4.2592300751135665e-06,-8.758088261343453e-05,7.412132659001873e-05,51
wisdm,APS,uncorrected,set_size,-0.00327380555130501,-0.004667114568614871,-0.001902006925340745,51
wisdm,APS,uncorrected,shortfall,-0.00010706021203156082,-0.00018187445439049054,-2.7757988279942425e-05,51
wisdm,APS,uncorrected,delta_coverage,-4.259230075127478e-06,-8.758088261343515e-05,7.412132659000285e-05,51
wisdm,APS,uncorrected,delta_size,-0.00327380555130489,-0.004667114568614946,-0.0019020069253405008,51
wisdm,APS,uncorrected,delta_shortfall,-0.0001070602120315585,-0.00018187445439048742,-2.7757988279941307e-05,51
wisdm,APS,uncorrected,queried,60.97589869281048,60.25326797385623,61.73161764705884,51
wisdm,APS,uncorrected,saving,-0.0862098311546841,-0.0869196261403867,-0.08553579027096951,51
wisdm,APS,no_intersection,coverage,2.2557404104297257e-05,-6.633647841490372e-06,5.195999450445912e-05,51
wisdm,APS,no_intersection,set_size,0.0012058197839324245,0.0005369644083427551,0.0018868091792023992,51
wisdm,APS,no_intersection,shortfall,2.888765108138461e-05,5.295374029748805e-06,5.2154377538723424e-05,51
wisdm,APS,no_intersection,delta_coverage,2.2557404104288387e-05,-6.633647841483472e-06,5.195999450444534e-05,51
wisdm,APS,no_intersection,delta_size,0.0012058197839325212,0.0005369644083428814,0.0018868091792021255,51
wisdm,APS,no_intersection,delta_shortfall,2.888765108138381e-05,5.2953740297481705e-06,5.215437753872277e-05,51
wisdm,APS,no_intersection,queried,-10.532271241830058,-10.729983660130706,-10.32923815359476,51
wisdm,APS,no_intersection,saving,0.018352141203703702,0.01784577546296296,0.018855113442946624,51
wisdm,APS,sparse_checks,coverage,0.003595921660005476,0.0033057870954062672,0.0038860816066018946,51
wisdm,APS,sparse_checks,set_size,0.10344184558261978,0.10045511582950317,0.10648273808884451,51
wisdm,APS,sparse_checks,shortfall,-0.0020007797015162776,-0.002402175045326259,-0.0016086815656470655,51
wisdm,APS,sparse_checks,delta_coverage,0.003595921660005433,0.0033057870954062204,0.003886081606601873,51
wisdm,APS,sparse_checks,delta_size,0.10344184558262,0.1004551158295035,0.10648273808884465,51
wisdm,APS,sparse_checks,delta_shortfall,-0.0020007797015162594,-0.0024021750453262387,-0.0016086815656470483,51
wisdm,APS,sparse_checks,queried,-24.450571895424815,-24.880320669934626,-24.05922181372547,51
wisdm,APS,sparse_checks,saving,0.04129987064270152,0.040579458997140515,0.042060695806100216,51
wisdm,APS,midpoint,coverage,0.004515320797615847,0.004134798829621741,0.004906894867734528,51
wisdm,APS,midpoint,set_size,0.1234836933349335,0.12024117621294411,0.12679099210694061,51
wisdm,APS,midpoint,shortfall,-0.0025582402829216586,-0.003079874143197159,-0.0020536005556701506,51
wisdm,APS,midpoint,delta_coverage,0.004515320797615791,0.004134798829621668,0.004906894867734435,51
wisdm,APS,midpoint,delta_size,0.1234836933349334,0.12024117621294375,0.12679099210694067,51
wisdm,APS,midpoint,delta_shortfall,-0.0025582402829216313,-0.0030798741431971323,-0.0020536005556701263,51
wisdm,APS,midpoint,queried,0.0,0.0,0.0,51
wisdm,APS,midpoint,saving,0.0,0.0,0.0,51
