dataset,score,policy,tolerance,ceiling,coverage,set_size,shortfall,delta_coverage,delta_size,delta_shortfall,queried,saving
dsads,APS,fixed_25,0.5,120,0.8917511878654971,7.8911284722222215,0.03460115131578944,0.004778417397660811,0.45460754751461985,0.002748538011695885,30.0,0.7500000000000004
dsads,APS,fixed_25,0.5,240,0.8923483187134503,7.693405062134502,0.030449561403508744,0.005905519005847923,0.3082022112573099,-0.0007378472222222271,60.0,0.7500000000000004
dsads,APS,fixed_25,0.5,480,0.8898218201754386,7.551136239035087,0.03130847953216371,0.003703399122807004,0.19323739035087717,0.0002549342105263042,90.0,0.7500000000000004
dsads,APS,fixed_25,0.5,960,0.8898218201754386,7.551136239035087,0.03130847953216371,0.003703399122807004,0.19323739035087717,0.0002549342105263042,90.0,0.7500000000000004
dsads,APS,fixed_50,0.5,120,0.8884411549707601,7.585386056286549,0.03350785818713447,0.0014683845029239753,0.1488651315789474,0.0016552448830409185,60.0,0.5000000000000002
dsads,APS,fixed_50,0.5,240,0.8893028143274854,7.521076845760234,0.030622715643274834,0.002860014619883017,0.1358739948830409,-0.0005646929824561353,120.0,0.5000000000000002
dsads,APS,fixed_50,0.5,480,0.8875233004385965,7.423045961257309,0.030982273391812847,0.0014048793859649004,0.0651471125730994,-7.127192982456248e-05,180.0,0.5000000000000002
dsads,APS,fixed_50,0.5,960,0.8875233004385965,7.423045961257309,0.030982273391812847,0.0014048793859649004,0.0651471125730994,-7.127192982456248e-05,180.0,0.5000000000000002
dsads,APS,fixed_75,0.5,120,0.888280793128655,7.493318713450292,0.031673062865497044,0.0013080226608187127,0.05679778874269006,-0.00017955043859649636,90.0,0.2500000000000001
dsads,APS,fixed_75,0.5,240,0.8869298245614035,7.411267361111111,0.03149945175438595,0.0004870248538011621,0.02606451023391809,0.00031204312865496685,180.0,0.2500000000000001
dsads,APS,fixed_75,0.5,480,0.8868941885964912,7.3928097587719295,0.030774396929824536,0.0007757675438596311,0.03491091008771929,-0.00027914839181285625,270.0,0.2500000000000001
dsads,APS,fixed_75,0.5,960,0.8868941885964912,7.3928097587719295,0.030774396929824536,0.0007757675438596311,0.03491091008771929,-0.00027914839181285625,270.0,0.2500000000000001
dsads,APS,full_reference,0.5,120,0.8869727704678363,7.436520924707604,0.03185261330409354,0.0,0.0,0.0,120.0,0.0
dsads,APS,full_reference,0.5,240,0.8864427997076024,7.385202850877192,0.03118740862573097,0.0,0.0,0.0,240.0,0.0
dsads,APS,full_reference,0.5,480,0.8861184210526316,7.3578988486842105,0.03105354532163741,0.0,0.0,0.0,360.0,0.0
dsads,APS,full_reference,0.5,960,0.8861184210526316,7.3578988486842105,0.03105354532163741,0.0,0.0,0.0,360.0,0.0
dsads,APS,horizon,0.1,120,0.886906980994152,7.434036458333334,0.0319019554093567,-6.578947368420491e-05,-0.002484466374268998,4.9342105263154987e-05,119.83333333333333,0.0013888888888888707
dsads,APS,horizon,0.1,240,0.8863486842105264,7.38257264254386,0.03127010233918126,-9.411549707602277e-05,-0.0026302083333333355,8.269371345029174e-05,239.47916666666666,0.0021701388888888708
dsads,APS,horizon,0.1,480,0.8861851242690059,7.358819444444445,0.031054459064327463,6.670321637426361e-05,0.0009205957602339084,9.137426900620481e-07,358.375,0.004513888888888846
dsads,APS,horizon,0.1,960,0.8861851242690059,7.358819444444445,0.031054459064327463,6.670321637426361e-05,0.0009205957602339084,9.137426900620481e-07,358.375,0.004513888888888846
dsads,APS,horizon,0.25,120,0.8867950475146199,7.432618329678363,0.03201937134502921,-0.000177722953216366,-0.003902595029239762,0.00016675804093566654,119.4375,0.00468749999999997
dsads,APS,horizon,0.25,240,0.886609557748538,7.390051169590643,0.031127558479532136,0.00016675804093565691,0.004848318713450267,-5.985014619881503e-05,238.02083333333334,0.008246527777777754
dsads,APS,horizon,0.25,480,0.8868951023391812,7.382291666666667,0.030634594298245596,0.0007766812865496715,0.024392817982456103,-0.00041895102339179017,353.5625,0.01788194444444441
dsads,APS,horizon,0.25,960,0.8868951023391812,7.382291666666667,0.030634594298245596,0.0007766812865496715,0.024392817982456103,-0.00041895102339179017,353.5625,0.01788194444444441
dsads,APS,horizon,0.5,120,0.8872199378654971,7.444877558479533,0.0317644371345029,0.0002471673976607958,0.0083566337719298,-8.817616959063414e-05,117.52083333333333,0.020659722222222173
dsads,APS,horizon,0.5,240,0.8886019736842106,7.445625913742689,0.029778874269005818,0.002159173976608146,0.060423062865497056,-0.0014085343567251149,231.39583333333334,0.0358506944444444
dsads,APS,horizon,0.5,480,0.890764802631579,7.4909790752923975,0.027947733918128635,0.004646381578947332,0.1330802266081871,-0.00310581140350874,337.0,0.06388888888888884
dsads,APS,horizon,0.5,960,0.890764802631579,7.4909790752923975,0.027947733918128635,0.004646381578947332,0.1330802266081871,-0.00310581140350874,337.0,0.06388888888888884
dsads,APS,horizon,1.0,120,0.8903298611111111,7.537125365497076,0.02975511695906431,0.0033570906432748063,0.10060444078947366,-0.0020974963450292104,111.45833333333333,0.07118055555555548
dsads,APS,horizon,1.0,240,0.8977174707602339,7.713221399853801,0.023949195906432727,0.011274671052631533,0.32801854897660815,-0.007238212719298212,208.70833333333334,0.13038194444444443
dsads,APS,horizon,1.0,480,0.9005980445906432,7.804126461988304,0.021860836988304072,0.014479623538011646,0.4462276133040935,-0.009192708333333301,293.9375,0.1835069444444444
dsads,APS,horizon,1.0,960,0.9005980445906432,7.804126461988304,0.021860836988304072,0.014479623538011646,0.4462276133040935,-0.009192708333333301,293.9375,0.1835069444444444
dsads,APS,hypergeom,0.1,120,0.8869727704678363,7.436520924707604,0.03185261330409354,0.0,0.0,0.0,120.0,0.0
dsads,APS,hypergeom,0.1,240,0.8864551352339182,7.385530427631579,0.03117507309941518,1.2335526315787666e-05,0.0003275767543859625,-1.2335526315787666e-05,239.89583333333334,0.000434027777777775
dsads,APS,hypergeom,0.1,480,0.8862175621345029,7.3596747076023386,0.031011970029239746,9.914108187133909e-05,0.0017758589181286397,-4.157529239765493e-05,359.625,0.0010416666666666376
dsads,APS,hypergeom,0.1,960,0.8862175621345029,7.3596747076023386,0.031011970029239746,9.914108187133909e-05,0.0017758589181286397,-4.157529239765493e-05,359.625,0.0010416666666666376
dsads,APS,hypergeom,0.25,120,0.8869805372807017,7.437061860380118,0.03185261330409354,7.766812865496354e-06,0.0005409356725146146,0.0,119.89583333333333,0.0008680555555555459
dsads,APS,hypergeom,0.25,240,0.8866525036549708,7.39046875,0.031068165204678335,0.000209703947368405,0.005265899122807002,-0.00011924342105261905,238.89583333333334,0.0046006944444444255
dsads,APS,hypergeom,0.25,480,0.8866511330409357,7.373267086988304,0.030786732456140328,0.0005327119883040636,0.015368238304093527,-0.00026681286549705695,357.375,0.007291666666666621
dsads,APS,hypergeom,0.25,960,0.8866511330409357,7.373267086988304,0.030786732456140328,0.0005327119883040636,0.015368238304093527,-0.00026681286549705695,357.375,0.007291666666666621
dsads,APS,hypergeom,0.5,120,0.8872715643274853,7.4450086805555555,0.03164610745614032,0.0002987938596491027,0.008487755847953192,-0.00020650584795320486,118.9375,0.008854166666666625
dsads,APS,hypergeom,0.5,240,0.8885087719298245,7.442154148391812,0.02983141447368419,0.0020659722222221757,0.05695129751461984,-0.0013559941520467486,233.89583333333334,0.025434027777777746
dsads,APS,hypergeom,0.5,480,0.889921418128655,7.46718932748538,0.028576845760233904,0.003802997076023352,0.10929047880116956,-0.002476699561403477,345.875,0.03923611111111108
dsads,APS,hypergeom,0.5,960,0.889921418128655,7.46718932748538,0.028576845760233904,0.003802997076023352,0.10929047880116956,-0.002476699561403477,345.875,0.03923611111111108
dsads,APS,hypergeom,1.0,120,0.8904303728070175,7.540071271929825,0.029711257309941494,0.003457602339181244,0.10355034722222219,-0.0021413559941520165,114.5,0.04583333333333326
dsads,APS,hypergeom,1.0,240,0.8975434027777779,7.70765533625731,0.023931377923976583,0.011100603070175387,0.3224524853801169,-0.007256030701754348,216.20833333333334,0.0991319444444444
dsads,APS,hypergeom,1.0,480,0.9003563596491228,7.791806469298245,0.021953581871345006,0.01423793859649118,0.43390762061403504,-0.009099963450292367,310.6458333333333,0.13709490740740737
dsads,APS,hypergeom,1.0,960,0.9003563596491228,7.791806469298245,0.021953581871345006,0.01423793859649118,0.43390762061403504,-0.009099963450292367,310.6458333333333,0.13709490740740737
dsads,APS,martingale,0.1,120,0.8869727704678363,7.436520924707604,0.03185261330409354,0.0,0.0,0.0,120.0,0.0
dsads,APS,martingale,0.1,240,0.8864427997076024,7.385202850877192,0.03118740862573097,0.0,0.0,0.0,240.0,0.0
dsads,APS,martingale,0.1,480,0.8861207054093567,7.357956871345029,0.03105354532163741,2.284356725146206e-06,5.8022660818712495e-05,0.0,359.9791666666667,5.7870370370366666e-05
dsads,APS,martingale,0.1,960,0.8861207054093567,7.357956871345029,0.03105354532163741,2.284356725146206e-06,5.8022660818712495e-05,0.0,359.9791666666667,5.7870370370366666e-05
dsads,APS,martingale,0.25,120,0.8869727704678363,7.436520924707604,0.03185261330409354,0.0,0.0,0.0,120.0,0.0
dsads,APS,martingale,0.25,240,0.8865328033625731,7.38789427997076,0.03115588450292395,9.000365497075255e-05,0.0026914290935672355,-3.1524122807012726e-05,239.77083333333334,0.0009548611111110999
dsads,APS,martingale,0.25,480,0.8863633040935673,7.365834703947368,0.030948008040935653,0.0002448830409356529,0.00793585526315787,-0.00010553728070174218,358.9375,0.002951388888888858
dsads,APS,martingale,0.25,960,0.8863633040935673,7.365834703947368,0.030948008040935653,0.0002448830409356529,0.00793585526315787,-0.00010553728070174218,358.9375,0.002951388888888858
dsads,APS,martingale,0.5,120,0.8870230263157896,7.437732090643276,0.03181423611111109,5.025584795320848e-05,0.0012111659356725,-3.837719298245e-05,119.85416666666667,0.0012152777777777583
dsads,APS,martingale,0.5,240,0.8873606542397661,7.411106085526316,0.030692160087719276,0.0009178545321637087,0.025903234649122777,-0.000495248538011671,238.16666666666666,0.007638888888888858
dsads,APS,martingale,0.5,480,0.8889181286549707,7.439997715643275,0.0293503289473684,0.00279970760233914,0.08209886695906429,-0.0017032163742689772,352.8333333333333,0.019907407407407356
dsads,APS,martingale,0.5,960,0.8889181286549707,7.439997715643275,0.0293503289473684,0.00279970760233914,0.08209886695906429,-0.0017032163742689772,352.8333333333333,0.019907407407407356
dsads,APS,martingale,1.0,120,0.8877430555555555,7.463244700292399,0.031483461257309914,0.0007702850877192646,0.026723775584795297,-0.00036915204678360437,118.77083333333333,0.010243055555555512
dsads,APS,martingale,1.0,240,0.8942301717836257,7.608782894736842,0.02646975511695904,0.0077873720760233455,0.2235800438596491,-0.004717653508771892,229.02083333333334,0.04574652777777776
dsads,APS,martingale,1.0,480,0.9001260964912281,7.781735197368421,0.022141355994152036,0.014007675438596441,0.4238363486842105,-0.008912189327485349,329.4375,0.0848958333333333
dsads,APS,martingale,1.0,960,0.9001260964912281,7.781735197368421,0.022141355994152036,0.014007675438596441,0.4238363486842105,-0.008912189327485349,329.4375,0.0848958333333333
dsads,APS,midpoint,0.5,120,0.8864843750000001,7.426125730994152,0.03224186769005845,-0.0004883954678362342,-0.01039519371345026,0.00038925438596489325,117.52083333333333,0.020659722222222173
dsads,APS,midpoint,0.5,240,0.8864852887426901,7.3882506396198835,0.031235836988304077,4.248903508771092e-05,0.003047788742690042,4.84283625730974e-05,231.39583333333334,0.0358506944444444
dsads,APS,midpoint,0.5,480,0.8866223501461988,7.373998538011695,0.030694444444444427,0.0005039290935672316,0.016099689327485362,-0.0003591008771929649,337.0,0.06388888888888884
dsads,APS,midpoint,0.5,960,0.8866223501461988,7.373998538011695,0.030694444444444427,0.0005039290935672316,0.016099689327485362,-0.0003591008771929649,337.0,0.06388888888888884
dsads,APS,no_intersection,0.5,120,0.8872610562865497,7.445015990497076,0.0316598135964912,0.000288285818713434,0.008495065789473661,-0.00019279970760232941,118.77083333333333,0.010243055555555521
dsads,APS,no_intersection,0.5,240,0.8883648574561404,7.438626187865498,0.029941977339181265,0.001922057748537965,0.05342333698830406,-0.0012454312865496776,234.625,0.0223958333333333
dsads,APS,no_intersection,0.5,480,0.8902480811403509,7.4757743969298245,0.028289473684210507,0.004129660087719252,0.11787554824561401,-0.002764071637426875,343.3541666666667,0.0462384259259259
dsads,APS,no_intersection,0.5,960,0.8902480811403509,7.4757743969298245,0.028289473684210507,0.004129660087719252,0.11787554824561401,-0.002764071637426875,343.3541666666667,0.0462384259259259
dsads,APS,one_look_50,0.5,120,0.9423190789473684,10.11562134502924,0.00959064327485377,0.05534630847953212,2.6791004203216375,-0.022261970029239745,60.0,0.5000000000000002
dsads,APS,one_look_50,0.5,240,0.9339318347953216,9.350952119883042,0.010194170321637401,0.04748903508771924,1.9657492690058478,-0.02099323830409354,120.0,0.5000000000000002
dsads,APS,one_look_50,0.5,480,0.9256387061403508,8.82210389254386,0.011853070175438575,0.039520285087719244,1.4642050438596492,-0.0192004751461988,180.0,0.5000000000000002
dsads,APS,one_look_50,0.5,960,0.9256387061403508,8.82210389254386,0.011853070175438575,0.039520285087719244,1.4642050438596492,-0.0192004751461988,180.0,0.5000000000000002
dsads,APS,sparse_checks,0.5,120,0.8870129751461988,7.437760873538012,0.031881396198830375,4.0204678362568975e-05,0.0012399488304093479,2.878289473684323e-05,119.10416666666667,0.007465277777777771
dsads,APS,sparse_checks,0.5,240,0.8863687865497076,7.3852238669590635,0.03127512792397658,-7.401315789473937e-05,2.101608187134167e-05,8.771929824561667e-05,238.0,0.008333333333333321
dsads,APS,sparse_checks,0.5,480,0.8881793676900585,7.418694718567252,0.0298487755847953,0.0020609466374268545,0.0607958698830409,-0.0012047697368420777,347.5833333333333,0.034490740740740704
dsads,APS,sparse_checks,0.5,960,0.8881793676900585,7.418694718567252,0.0298487755847953,0.0020609466374268545,0.0607958698830409,-0.0012047697368420777,347.5833333333333,0.034490740740740704
dsads,APS,uncorrected,0.5,120,0.8875689875730995,7.455645102339182,0.03156432748538009,0.0005962171052631315,0.019124177631578917,-0.00028828581871343173,117.10416666666667,0.02413194444444439
dsads,APS,uncorrected,0.5,240,0.8896509502923977,7.477529239766081,0.029098592836257292,0.0032081505847952833,0.09232638888888885,-0.0020888157894736604,220.60416666666666,0.08081597222222218
dsads,APS,uncorrected,0.5,480,0.8915341739766082,7.516160910087719,0.027555738304093552,0.005415752923976573,0.15826206140350876,-0.0034978070175438383,307.5833333333333,0.1456018518518518
dsads,APS,uncorrected,0.5,960,0.8915341739766082,7.516160910087719,0.027555738304093552,0.005415752923976573,0.15826206140350876,-0.0034978070175438383,307.5833333333333,0.1456018518518518
dsads,LAC,fixed_25,0.5,120,0.8896162280701755,5.673240588450292,0.04301672149122804,0.002337810672514621,0.5840282346491228,0.0022117141812865375,30.0,0.7500000000000004
dsads,LAC,fixed_25,0.5,240,0.8878741776315789,5.30264528508772,0.04147021198830406,0.0014386878654970646,0.312578581871345,0.0007698282163742543,60.0,0.7500000000000004
dsads,LAC,fixed_25,0.5,480,0.8894773391812866,5.265297880116959,0.03972816154970758,0.002477613304093548,0.2747761330409357,-3.2894736842110114e-05,90.0,0.7500000000000004
dsads,LAC,fixed_25,0.5,960,0.8894773391812866,5.265297880116959,0.03972816154970758,0.002477613304093548,0.2747761330409357,-3.2894736842110114e-05,90.0,0.7500000000000004
dsads,LAC,fixed_50,0.5,120,0.8877823464912281,5.250286458333334,0.04157072368421049,0.0005039290935672561,0.16107410453216373,0.0007657163742689894,60.0,0.5000000000000002
dsads,LAC,fixed_50,0.5,240,0.8873414656432749,5.092850420321637,0.04056469298245611,0.0009059758771929688,0.10278371710526314,-0.00013569078947369147,120.0,0.5000000000000002
dsads,LAC,fixed_50,0.5,480,0.8878088450292397,5.100330774853801,0.03980126096491226,0.0008091191520467747,0.10980902777777778,4.0204678362568514e-05,180.0,0.5000000000000002
dsads,LAC,fixed_50,0.5,960,0.8878088450292397,5.100330774853801,0.03980126096491226,0.0008091191520467747,0.10980902777777778,4.0204678362568514e-05,180.0,0.5000000000000002
dsads,LAC,fixed_75,0.5,120,0.8875187317251462,5.129400584795321,0.040976334064327456,0.00024031432748537502,0.04018823099415203,0.00017132675438595626,90.0,0.2500000000000001
dsads,LAC,fixed_75,0.5,240,0.8860023757309942,5.018078399122807,0.04129523026315788,-0.00043311403508772495,0.028011695906432738,0.0005948464912280646,180.0,0.2500000000000001
dsads,LAC,fixed_75,0.5,480,0.8873729897660819,5.044655519005848,0.039706688596491214,0.0003732638888888647,0.05413377192982454,-5.436769005847261e-05,270.0,0.2500000000000001
dsads,LAC,fixed_75,0.5,960,0.8873729897660819,5.044655519005848,0.039706688596491214,0.0003732638888888647,0.05413377192982454,-5.436769005847261e-05,270.0,0.2500000000000001
dsads,LAC,full_reference,0.5,120,0.8872784173976608,5.0892123538011695,0.0408050073099415,0.0,0.0,0.0,120.0,0.0
dsads,LAC,full_reference,0.5,240,0.8864354897660819,4.990066703216374,0.040700383771929804,0.0,0.0,0.0,240.0,0.0
dsads,LAC,full_reference,0.5,480,0.886999725877193,4.9905217470760235,0.03976105628654969,0.0,0.0,0.0,360.0,0.0
dsads,LAC,full_reference,0.5,960,0.886999725877193,4.9905217470760235,0.03976105628654969,0.0,0.0,0.0,360.0,0.0
dsads,LAC,horizon,0.1,120,0.8872459795321638,5.085743329678363,0.040824652777777755,-3.243786549707098e-05,-0.0034690241228070144,1.964546783625417e-05,119.83333333333333,0.0013888888888888707
dsads,LAC,horizon,0.1,240,0.8864592470760234,4.993650402046783,0.04070495248538011,2.375730994151845e-05,0.0035836988304093586,4.568713450291738e-06,239.25,0.003124999999999979
dsads,LAC,horizon,0.1,480,0.8869755116959065,4.988699287280702,0.039762883771929804,-2.4214181286552236e-05,-0.0018224597953216412,1.827485380121055e-06,358.9583333333333,0.0028935185185184793
dsads,LAC,horizon,0.1,960,0.8869755116959065,4.988699287280702,0.039762883771929804,-2.4214181286552236e-05,-0.0018224597953216412,1.827485380121055e-06,358.9583333333333,0.0028935185185184793
dsads,LAC,horizon,0.25,120,0.887327759502924,5.0835010051169585,0.04070312499999997,4.9342105263166655e-05,-0.005711348684210526,-0.000101882309941525,119.47916666666667,0.00434027777777775
dsads,LAC,horizon,0.25,240,0.8870924707602339,5.003405519005848,0.04014802631578945,0.0006569809941520292,0.013338815789473676,-0.0005523574561403394,237.66666666666666,0.009722222222222182
dsads,LAC,horizon,0.25,480,0.888156524122807,5.005898665935672,0.038735380116959046,0.001156798245614018,0.01537691885964909,-0.0010256761695906314,354.8958333333333,0.0141782407407407
dsads,LAC,horizon,0.25,960,0.888156524122807,5.005898665935672,0.038735380116959046,0.001156798245614018,0.01537691885964909,-0.0010256761695906314,354.8958333333333,0.0141782407407407
dsads,LAC,horizon,0.5,120,0.88859283625731,5.0955971308479535,0.039529422514619855,0.0013144188596491207,0.006384777046783617,-0.0012755847953216375,117.64583333333333,0.01961805555555551
dsads,LAC,horizon,0.5,240,0.8898547149122807,5.0521728801169585,0.03790250365497074,0.0034192251461987997,0.06210617690058478,-0.0027978801169590457,231.35416666666666,0.036024305555555525
dsads,LAC,horizon,0.5,480,0.8918622076023391,5.102255116959064,0.036193347953216354,0.004862481725146157,0.11173336988304089,-0.0035677083333333086,339.8333333333333,0.056018518518518474
dsads,LAC,horizon,0.5,960,0.8918622076023391,5.102255116959064,0.036193347953216354,0.004862481725146157,0.11173336988304089,-0.0035677083333333086,339.8333333333333,0.056018518518518474
dsads,LAC,horizon,1.0,120,0.8924424342105263,5.175955774853802,0.03659996345029238,0.005164016812865469,0.08674342105263155,-0.0042050438596491,111.875,0.06770833333333327
dsads,LAC,horizon,1.0,240,0.8973588267543859,5.273550804093567,0.0329705774853801,0.01092333698830405,0.28348410087719295,-0.007729806286549678,211.64583333333334,0.11814236111111108
dsads,LAC,horizon,1.0,480,0.8999154788011697,5.374844206871345,0.03110288742690057,0.012915752923976556,0.3843224597953216,-0.00865816885964909,301.75,0.1618055555555555
dsads,LAC,horizon,1.0,960,0.8999154788011697,5.374844206871345,0.03110288742690057,0.012915752923976556,0.3843224597953216,-0.00865816885964909,301.75,0.1618055555555555
dsads,LAC,hypergeom,0.1,120,0.8872779605263158,5.088031341374269,0.04079358552631577,-4.5687134502946584e-07,-0.0011810124269005854,-1.1421783625729166e-05,119.95833333333333,0.00034722222222221665
dsads,LAC,hypergeom,0.1,240,0.8864843750000001,4.993996253654971,0.04066840277777776,4.8885233918127304e-05,0.003929550438596487,-3.198099415204584e-05,239.75,0.0010416666666666584
dsads,LAC,hypergeom,0.1,480,0.8869531250000001,4.989230628654971,0.039800347222222206,-4.6600877192978724e-05,-0.0012911184210526333,3.929093567251205e-05,359.6666666666667,0.0009259259259259083
dsads,LAC,hypergeom,0.1,960,0.8869531250000001,4.989230628654971,0.039800347222222206,-4.6600877192978724e-05,-0.0012911184210526333,3.929093567251205e-05,359.6666666666667,0.0009259259259259083
dsads,LAC,hypergeom,0.25,120,0.8873099415204678,5.088193987573099,0.04076160453216372,3.152412280701637e-05,-0.001018366228070177,-4.3402777777775e-05,119.875,0.001041666666666654
dsads,LAC,hypergeom,0.25,240,0.8871431834795321,5.0018594663742695,0.0400721856725146,0.000707693713450276,0.011792763157894709,-0.0006281980994151938,238.70833333333334,0.005381944444444421
dsads,LAC,hypergeom,0.25,480,0.8877882858187135,4.999400584795322,0.039057474415204664,0.0007885599415204513,0.008878837719298217,-0.0007035818713450173,357.7916666666667,0.006134259259259217
dsads,LAC,hypergeom,0.25,960,0.8877882858187135,4.999400584795322,0.039057474415204664,0.0007885599415204513,0.008878837719298217,-0.0007035818713450173,357.7916666666667,0.006134259259259217
dsads,LAC,hypergeom,0.5,120,0.8886165935672515,5.102643914473684,0.03953079312865494,0.0013381761695906308,0.013431560672514603,-0.0012742141812865375,118.79166666666667,0.010069444444444414
dsads,LAC,hypergeom,0.5,240,0.889890807748538,5.043791118421052,0.03780062134502922,0.0034553179824561085,0.053724415204678334,-0.0028997624269005667,234.04166666666666,0.024826388888888856
dsads,LAC,hypergeom,0.5,480,0.8916141264619885,5.0863733552631585,0.03625730994152045,0.004614400584795282,0.09585160818713447,-0.003503746345029219,346.7916666666667,0.03668981481481478
dsads,LAC,hypergeom,0.5,960,0.8916141264619885,5.0863733552631585,0.03625730994152045,0.004614400584795282,0.09585160818713447,-0.003503746345029219,346.7916666666667,0.03668981481481478
dsads,LAC,hypergeom,1.0,120,0.8927622441520469,5.184359009502924,0.03638432017543857,0.00548382675438593,0.09514665570175435,-0.0044206871345029005,114.8125,0.0432291666666666
dsads,LAC,hypergeom,1.0,240,0.8972605994152048,5.261067708333333,0.032888797514619865,0.01082510964912276,0.27100100511695907,-0.007811586257309906,217.9375,0.09192708333333328
dsads,LAC,hypergeom,1.0,480,0.8998528874269006,5.356380665204679,0.031117050438596475,0.012853161549707543,0.36585891812865495,-0.008644005847953185,317.3541666666667,0.11846064814814812
dsads,LAC,hypergeom,1.0,960,0.8998528874269006,5.356380665204679,0.031117050438596475,0.012853161549707543,0.36585891812865495,-0.008644005847953185,317.3541666666667,0.11846064814814812
dsads,LAC,martingale,0.1,120,0.8872784173976608,5.0892123538011695,0.0408050073099415,0.0,0.0,0.0,120.0,0.0
dsads,LAC,martingale,0.1,240,0.8864565058479532,4.992089729532164,0.04067936769005846,2.101608187134167e-05,0.002023026315789471,-2.101608187134167e-05,239.9375,0.00026041666666666666
dsads,LAC,martingale,0.1,480,0.886999725877193,4.9905217470760235,0.03976105628654969,0.0,0.0,0.0,360.0,0.0
dsads,LAC,martingale,0.1,960,0.886999725877193,4.9905217470760235,0.03976105628654969,0.0,0.0,0.0,360.0,0.0
dsads,LAC,martingale,0.25,120,0.8872784173976608,5.0892123538011695,0.0408050073099415,0.0,0.0,0.0,120.0,0.0
dsads,LAC,martingale,0.25,240,0.8865364583333334,4.993883406432748,0.04061449195906431,0.00010096856725145237,0.00381670321637426,-8.589181286548958e-05,239.79166666666666,0.0008680555555555459
dsads,LAC,martingale,0.25,480,0.887590460526316,4.995916027046784,0.03919590643274852,0.000590734649122792,0.005394279970760223,-0.0005651498538011562,359.1875,0.002256944444444417
dsads,LAC,martingale,0.25,960,0.887590460526316,4.995916027046784,0.03919590643274852,0.000590734649122792,0.005394279970760223,-0.0005651498538011562,359.1875,0.002256944444444417
dsads,LAC,martingale,0.5,120,0.8874465460526316,5.0903495065789475,0.04063733552631577,0.00016812865497075648,0.0011371527777777708,-0.00016767178362572723,119.91666666666667,0.0006944444444444375
dsads,LAC,martingale,0.5,240,0.8883648574561404,5.014867507309941,0.03889300073099414,0.0019293676900584598,0.02480080409356723,-0.0018073830409356566,238.16666666666666,0.007638888888888866
dsads,LAC,martingale,0.5,480,0.8908602887426902,5.059317434210526,0.03667123538011694,0.003860562865497043,0.06879568713450289,-0.003089820906432723,353.5833333333333,0.01782407407407404
dsads,LAC,martingale,0.5,960,0.8908602887426902,5.059317434210526,0.03667123538011694,0.003860562865497043,0.06879568713450289,-0.003089820906432723,353.5833333333333,0.01782407407407404
dsads,LAC,martingale,1.0,120,0.8896367872807017,5.121456505847953,0.03862481725146197,0.002358369883040917,0.03224415204678361,-0.002180190058479519,118.70833333333333,0.01076388888888886
dsads,LAC,martingale,1.0,240,0.8956291118421053,5.183103527046783,0.03373492324561402,0.009193622076023337,0.19303682383040932,-0.006965460526315755,229.4375,0.044010416666666635
dsads,LAC,martingale,1.0,480,0.9000557383040936,5.332511421783626,0.030859374999999984,0.01305601242690054,0.34198967470760233,-0.008901681286549683,333.5625,0.07343749999999996
dsads,LAC,martingale,1.0,960,0.9000557383040936,5.332511421783626,0.030859374999999984,0.01305601242690054,0.34198967470760233,-0.008901681286549683,333.5625,0.07343749999999996
dsads,LAC,midpoint,0.5,120,0.886874543128655,5.075162189327485,0.0411504020467836,-0.000403874269005827,-0.014050164473684198,0.0003453947368420916,117.64583333333333,0.01961805555555551
dsads,LAC,midpoint,0.5,240,0.8859475511695907,4.994391447368421,0.04122395833333332,-0.0004879385964912261,0.004324744152046789,0.0005235745614035088,231.35416666666666,0.036024305555555525
dsads,LAC,midpoint,0.5,480,0.8861554276315791,4.99405701754386,0.04068804824561402,-0.0008442982456140472,0.003535270467836239,0.0009269919590643314,339.8333333333333,0.056018518518518474
dsads,LAC,midpoint,0.5,960,0.8861554276315791,4.99405701754386,0.04068804824561402,-0.0008442982456140472,0.003535270467836239,0.0009269919590643314,339.8333333333333,0.056018518518518474
dsads,LAC,no_intersection,0.5,120,0.8885457785087719,5.101736567982456,0.03957602339181284,0.0012673611111110959,0.012524214181286531,-0.0012289839181286396,118.60416666666667,0.011631944444444422
dsads,LAC,no_intersection,0.5,240,0.8896765350877193,5.038143274853801,0.03798565423976607,0.003241045321637394,0.04807657163742687,-0.0027147295321637206,234.41666666666666,0.023263888888888876
dsads,LAC,no_intersection,0.5,480,0.8917913925438598,5.09601471125731,0.03620294225146197,0.004791666666666627,0.1054929641812865,-0.003558114035087694,344.4791666666667,0.04311342592592588
dsads,LAC,no_intersection,0.5,960,0.8917913925438598,5.09601471125731,0.03620294225146197,0.004791666666666627,0.1054929641812865,-0.003558114035087694,344.4791666666667,0.04311342592592588
dsads,LAC,one_look_50,0.5,120,0.9383653143274855,8.3947747624269,0.014115953947368401,0.051086896929824516,3.305562408625731,-0.02668905336257307,60.0,0.5000000000000002
dsads,LAC,one_look_50,0.5,240,0.9311366959064328,7.53671235380117,0.015472404970760219,0.044701206140350815,2.546645650584795,-0.025227978801169556,120.0,0.5000000000000002
dsads,LAC,one_look_50,0.5,480,0.923077942251462,6.874593384502924,0.018745888157894724,0.03607821637426895,1.8840716374269004,-0.021015168128654938,180.0,0.5000000000000002
dsads,LAC,one_look_50,0.5,960,0.923077942251462,6.874593384502924,0.018745888157894724,0.03607821637426895,1.8840716374269004,-0.021015168128654938,180.0,0.5000000000000002
dsads,LAC,sparse_checks,0.5,120,0.8874300986842104,5.085207876461989,0.04059850146198828,0.00015168128654971449,-0.004004477339181283,-0.00020650584795321874,119.0,0.008333333333333321
dsads,LAC,sparse_checks,0.5,240,0.886734283625731,4.994547240497076,0.04039793494152045,0.0002987938596491208,0.004480537280701751,-0.00030244883040935405,236.52083333333334,0.014496527777777763
dsads,LAC,sparse_checks,0.5,480,0.8896824744152049,5.039029148391813,0.037563048245614024,0.002682748538011665,0.048507401315789435,-0.002198008040935648,348.625,0.0315972222222222
dsads,LAC,sparse_checks,0.5,960,0.8896824744152049,5.039029148391813,0.037563048245614024,0.002682748538011665,0.048507401315789435,-0.002198008040935648,348.625,0.0315972222222222
dsads,LAC,uncorrected,0.5,120,0.8887838084795322,5.102437408625732,0.03946271929824558,0.0015053910818713396,0.01322505482456139,-0.0013422880116959043,117.39583333333333,0.02170138888888884
dsads,LAC,uncorrected,0.5,240,0.8903682383040935,5.071207054093567,0.03757447002923975,0.003932748538011665,0.08114035087719294,-0.003125913742690037,221.0,0.07916666666666662
dsads,LAC,uncorrected,0.5,480,0.8912600511695907,5.1189478252923974,0.0368722587719298,0.004260325292397625,0.12842607821637422,-0.0028887975146198604,313.1041666666667,0.13026620370370365
dsads,LAC,uncorrected,0.5,960,0.8912600511695907,5.1189478252923974,0.0368722587719298,0.004260325292397625,0.12842607821637422,-0.0028887975146198604,313.1041666666667,0.13026620370370365
har,APS,fixed_25,0.5,120,0.9037355896257312,2.4698108446321445,0.03592796686272363,0.0018001569028108023,0.053884140153321464,0.0030505547882849963,30.0,0.7500000000000004
har,APS,fixed_25,0.5,240,0.9009711829113474,2.422028425739748,0.03504583402445845,0.000369462345768445,0.020246517362910006,0.0020103750346764848,60.0,0.7500000000000004
har,APS,fixed_25,0.5,480,0.9002685211115481,2.404487298851949,0.03405229163753355,0.00021114160699393933,0.009817561586993716,0.0009974806860696267,120.0,0.7500000000000004
har,APS,fixed_25,0.5,960,0.8993384830123817,2.394229070532023,0.03401634415955428,-0.0004990799546429471,0.0013986102147995074,0.0009179667840240016,240.0,0.7500000000000004
har,APS,fixed_50,0.5,120,0.9036172439292268,2.4348548802992362,0.03319865540205557,0.0016818112063064113,0.018928175820413045,0.0003212433276169408,60.0,0.5000000000000002
har,APS,fixed_50,0.5,240,0.9002359371348763,2.405290756642724,0.03406874420363806,-0.00036578343070261225,0.003508848265885969,0.001033285213856095,120.0,0.5000000000000002
har,APS,fixed_50,0.5,480,0.9001988829645406,2.399380506461053,0.0333172049704758,0.00014150345998641394,0.00471076919609734,0.0002623940190118664,240.0,0.5000000000000002
har,APS,fixed_50,0.5,960,0.899637431820056,2.3937829266384134,0.033513253089621824,-0.00020013114696873063,0.000952466321189971,0.0004148757140915407,480.0,0.5000000000000002
har,APS,fixed_75,0.5,120,0.9024998195206473,2.4216247708645073,0.0330274350198074,0.0005643867977269139,0.0056980663856845215,0.00015002294536877548,90.0,0.2500000000000001
har,APS,fixed_75,0.5,240,0.9000577681517411,2.4012270502174897,0.03356771741802813,-0.0005439524138376849,-0.0005548581593481439,0.0005322584282461672,180.0,0.2500000000000001
har,APS,fixed_75,0.5,480,0.9001581015030894,2.39596859443997,0.033033037707000903,0.00010072199853515673,0.0012988571750141167,-2.1773244463025574e-05,360.0,0.2500000000000001
har,APS,fixed_75,0.5,960,0.9000095792885513,2.394537533112961,0.033033691645497756,0.00017201632152654173,0.0017070727957377311,-6.468573003252551e-05,720.0,0.2500000000000001
har,APS,full_reference,0.5,120,0.9019354327229203,2.415926704478823,0.032877412074438624,0.0,0.0,0.0,120.0,0.0
har,APS,full_reference,0.5,240,0.9006017205655789,2.401781908376838,0.033035458989781954,0.0,0.0,0.0,240.0,0.0
har,APS,full_reference,0.5,480,0.9000573795045543,2.3946697372649557,0.033054810951463925,0.0,0.0,0.0,480.0,0.0
har,APS,full_reference,0.5,960,0.8998375629670247,2.3928304603172235,0.03309837737553028,0.0,0.0,0.0,960.0,0.0
har,APS,horizon,0.1,120,0.902376397073077,2.418792914735734,0.032694695305240315,0.00044096435015673945,0.0028662102569109687,-0.00018271676919830388,117.88333333333334,0.017638888888888832
har,APS,horizon,0.1,240,0.9034227488869686,2.414906449248276,0.03162703412803242,0.0028210283213897028,0.013124540871438094,-0.0014084248617495132,230.9,0.03791666666666665
har,APS,horizon,0.1,480,0.9070384823633661,2.4308920574502655,0.029370627442881842,0.006981102858811921,0.03622232018530997,-0.0036841835085820573,440.43333333333334,0.0824305555555555
har,APS,horizon,0.1,960,0.9082562113904105,2.4396389583257876,0.0286409613917359,0.008418648423385827,0.04680849800856432,-0.004457415983794359,826.4833333333333,0.13907986111111106
har,APS,horizon,0.25,120,0.9113120728156812,2.4673319289540565,0.028060319414047206,0.009376640092760869,0.05140522447523334,-0.004817092660391388,105.0,0.12499999999999996
har,APS,horizon,0.25,240,0.9173039773341785,2.496879545499785,0.02447664953642091,0.016702256768599464,0.09509763712294692,-0.008558809453361014,192.06666666666666,0.1997222222222222
har,APS,horizon,0.25,480,0.9199537623549603,2.5117081492115556,0.023143524630049143,0.019896382850406017,0.1170384119466004,-0.009911286321414761,332.81666666666666,0.30663194444444447
har,APS,horizon,0.25,960,0.9210150855265152,2.518963756499582,0.022528120419541994,0.021177522559490514,0.12613329618235852,-0.010570256955988261,550.1666666666666,0.42690972222222223
har,APS,horizon,0.5,120,0.9303675496228462,2.6009414849900816,0.01928096009364299,0.0284321168999258,0.18501478051125866,-0.01359645198079561,81.98333333333333,0.3168055555555556
har,APS,horizon,0.5,240,0.9351098777764089,2.6283326995769656,0.01657748028430344,0.03450815721082989,0.22655079120012778,-0.01645797870547849,136.0,0.4333333333333334
har,APS,horizon,0.5,480,0.9367084592879135,2.6347997331823105,0.01595204599350408,0.03665107978335912,0.24012999591735493,-0.01710276495795983,205.68333333333334,0.5714930555555556
har,APS,horizon,0.5,960,0.9375712376553597,2.641174578004877,0.015355450287047514,0.037733674688334884,0.24834411768765396,-0.017742927088482748,291.43333333333334,0.6964236111111112
har,APS,horizon,1.0,120,0.9522005173435668,2.807975525203195,0.011175132114256995,0.050265084620646355,0.39204882072437197,-0.021702279960181602,57.25,0.5229166666666669
har,APS,horizon,1.0,240,0.9546589481133372,2.826749545839654,0.009768086054502653,0.05405722754775803,0.4249676374628158,-0.023267372935279283,81.41666666666667,0.660763888888889
har,APS,horizon,1.0,480,0.9584649978739194,2.862214211414352,0.008565758911597594,0.058407618369364894,0.46754447414939637,-0.02448905203986631,107.01666666666667,0.777048611111111
har,APS,horizon,1.0,960,0.9598265390986412,2.8725215891010127,0.008004393088208103,0.05998897613161649,0.47969112878378967,-0.025093984287322162,125.81666666666666,0.8689409722222221
har,APS,hypergeom,0.1,120,0.9024265440149544,2.418724483497965,0.032640457491567805,0.0004911112920341411,0.002797779019141699,-0.0002369545828708146,119.0,0.0083333333333333
har,APS,hypergeom,0.1,240,0.9032502369582461,2.4142175444823435,0.03170519510880881,0.0026485163926671263,0.012435636105505694,-0.0013302638809731195,233.63333333333333,0.026527777777777737
har,APS,hypergeom,0.1,480,0.9067516885436305,2.428610127843869,0.029470968789362048,0.006694309039076298,0.0339403905789134,-0.003583842162101855,454.23333333333335,0.053680555555555495
har,APS,hypergeom,0.1,960,0.9084615032120412,2.440654857206382,0.028496201109080112,0.008623940245016514,0.04782439688915907,-0.004602176266450144,865.6333333333333,0.09829861111111107
har,APS,hypergeom,0.25,120,0.9113212231478761,2.4663851204652776,0.028071286430920415,0.009385790424955815,0.05045841598645448,-0.004806125643518183,109.93333333333334,0.08388888888888882
har,APS,hypergeom,0.25,240,0.9177959466853265,2.499801246174961,0.02417667094760787,0.01719422611974764,0.0980193377981229,-0.00885878804217405,202.26666666666668,0.1572222222222222
har,APS,hypergeom,0.25,480,0.9208354048300106,2.5164137309858474,0.022687179794791505,0.020778025325456254,0.12174399372089167,-0.010367631156672396,366.75,0.2359375
har,APS,hypergeom,0.25,960,0.9213241376526715,2.5213014999732883,0.022315248108972167,0.021486574685646836,0.12847103965606493,-0.010783129266558092,628.5833333333334,0.3452256944444444
har,APS,hypergeom,0.5,120,0.9312986789017539,2.6028199252880246,0.018751129294244866,0.029363246178833523,0.18689322080920154,-0.014126282780193731,92.11666666666666,0.23236111111111107
har,APS,hypergeom,0.5,240,0.936315776380852,2.6360546076457863,0.015977147732886946,0.03571405581527295,0.23427269926894803,-0.017058311256894988,152.78333333333333,0.36340277777777785
har,APS,hypergeom,0.5,480,0.9387996594923719,2.6507723844799664,0.014876213313498995,0.038742279987817534,0.2561026472150108,-0.01817859763796491,243.88333333333333,0.49190972222222223
har,APS,hypergeom,0.5,960,0.9386828167326299,2.6473095152212704,0.014747980808124958,0.03884525376560516,0.2544790549040474,-0.018350396567405305,357.95,0.6271354166666667
har,APS,hypergeom,1.0,120,0.9544018328220206,2.8290548591391893,0.009999632944967524,0.05246640009910024,0.4131281546603663,-0.02287777912947108,71.01666666666667,0.40819444444444464
har,APS,hypergeom,1.0,240,0.9592984897264464,2.8708446914785473,0.0082546590763752,0.05869676916086731,0.46906278310170924,-0.02478079991340674,96.35,0.5985416666666669
har,APS,hypergeom,1.0,480,0.9600160345007713,2.874408565257941,0.007870590898620106,0.05995865499621696,0.47973882799298545,-0.025184220052843806,132.0,0.725
har,APS,hypergeom,1.0,960,0.9620248331821588,2.89325761873872,0.007280044793267858,0.06218727021513406,0.5004271584214965,-0.025818332582262408,162.93333333333334,0.8302777777777777
har,APS,martingale,0.1,120,0.9019837524342162,2.416181615460826,0.032856690700075276,4.831971129595e-05,0.00025491098200315334,-2.0721374363349443e-05,119.91666666666667,0.0006944444444444367
har,APS,martingale,0.1,240,0.901638439714186,2.406695537607277,0.032554099757819165,0.0010367191486070578,0.004913629230439041,-0.00048135923196277505,238.11666666666667,0.007847222222222196
har,APS,martingale,0.1,480,0.906141036428621,2.424754710823907,0.02985077711241337,0.0060836569240666815,0.030084973558951202,-0.003204033839050533,463.8666666666667,0.03361111111111105
har,APS,martingale,0.1,960,0.9086560973387675,2.4404960880649824,0.028371417603891072,0.008818534371742726,0.04766562774775907,-0.004726959771639189,894.0666666666667,0.06868055555555554
har,APS,martingale,0.25,120,0.9058339625578805,2.4383032162222418,0.03096784726373834,0.0038985298349602992,0.022376511743418363,-0.0019095648107002637,116.83333333333333,0.02638888888888884
har,APS,martingale,0.25,240,0.9172492306972516,2.4937592829091746,0.024559703375721054,0.016647510131672694,0.09197737453233666,-0.008475755614060877,218.15,0.09104166666666662
har,APS,martingale,0.25,480,0.9218307604308391,2.5218655470149702,0.022251933464075682,0.02177338092628488,0.12719580975001482,-0.01080287748738822,396.81666666666666,0.1732986111111111
har,APS,martingale,0.25,960,0.9220262524900992,2.5254589086448207,0.022000147715009803,0.022188689523074456,0.13262844832759751,-0.011098229660520459,689.6833333333333,0.2815798611111111
har,APS,martingale,0.5,120,0.9279127556086103,2.580206325920314,0.020845419460140364,0.025977322885690008,0.16427962144149086,-0.012031992614298234,102.76666666666667,0.14361111111111105
har,APS,martingale,0.5,240,0.9386116529755631,2.652284869841719,0.015022605364014575,0.03800993240998413,0.2505029614648808,-0.018012853625767357,175.83333333333334,0.26736111111111116
har,APS,martingale,0.5,480,0.9398372314191552,2.6572366768860256,0.014319560031046018,0.039779851914600914,0.26256693962107014,-0.01873525092041789,282.06666666666666,0.4123611111111112
har,APS,martingale,0.5,960,0.9394943903107466,2.6541337176008564,0.014390638304958073,0.039656827343721786,0.26130325728363296,-0.018707739070572185,409.05,0.57390625
har,APS,martingale,1.0,120,0.9599623236244261,2.8855143821396685,0.008234553731875729,0.058026890901505736,0.4695876776608452,-0.024642858342562877,79.88333333333334,0.33430555555555563
har,APS,martingale,1.0,240,0.96188251611679,2.8968461978269486,0.007305106360232679,0.061280795551210944,0.49506428945011083,-0.025730352629549265,117.3,0.5112500000000001
har,APS,martingale,1.0,480,0.9627707012517285,2.9064611649190946,0.007036984006362829,0.0627133217471741,0.5117914276541389,-0.02601782694510108,152.45,0.6823958333333334
har,APS,martingale,1.0,960,0.9626185512157954,2.90049989317544,0.007044815138801255,0.0627809882487705,0.5076694328582168,-0.02605356223672901,178.75,0.8138020833333331
har,APS,midpoint,0.5,120,0.8970365992681905,2.394891801761465,0.036021711403376865,-0.004898833454729902,-0.021034902717357994,0.003144299328938217,81.98333333333333,0.3168055555555556
har,APS,midpoint,0.5,240,0.8926037555334043,2.3651042362932326,0.038005787522358316,-0.007997965032174552,-0.03667767208360547,0.00497032853257634,136.0,0.4333333333333334
har,APS,midpoint,0.5,480,0.8898723670729856,2.346875370378979,0.03912343986101075,-0.010185012431568633,-0.04779436688597694,0.006068628909546807,205.68333333333334,0.5714930555555556
har,APS,midpoint,0.5,960,0.8884740283927828,2.3373018618056776,0.04015522352039664,-0.011363534574241769,-0.05552859851154557,0.007056846144866329,291.43333333333334,0.6964236111111112
har,APS,no_intersection,0.5,120,0.9302518943026514,2.600116428057079,0.01932174745158121,0.028316461579731167,0.1841897235782557,-0.013555664622857387,83.45,0.3045833333333334
har,APS,no_intersection,0.5,240,0.9350659937204905,2.628384430457878,0.01652965325714832,0.03446427315491144,0.22660252208103948,-0.01650580573263361,141.96666666666667,0.40847222222222224
har,APS,no_intersection,0.5,480,0.9368544119183155,2.63677400150889,0.015805155972463607,0.036797032413761234,0.24210426424393444,-0.017249654979000297,217.45,0.5469791666666667
har,APS,no_intersection,0.5,960,0.9376937619611301,2.6430041062551406,0.015298514291996974,0.03785619899410528,0.25017364593791724,-0.01779986308353329,311.3666666666667,0.6756597222222221
har,APS,one_look_50,0.5,120,0.9512063781758923,2.825065236269512,0.01161923220130202,0.049270945452971844,0.4091385317906889,-0.021258179873136582,60.0,0.5000000000000002
har,APS,one_look_50,0.5,240,0.9408024421633445,2.6998099451991826,0.01448235010217544,0.040200721597765526,0.29802803682234463,-0.018553108887606487,120.0,0.5000000000000002
har,APS,one_look_50,0.5,480,0.9248864116312938,2.5642380697178067,0.021127344694662015,0.02482903212673952,0.16956833245285088,-0.011927466256801892,240.0,0.5000000000000002
har,APS,one_look_50,0.5,960,0.9187255387367254,2.5176146157660932,0.023767487652703305,0.018887975769700607,0.12478415544887,-0.00933088972282695,480.0,0.5000000000000002
har,APS,sparse_checks,0.5,120,0.9237434102169295,2.5500704898214543,0.022545515528388873,0.02180797749400919,0.13414378534263102,-0.01033189654604972,86.75,0.2770833333333334
har,APS,sparse_checks,0.5,240,0.9271582185735535,2.56372820907678,0.020408969604147793,0.026556498007974442,0.16194630069994204,-0.012626489385634137,146.26666666666668,0.3905555555555556
har,APS,sparse_checks,0.5,480,0.9329138321693299,2.603675455801089,0.017643253701339616,0.0328564526647756,0.20900571853613314,-0.015411557250124283,216.83333333333334,0.5482638888888891
har,APS,sparse_checks,0.5,960,0.9352212936755512,2.6217828300828363,0.01630045793341017,0.03538373070852637,0.2289523697656132,-0.01679791944212009,309.1666666666667,0.6779513888888891
har,APS,uncorrected,0.5,120,0.9308559558455973,2.605324312465103,0.01911032292838042,0.028920523122676955,0.18939760798627994,-0.013767089146058176,81.16666666666667,0.3236111111111112
har,APS,uncorrected,0.5,240,0.9327664182346945,2.6130688514260387,0.017836883884844223,0.03216469766911559,0.21128694304920065,-0.015198575104937702,112.71666666666667,0.5303472222222223
har,APS,uncorrected,0.5,480,0.9338209711955174,2.6177820567926537,0.01749243091675926,0.03376359169096321,0.22311231952769836,-0.015562380034704643,145.45,0.6969791666666667
har,APS,uncorrected,0.5,960,0.934604317541621,2.6261377156846497,0.01716947792293699,0.03476675457459628,0.23330725536742633,-0.015928899452593268,172.8,0.8199999999999998
har,LAC,fixed_25,0.5,120,0.9050279026608931,1.0883165792783422,0.038896480182475435,0.001021898263404684,0.048422709584083595,0.0020427160938929654,30.0,0.7500000000000004
har,LAC,fixed_25,0.5,240,0.9043378496293218,1.0531416916907825,0.037457303358363246,0.00013647356441406938,0.018039180211164782,0.0014416516570036665,60.0,0.7500000000000004
har,LAC,fixed_25,0.5,480,0.9046823605259209,1.0415203943822293,0.03636026616549166,9.225503544402226e-05,0.008341176444791348,0.0006610484776321286,120.0,0.7500000000000004
har,LAC,fixed_25,0.5,960,0.905222542265739,1.0372648835138505,0.035517706217390595,6.018403067887891e-05,0.004511340317507029,0.000168275489557868,240.0,0.7500000000000004
har,LAC,fixed_50,0.5,120,0.9055511882351829,1.0550649584796397,0.037016436931627324,0.0015451838376945766,0.015171088785381105,0.00016267284304484475,60.0,0.5000000000000002
har,LAC,fixed_50,0.5,240,0.9041088300961714,1.0401594661850082,0.0363567841348275,-9.254596873630438e-05,0.00505695470539033,0.0003411324334679292,120.0,0.5000000000000002
har,LAC,fixed_50,0.5,480,0.9050108274995896,1.0371801917766128,0.035640080145185216,0.00042072200911266386,0.004000973839174773,-5.913754267429939e-05,240.0,0.5000000000000002
har,LAC,fixed_50,0.5,960,0.9052844219711444,1.0349940971761444,0.03525820567910978,0.00012206373608434158,0.0022405539798008418,-9.12250487229388e-05,480.0,0.5000000000000002
har,LAC,fixed_75,0.5,120,0.9046374605969005,1.0458324607540703,0.03700894051810093,0.0006314561994122322,0.005938591059811716,0.00015517642951845648,90.0,0.2500000000000001
har,LAC,fixed_75,0.5,240,0.9046861874905328,1.0382758334902868,0.036037600366426795,0.00048481142562503227,0.0031733220106691254,2.1948665067224397e-05,180.0,0.2500000000000001
har,LAC,fixed_75,0.5,480,0.9047830226680168,1.034220664130584,0.03568450086250859,0.00019291717753992162,0.001041446193146145,-1.4716825350927325e-05,360.0,0.2500000000000001
har,LAC,fixed_75,0.5,960,0.9051621210346852,1.0338344472483985,0.03533462711344886,-2.372003749383619e-07,0.0010809040520547305,-1.4803614383853842e-05,720.0,0.2500000000000001
har,LAC,full_reference,0.5,120,0.9040060043974883,1.0398938696942586,0.03685376408858247,0.0,0.0,0.0,120.0,0.0
har,LAC,full_reference,0.5,240,0.9042013760649078,1.0351025114796177,0.03601565170135957,0.0,0.0,0.0,240.0,0.0
har,LAC,full_reference,0.5,480,0.9045901054904768,1.033179217937438,0.03569921768785952,0.0,0.0,0.0,480.0,0.0
har,LAC,full_reference,0.5,960,0.9051623582350601,1.0327535431963435,0.035349430727832726,0.0,0.0,0.0,960.0,0.0
har,LAC,horizon,0.1,120,0.9125812259628824,1.0600204952275538,0.03228221801930354,0.008575221565394062,0.020126625533295053,-0.004571546069278903,106.45,0.11291666666666661
har,LAC,horizon,0.1,240,0.9205570237887543,1.0760777303896525,0.0275378404355045,0.016355647723846498,0.04097521891003462,-0.008477811265855045,193.03333333333333,0.19569444444444442
har,LAC,horizon,0.1,480,0.9233508081167798,1.081524157290189,0.02606424646904435,0.018760702626302972,0.04834493935275104,-0.009634971218815146,323.85,0.3253125
har,LAC,horizon,0.1,960,0.9248750817038812,1.0850498216550957,0.02518199006798378,0.019712723468821115,0.05229627845875203,-0.01016744065984892,526.85,0.4511979166666667
har,LAC,horizon,0.25,120,0.9356604851658525,1.1369335754528282,0.020762788351216966,0.03165448076836408,0.09703970575856971,-0.01609097573736548,76.61666666666666,0.3615277777777779
har,LAC,horizon,0.25,240,0.9419125932301194,1.1555948992204161,0.017736946119084124,0.037711217165211586,0.12049238774079846,-0.018278705582275432,121.18333333333334,0.4950694444444445
har,LAC,horizon,0.25,480,0.9435157510471465,1.1595511179733105,0.01723208261523159,0.03892564555666948,0.12637190003587256,-0.018467135072627917,170.6,0.6445833333333333
har,LAC,horizon,0.25,960,0.944849795996883,1.1636621207663091,0.016485200842260433,0.039687437761822826,0.1309085775699656,-0.01886422988557227,227.16666666666666,0.7633680555555555
har,LAC,horizon,0.5,120,0.9531058187149481,1.2385492440633463,0.013648544613879814,0.04909981431745975,0.1986553743690878,-0.023205219474702637,57.28333333333333,0.5226388888888891
har,LAC,horizon,0.5,240,0.9572387389476279,1.2630188181842263,0.011915200394937318,0.05303736288272002,0.22791630670460872,-0.02410045130642223,78.76666666666667,0.6718055555555557
har,LAC,horizon,0.5,480,0.9611854913157586,1.28483786876932,0.010606439873716008,0.05659538582528158,0.2516586508318821,-0.0250927778141435,100.78333333333333,0.7900347222222222
har,LAC,horizon,0.5,960,0.9624787793535632,1.2925884685214788,0.010120762414341946,0.05731642111850285,0.25983492532513525,-0.025228668313490764,114.71666666666667,0.8805034722222221
har,LAC,horizon,1.0,120,0.9648511196206582,1.392819220449989,0.009444880935079543,0.060845115223169516,0.3529253507557303,-0.027408883153502907,46.56666666666667,0.6119444444444446
har,LAC,horizon,1.0,240,0.9635458803474665,1.370599301536115,0.009607489995650939,0.05934450428255845,0.3354967900564974,-0.026408161705708613,63.95,0.7335416666666671
har,LAC,horizon,1.0,480,0.9737001776590513,1.4903686834103484,0.00619560030856673,0.0691100721685742,0.4571894654729105,-0.029503617379292777,72.93333333333334,0.8480555555555552
har,LAC,horizon,1.0,960,0.9731980762094371,1.499955907198917,0.006245533363547694,0.06803571797437685,0.4672023640025736,-0.02910389736428502,76.31666666666666,0.9205034722222222
har,LAC,hypergeom,0.1,120,0.9119190011907659,1.0580629142723625,0.03259429731165892,0.007912996793277458,0.01816904457810395,-0.0042594667769235185,110.9,0.07583333333333325
har,LAC,hypergeom,0.1,240,0.9205569728771998,1.0755580977849335,0.027487262212788376,0.016355596812292112,0.040455586305315656,-0.008528389488571169,202.46666666666667,0.15638888888888886
har,LAC,hypergeom,0.1,480,0.9245016760443162,1.0844772429551934,0.025451429664057133,0.019911570553839308,0.05129802501775539,-0.010247788023802365,359.6166666666667,0.25079861111111107
har,LAC,hypergeom,0.1,960,0.9250460715391781,1.084893810732889,0.025069328952271885,0.019883713304117964,0.05214026753654534,-0.010280101775560813,605.7166666666667,0.36904513888888885
har,LAC,hypergeom,0.25,120,0.9371852584074688,1.1404067494589505,0.01994677697041839,0.03317925400998031,0.10051287976469207,-0.01690698711816406,88.3,0.26416666666666666
har,LAC,hypergeom,0.25,240,0.9432648337953675,1.159188702151972,0.017006277770520124,0.0390634577304597,0.12408619067235431,-0.019009373930839426,139.15,0.4202083333333334
har,LAC,hypergeom,0.25,480,0.9457286502859115,1.1675881582360832,0.016255029771451577,0.04113854479543458,0.13440894029864522,-0.01944418791640793,206.48333333333332,0.5698263888888889
har,LAC,hypergeom,0.25,960,0.945990155502037,1.1670572124196439,0.0159590941407004,0.04082779726697683,0.1343036692233004,-0.01939033658713231,280.76666666666665,0.7075347222222222
har,LAC,hypergeom,0.5,120,0.955213593291628,1.2521681436985992,0.012773753592096777,0.05120758889413953,0.2122742740043407,-0.024080010496485674,70.86666666666666,0.4094444444444446
har,LAC,hypergeom,0.5,240,0.9610176585784783,1.2837078299527005,0.010599006263328327,0.05681628251357049,0.24860531847308287,-0.025416645438031224,95.51666666666667,0.602013888888889
har,LAC,hypergeom,0.5,480,0.9634089601343941,1.3002041342664994,0.009656684410885807,0.058818854643917055,0.26702491632906145,-0.026042533276973704,124.71666666666667,0.740173611111111
har,LAC,hypergeom,0.5,960,0.9647480085409474,1.3069553320682523,0.009293665253360802,0.059585650305887146,0.2742017888719087,-0.026055765474471908,148.36666666666667,0.8454513888888887
har,LAC,hypergeom,1.0,120,0.9631467392483062,1.3708170131594994,0.010034144030249322,0.059140734850817694,0.33092314346524115,-0.02681962005833313,62.5,0.4791666666666669
har,LAC,hypergeom,1.0,240,0.9731274003204748,1.4870766319648507,0.006220099363536537,0.06892602425556695,0.4519741204852329,-0.02979555233782302,71.91666666666667,0.7003472222222226
har,LAC,hypergeom,1.0,480,0.9752564835917181,1.5072727305361844,0.0055752136688059705,0.07066637810124098,0.47409351259874644,-0.030124004019053536,93.16666666666667,0.805902777777778
har,LAC,hypergeom,1.0,960,0.9766202973716424,1.5454637939399933,0.005058355398967215,0.07145793913658206,0.5127102507436498,-0.030291075328865498,101.06666666666666,0.8947222222222221
har,LAC,martingale,0.1,120,0.9066796612151338,1.0458098543507013,0.03545290794670426,0.0026736568176453676,0.005915984656442607,-0.00140085614187819,117.73333333333333,0.018888888888888837
har,LAC,martingale,0.1,240,0.9192395398358754,1.0712410576709501,0.028170094507121678,0.015038163770967653,0.036138546191332395,-0.007845557194237868,219.58333333333334,0.0850694444444444
har,LAC,martingale,0.1,480,0.925022041157209,1.0854528486356425,0.025009080807287854,0.020431935666732095,0.05227363069820439,-0.010690136880571645,394.3833333333333,0.1783680555555555
har,LAC,martingale,0.1,960,0.9256148670327345,1.086446637395472,0.024781324043136863,0.020452508797674386,0.05369309419912844,-0.010568106684695837,669.6333333333333,0.30246527777777776
har,LAC,martingale,0.25,120,0.9333538739318767,1.129910514589138,0.021675976884051935,0.02934786953438834,0.0900166448948794,-0.015177787204530505,101.3,0.15583333333333327
har,LAC,martingale,0.25,240,0.9455958547092299,1.1692460284366522,0.0160075751853253,0.041394478644322004,0.1341435169570344,-0.020008076516034253,164.55,0.314375
har,LAC,martingale,0.25,480,0.946750716070376,1.1710234030088797,0.015705182886062666,0.042160610579899,0.13784418507144186,-0.01999403480179684,243.83333333333334,0.492013888888889
har,LAC,martingale,0.25,960,0.9468613443900504,1.1707049755084333,0.015661991458489247,0.04169898615499015,0.13795143231208978,-0.019687439269343462,322.9166666666667,0.6636284722222222
har,LAC,martingale,0.5,120,0.9578643564301251,1.2740844682779673,0.011912845977117744,0.05385835203263671,0.23419059858370883,-0.02494091811146471,82.2,0.3150000000000001
har,LAC,martingale,0.5,240,0.9634070923890156,1.300345092609176,0.009765521061801834,0.059205716324107684,0.2652425811295584,-0.026250130639557723,117.3,0.51125
har,LAC,martingale,0.5,480,0.9655471253585048,1.3171822613554465,0.009040484057180848,0.06095701986802784,0.28400304341800864,-0.02665873363067866,144.41666666666666,0.6991319444444445
har,LAC,martingale,0.5,960,0.9654249951777112,1.3150319240262052,0.009074213350541375,0.06026263694265086,0.2822783808298616,-0.026275217377291337,159.86666666666667,0.8334722222222221
har,LAC,martingale,1.0,120,0.9714250050875667,1.4730214368124426,0.0071168341290473915,0.06741900069007814,0.43312756711818406,-0.02973692995953506,68.76666666666667,0.4269444444444446
har,LAC,martingale,1.0,240,0.975028956095586,1.5097386841723868,0.005403471751386919,0.07082758003067807,0.47463617269276903,-0.030612179949972635,92.68333333333334,0.6138194444444446
har,LAC,martingale,1.0,480,0.9774288813176422,1.5479281094106512,0.004780085651272934,0.07283877582716498,0.5147488914732133,-0.030919132036586576,98.88333333333334,0.7939930555555557
har,LAC,martingale,1.0,960,0.9768108658404703,1.5490894776514665,0.004987260175855341,0.07164850760540993,0.5163359344551229,-0.030362170551977374,102.6,0.8931249999999997
har,LAC,midpoint,0.5,120,0.9077424306403202,1.0399105540700728,0.033180369952443015,0.003736426242831829,1.6684375814161822e-05,-0.003673394136139445,57.28333333333333,0.5226388888888891
har,LAC,midpoint,0.5,240,0.9068766618770954,1.0353420931567967,0.033063682658007215,0.0026752858121876642,0.00023958167717887113,-0.0029519690433523513,78.76666666666667,0.6718055555555557
har,LAC,midpoint,0.5,480,0.9066124609458132,1.033163069842666,0.033030917615213026,0.002022355455336402,-1.6148094772235942e-05,-0.0026683000726464906,100.78333333333333,0.7900347222222222
har,LAC,midpoint,0.5,960,0.9053412184935092,1.0294009831618274,0.033462526320543536,0.00017886025844908785,-0.0033525600345162753,-0.0018869044072891833,114.71666666666667,0.8805034722222221
har,LAC,no_intersection,0.5,120,0.952874536339169,1.236499649165631,0.013709498810640706,0.0488685319416804,0.19660577947137262,-0.023144265277941747,57.56666666666667,0.5202777777777778
har,LAC,no_intersection,0.5,240,0.956980004435958,1.2600489326446602,0.012011532321781216,0.0527786283710501,0.22494642116504251,-0.024004119379578335,79.73333333333333,0.6677777777777779
har,LAC,no_intersection,0.5,480,0.9609295854351981,1.281431077784318,0.01073081541387209,0.05633947994472101,0.24825185984688009,-0.024968402273987417,102.2,0.7870833333333332
har,LAC,no_intersection,0.5,960,0.962088766121314,1.2888858387880477,0.010272958348683794,0.0569264078862537,0.2561322955917043,-0.025076472379148916,117.13333333333334,0.8779861111111111
har,LAC,one_look_50,0.5,120,0.9518370673037709,1.2982915764639216,0.014146825384183138,0.047831062906282425,0.2583977067696631,-0.02270693870439931,60.0,0.5000000000000002
har,LAC,one_look_50,0.5,240,0.9432713417868126,1.1828920903892326,0.01739784242287098,0.03906996572190483,0.14778957890961486,-0.018617809278488568,120.0,0.5000000000000002
har,LAC,one_look_50,0.5,480,0.9278766969593785,1.1048670582659799,0.024557783722838965,0.02328659146890153,0.07168784032854182,-0.011141433965020535,240.0,0.5000000000000002
har,LAC,one_look_50,0.5,960,0.9223886972955484,1.0828220048251964,0.02697516581501787,0.01722633906048826,0.05006846162885285,-0.008374264912814833,480.0,0.5000000000000002
har,LAC,sparse_checks,0.5,120,0.952112271738501,1.2325213389849035,0.01413370815070736,0.048106267341012615,0.19262746929064484,-0.022720055937875086,57.81666666666667,0.5181944444444445
har,LAC,sparse_checks,0.5,240,0.955678978158487,1.2490826107970974,0.012731535872037097,0.05147760209357917,0.21398009931747955,-0.02328411582932245,74.78333333333333,0.688402777777778
har,LAC,sparse_checks,0.5,480,0.9584630250637807,1.263713998500927,0.011733927348744474,0.05387291957330377,0.23053478056348914,-0.02396529033911503,95.58333333333333,0.8008680555555557
har,LAC,sparse_checks,0.5,960,0.959377190000599,1.2702225293448006,0.011259892893342083,0.054214831765538714,0.2374689861484571,-0.024089537834490624,114.85,0.8803645833333332
har,LAC,uncorrected,0.5,120,0.9532327263403163,1.2399844100609045,0.013625332946080324,0.049226721942827775,0.20009054036664595,-0.023228431142502125,57.13333333333333,0.5238888888888891
har,LAC,uncorrected,0.5,240,0.9566142318715145,1.2595172878476897,0.012417414837435477,0.05241285580660666,0.22441477636807194,-0.023598236863924076,64.26666666666667,0.7322222222222226
har,LAC,uncorrected,0.5,480,0.9556631937681803,1.2547466180655538,0.013149476639104051,0.051073088277703356,0.2215674001281159,-0.022549741048755456,67.93333333333334,0.8584722222222223
har,LAC,uncorrected,0.5,960,0.9563504004249546,1.2596387798534212,0.012601146923713261,0.05118804218989435,0.22688523665707777,-0.022748283804119446,72.21666666666667,0.9247743055555554
mhealth,APS,fixed_25,0.5,120,0.9014144912576293,4.605462913108407,0.037715658439017336,-0.00028041311135495176,0.1845503481236876,0.004018477465088556,30.0,0.7500000000000004
mhealth,APS,fixed_25,0.5,240,0.9013851483306118,4.457556677798406,0.03560790270649543,-0.0002435305185804119,0.06724364867260159,0.002797037622170597,60.0,0.7500000000000004
mhealth,APS,fixed_25,0.5,480,0.9035711776860117,4.44854482364055,0.03247039617870832,0.0016421072139892535,0.06385440743727737,0.00023628343603206037,120.0,0.7500000000000004
mhealth,APS,fixed_25,0.5,960,0.9035711776860117,4.44854482364055,0.03247039617870832,0.0016421072139892535,0.06385440743727737,0.00023628343603206037,120.0,0.7500000000000004
mhealth,APS,fixed_50,0.5,120,0.9025236028236174,4.486545855165601,0.03432167222454651,0.0008286984546331899,0.06563329018088128,0.000624491250617745,60.0,0.5000000000000002
mhealth,APS,fixed_50,0.5,240,0.9019372887742235,4.42314375763261,0.033680124669487325,0.0003086099250312717,0.03283072850680522,0.0008692595851625066,120.0,0.5000000000000002
mhealth,APS,fixed_50,0.5,480,0.9022998942719341,4.395024014372475,0.03234112756998272,0.0003708237999117398,0.010333598169202445,0.00010701482730645625,240.0,0.5000000000000002
mhealth,APS,fixed_50,0.5,960,0.9022998942719341,4.395024014372475,0.03234112756998272,0.0003708237999117398,0.010333598169202445,0.00010701482730645625,240.0,0.5000000000000002
mhealth,APS,fixed_75,0.5,120,0.9018011481249901,4.4502868608426756,0.033789134159935834,0.00010624375600586001,0.029374295857955306,9.19531860070839e-05,90.0,0.2500000000000001
mhealth,APS,fixed_75,0.5,240,0.9021800904353008,4.406945300321207,0.032939350171036975,0.0005514115861085418,0.016632271195402525,0.00012848508671215827,180.0,0.2500000000000001
mhealth,APS,fixed_75,0.5,480,0.9016138548209451,4.381127285931645,0.032439013560421635,-0.00031521565107737705,-0.0035631302716270918,0.00020490081774537857,360.0,0.2500000000000001
mhealth,APS,fixed_75,0.5,960,0.9016138548209451,4.381127285931645,0.032439013560421635,-0.00031521565107737705,-0.0035631302716270918,0.00020490081774537857,360.0,0.2500000000000001
mhealth,APS,full_reference,0.5,120,0.9016949043689843,4.420912564984719,0.03369718097392876,0.0,0.0,0.0,120.0,0.0
mhealth,APS,full_reference,0.5,240,0.9016286788491922,4.390313029125804,0.03281086508432481,0.0,0.0,0.0,240.0,0.0
mhealth,APS,full_reference,0.5,480,0.9019290704720224,4.384690416203273,0.032234112742676256,0.0,0.0,0.0,480.0,0.0
mhealth,APS,full_reference,0.5,960,0.9019290704720224,4.384690416203273,0.032234112742676256,0.0,0.0,0.0,480.0,0.0
mhealth,APS,horizon,0.1,120,0.9016664605020048,4.420202725525572,0.03370450858783532,-2.8443866979498333e-05,-0.0007098394591476899,7.327613906559997e-06,119.71666666666667,0.0023611111111110864
mhealth,APS,horizon,0.1,240,0.9017408644454877,4.392260994692135,0.03277908793252133,0.00011218559629559334,0.0019479655663307619,-3.177715180348501e-05,237.95,0.008541666666666633
mhealth,APS,horizon,0.1,480,0.9026176464755177,4.39323229162449,0.03179106722486165,0.0006885760034953049,0.008541875421217813,-0.0004430455178145983,473.28333333333336,0.013993055555555503
mhealth,APS,horizon,0.1,960,0.9026176464755177,4.39323229162449,0.03179106722486165,0.0006885760034953049,0.008541875421217813,-0.0004430455178145983,473.28333333333336,0.013993055555555503
mhealth,APS,horizon,0.25,120,0.9021074275012679,4.427328317485621,0.033416405377759736,0.0004125231322837267,0.006415752500901626,-0.00028077559616900336,118.16666666666667,0.015277777777777727
mhealth,APS,horizon,0.25,240,0.9033938943735577,4.421305552829747,0.03185888007238795,0.0017652155243654281,0.0309925237039422,-0.00095198501193685,231.38333333333333,0.03590277777777775
mhealth,APS,horizon,0.25,480,0.9063850343330764,4.464460432967326,0.02926955704016437,0.004455963861053884,0.07977001676405283,-0.0029645557025118753,442.5833333333333,0.07795138888888882
mhealth,APS,horizon,0.25,960,0.9063850343330764,4.464460432967326,0.02926955704016437,0.004455963861053884,0.07977001676405283,-0.0029645557025118753,442.5833333333333,0.07795138888888882
mhealth,APS,horizon,0.5,120,0.9056018287136426,4.484681828954823,0.03143352986731313,0.003906924344658355,0.06376926397010428,-0.0022636511066156132,111.91666666666667,0.06736111111111105
mhealth,APS,horizon,0.5,240,0.9110638833766711,4.55672161414293,0.027376051651895963,0.009435204527478867,0.1664085850171256,-0.0054348134324288385,208.45,0.13145833333333332
mhealth,APS,horizon,0.5,480,0.9143333530128418,4.609581549168671,0.02463588742792845,0.012404282540819241,0.22489113296539825,-0.007598225314747786,372.28333333333336,0.2244097222222222
mhealth,APS,horizon,0.5,960,0.9143333530128418,4.609581549168671,0.02463588742792845,0.012404282540819241,0.22489113296539825,-0.007598225314747786,372.28333333333336,0.2244097222222222
mhealth,APS,horizon,1.0,120,0.9188505568388244,4.726862308709682,0.023466838741319974,0.017155652469840143,0.30594974372496236,-0.010230342232608762,92.58333333333333,0.22847222222222222
mhealth,APS,horizon,1.0,240,0.9242106118933824,4.8109274043905526,0.019834046648905746,0.02258193304419012,0.42061437526474815,-0.012976818435419054,159.7,0.33458333333333345
mhealth,APS,horizon,1.0,480,0.9269030582523706,4.857637295661137,0.017797300500817324,0.024973987780348088,0.47294687945786457,-0.01443681224185892,250.05,0.47906250000000006
mhealth,APS,horizon,1.0,960,0.9269030582523706,4.857637295661137,0.017797300500817324,0.024973987780348088,0.47294687945786457,-0.01443681224185892,250.05,0.47906250000000006
mhealth,APS,hypergeom,0.1,120,0.9017522890685591,4.42200012223076,0.03365775087847677,5.7384699574868336e-05,0.001087557246041205,-3.9430095451993335e-05,119.86666666666666,0.0011111111111111
mhealth,APS,hypergeom,0.1,240,0.9017947121622231,4.392820611836962,0.032719920023791656,0.00016603331303088003,0.002507582711157395,-9.094506053315334e-05,239.28333333333333,0.0029861111111110935
mhealth,APS,hypergeom,0.1,480,0.9023044403906191,4.389742343752141,0.032034383225713406,0.0003753699185966184,0.005051927548867003,-0.00019972951696285002,476.9,0.00645833333333329
mhealth,APS,hypergeom,0.1,960,0.9023044403906191,4.389742343752141,0.032034383225713406,0.0003753699185966184,0.005051927548867003,-0.00019972951696285002,476.9,0.00645833333333329
mhealth,APS,hypergeom,0.25,120,0.9019585667643297,4.425898706509793,0.033505678999329984,0.000263662395345395,0.004986141525073053,-0.0001915019745987667,119.06666666666666,0.00777777777777774
mhealth,APS,hypergeom,0.25,240,0.9032995830410787,4.418681169312061,0.03189573713662956,0.0016709041918865017,0.028368140186256104,-0.0009151279476952367,234.16666666666666,0.024305555555555514
mhealth,APS,hypergeom,0.25,480,0.9061572331915652,4.45737215691243,0.029428711758028192,0.004228162719542674,0.07268174070915748,-0.0028054009846480484,455.23333333333335,0.051597222222222176
mhealth,APS,hypergeom,0.25,960,0.9061572331915652,4.45737215691243,0.029428711758028192,0.004228162719542674,0.07268174070915748,-0.0028054009846480484,455.23333333333335,0.051597222222222176
mhealth,APS,hypergeom,0.5,120,0.9052306618745164,4.478788501218489,0.03150118939500098,0.0035357575055321353,0.0578759362337696,-0.0021959915789277603,114.6,0.04499999999999994
mhealth,APS,hypergeom,0.5,240,0.9111699372647213,4.558345208200838,0.027304611189951034,0.009541258415528966,0.16803217907503437,-0.005506253894373767,215.51666666666668,0.10201388888888886
mhealth,APS,hypergeom,0.5,480,0.9149008274980331,4.617530876624222,0.024354596745964765,0.012971757026010618,0.2328404604209492,-0.007879515996711472,400.6666666666667,0.16527777777777777
mhealth,APS,hypergeom,0.5,960,0.9149008274980331,4.617530876624222,0.024354596745964765,0.012971757026010618,0.2328404604209492,-0.007879515996711472,400.6666666666667,0.16527777777777777
mhealth,APS,hypergeom,1.0,120,0.9182248700050035,4.713506489850568,0.024012221912065233,0.01652996563601914,0.2925939248658483,-0.009684959061863504,101.11666666666666,0.157361111111111
mhealth,APS,hypergeom,1.0,240,0.9249065628726415,4.823172943516274,0.019397019015978074,0.02327788402344929,0.43285991439046956,-0.013413846068346716,174.63333333333333,0.27236111111111116
mhealth,APS,hypergeom,1.0,480,0.9276138775311882,4.87839455781853,0.017305498096770462,0.02568480705916568,0.49370414161525766,-0.014928614645905783,288.6,0.39875000000000005
mhealth,APS,hypergeom,1.0,960,0.9276138775311882,4.87839455781853,0.017305498096770462,0.02568480705916568,0.49370414161525766,-0.014928614645905783,288.6,0.39875000000000005
mhealth,APS,martingale,0.1,120,0.9016980138217205,4.420937080090351,0.03369718097392876,3.1094527363183333e-06,2.4515105631263334e-05,0.0,119.98333333333333,0.00013888888888888667
mhealth,APS,martingale,0.1,240,0.9016786373070127,4.391221660102588,0.032782310305770036,4.995845782056334e-05,0.0009086309767843716,-2.8554778554776666e-05,239.83333333333334,0.0006944444444444367
mhealth,APS,martingale,0.1,480,0.9021175213904129,4.387301483671865,0.03213379985254071,0.00018845091839053831,0.0026110674685928654,-0.00010031289013554,478.85,0.0023958333333333067
mhealth,APS,martingale,0.1,960,0.9021175213904129,4.387301483671865,0.03213379985254071,0.00018845091839053831,0.0026110674685928654,-0.00010031289013554,478.85,0.0023958333333333067
mhealth,APS,martingale,0.25,120,0.9017043510489547,4.421140776505298,0.033691793125983666,9.44667997049e-06,0.00022821152057816166,-5.387847945098333e-06,119.95,0.00041666666666665997
mhealth,APS,martingale,0.25,240,0.9023823964917664,4.4033525279191235,0.03240743957172638,0.0007537176425742749,0.013039498793318964,-0.0004034255125984303,238.15,0.007708333333333311
mhealth,APS,martingale,0.25,480,0.9058601568735537,4.4528499610028724,0.029692031915805123,0.0039310864015313345,0.06815954479959976,-0.002542080826871115,464.85,0.03156249999999996
mhealth,APS,martingale,0.25,960,0.9058601568735537,4.4528499610028724,0.029692031915805123,0.0039310864015313345,0.06815954479959976,-0.002542080826871115,464.85,0.03156249999999996
mhealth,APS,martingale,0.5,120,0.9024930524552867,4.4372931830211995,0.03320352927765421,0.0007981480863023633,0.016380618036480516,-0.00049365169627454,118.86666666666666,0.009444444444444412
mhealth,APS,martingale,0.5,240,0.9088194878403544,4.51745838525594,0.02878403762355764,0.0071908089911621054,0.12714535613013536,-0.004026827460767156,227.58333333333334,0.05173611111111107
mhealth,APS,martingale,0.5,480,0.9154401630429182,4.627890847464617,0.024136308957810413,0.01351109257089573,0.24320043126134533,-0.008097803784865831,425.78333333333336,0.11295138888888885
mhealth,APS,martingale,0.5,960,0.9154401630429182,4.627890847464617,0.024136308957810413,0.01351109257089573,0.24320043126134533,-0.008097803784865831,425.78333333333336,0.11295138888888885
mhealth,APS,martingale,1.0,120,0.9131932268763734,4.650099697426925,0.02733519414662858,0.01149832250738907,0.2291871324422054,-0.006361986827300163,109.93333333333334,0.08388888888888882
mhealth,APS,martingale,1.0,240,0.9260646452905356,4.83798757476157,0.018726498218112377,0.02443596644134324,0.44767454563576586,-0.014084366866212426,197.13333333333333,0.17861111111111108
mhealth,APS,martingale,1.0,480,0.9286339169551006,4.8968920979353046,0.016555067426907762,0.02670484648307802,0.5122016817320314,-0.015679045315768483,327.8,0.3170833333333334
mhealth,APS,martingale,1.0,960,0.9286339169551006,4.8968920979353046,0.016555067426907762,0.02670484648307802,0.5122016817320314,-0.015679045315768483,327.8,0.3170833333333334
mhealth,APS,midpoint,0.5,120,0.9015230321844748,4.420729513151154,0.03389010229662493,-0.00017187218450943334,-0.00018305183356533242,0.00019292132269617453,111.91666666666667,0.06736111111111105
mhealth,APS,midpoint,0.5,240,0.9022923288850369,4.40191140710288,0.032472894396038926,0.0006636500358446699,0.011598377977075839,-0.0003379706882858876,208.45,0.13145833333333332
mhealth,APS,midpoint,0.5,480,0.9017790209864806,4.383553992624278,0.03232661582064734,-0.00015004948554191668,-0.0011364235789938768,9.2503077971075e-05,372.28333333333336,0.2244097222222222
mhealth,APS,midpoint,0.5,960,0.9017790209864806,4.383553992624278,0.03232661582064734,-0.00015004948554191668,-0.0011364235789938768,9.2503077971075e-05,372.28333333333336,0.2244097222222222
mhealth,APS,no_intersection,0.5,120,0.9051560932390864,4.477947387266597,0.03162341566318643,0.0034611888701021215,0.057034822281877305,-0.002073765310742315,113.88333333333334,0.05097222222222217
mhealth,APS,no_intersection,0.5,240,0.9109314762068424,4.555457133074886,0.027409950211910932,0.009302797357650182,0.16514410394908138,-0.005400914872413862,214.55,0.10604166666666665
mhealth,APS,no_intersection,0.5,480,0.9144635032795969,4.611459889306496,0.024564094862269403,0.012534432807574372,0.22676947310322235,-0.007670017880406838,386.6,0.1945833333333333
mhealth,APS,no_intersection,0.5,960,0.9144635032795969,4.611459889306496,0.024564094862269403,0.012534432807574372,0.22676947310322235,-0.007670017880406838,386.6,0.1945833333333333
mhealth,APS,one_look_50,0.5,120,0.9473794587708113,5.618506465312281,0.01128528679332756,0.045684554401826886,1.1975939003275613,-0.022411894180601178,60.0,0.5000000000000002
mhealth,APS,one_look_50,0.5,240,0.9376903646487796,5.269417517529687,0.014606506052363442,0.03606168579958724,0.8791044884038831,-0.018204359031961357,120.0,0.5000000000000002
mhealth,APS,one_look_50,0.5,480,0.922875064091997,4.8368498066473276,0.020846490576649817,0.020945993619974543,0.4521593904440548,-0.011387622166026424,240.0,0.5000000000000002
mhealth,APS,one_look_50,0.5,960,0.922875064091997,4.8368498066473276,0.020846490576649817,0.020945993619974543,0.4521593904440548,-0.011387622166026424,240.0,0.5000000000000002
mhealth,APS,sparse_checks,0.5,120,0.9027766295994014,4.439781610873066,0.03308265549054939,0.00108172523041711,0.018869045888345988,-0.0006145254833793613,116.51666666666667,0.02902777777777775
mhealth,APS,sparse_checks,0.5,240,0.9030025445534681,4.414455078886191,0.032154543386163685,0.001373865704275875,0.024142049760386506,-0.0006563216981611169,226.41666666666666,0.05659722222222219
mhealth,APS,sparse_checks,0.5,480,0.9058836768316667,4.455336495555136,0.030091058618412953,0.003954606359644187,0.07064607935186297,-0.0021430541242632916,421.5,0.121875
mhealth,APS,sparse_checks,0.5,960,0.9058836768316667,4.455336495555136,0.030091058618412953,0.003954606359644187,0.07064607935186297,-0.0021430541242632916,421.5,0.121875
mhealth,APS,uncorrected,0.5,120,0.9063564643031279,4.494945150603971,0.030869858367003136,0.0046615599341436114,0.07403258561925118,-0.0028273226069256067,111.0,0.07499999999999994
mhealth,APS,uncorrected,0.5,240,0.9118419479998568,4.5697534108553945,0.0268124581422998,0.010213269150664525,0.17944038172958976,-0.005998406942024993,187.56666666666666,0.2184722222222222
mhealth,APS,uncorrected,0.5,480,0.9129536456596151,4.5902665294241185,0.025615297189369942,0.011024575187592672,0.2055761132208462,-0.006618815553306298,296.6333333333333,0.38201388888888893
mhealth,APS,uncorrected,0.5,960,0.9129536456596151,4.5902665294241185,0.025615297189369942,0.011024575187592672,0.2055761132208462,-0.006618815553306298,296.6333333333333,0.38201388888888893
mhealth,LAC,fixed_25,0.5,120,0.895291520918089,1.7305557563346095,0.037067383878807515,0.003897642119604683,0.22890844235442132,0.001776398253732059,30.0,0.7500000000000004
mhealth,LAC,fixed_25,0.5,240,0.8897078144426823,1.5265784691181983,0.038073139259427034,0.0001733963956771617,0.07350165845784894,0.0027657923369189914,60.0,0.7500000000000004
mhealth,LAC,fixed_25,0.5,480,0.890926636605029,1.4947094480919134,0.035178049710203656,7.230461848496661e-05,0.05392661129122192,0.00222426734907744,120.0,0.7500000000000004
mhealth,LAC,fixed_25,0.5,960,0.890926636605029,1.4947094480919134,0.035178049710203656,7.230461848496661e-05,0.05392661129122192,0.00222426734907744,120.0,0.7500000000000004
mhealth,LAC,fixed_50,0.5,120,0.8911206739306908,1.549274208491842,0.037101411043669354,-0.0002732048677935168,0.04762689451165402,0.0018104254185938918,60.0,0.5000000000000002
mhealth,LAC,fixed_50,0.5,240,0.886912045286964,1.4618700995579619,0.03874101230360518,-0.0026223727600411637,0.008793288897612416,0.003433665381097135,120.0,0.5000000000000002
mhealth,LAC,fixed_50,0.5,480,0.8898227604635063,1.446488696916304,0.03450887806582693,-0.0010315715230377416,0.00570586011561253,0.0015550957047007073,240.0,0.5000000000000002
mhealth,LAC,fixed_50,0.5,960,0.8898227604635063,1.446488696916304,0.03450887806582693,-0.0010315715230377416,0.00570586011561253,0.0015550957047007073,240.0,0.5000000000000002
mhealth,LAC,fixed_75,0.5,120,0.8927999870824277,1.5159867632872983,0.034973243284803085,0.0014061082839433917,0.014339449307110253,-0.00031774234027236723,90.0,0.2500000000000001
mhealth,LAC,fixed_75,0.5,240,0.8894886766190992,1.4557896948480533,0.035862075863633054,-4.574142790588503e-05,0.002712884187704017,0.0005547289411250262,180.0,0.2500000000000001
mhealth,LAC,fixed_75,0.5,480,0.8900260309641473,1.4473639116094326,0.03391810384710293,-0.0008283010223967401,0.006581074808741014,0.0009643214859767069,360.0,0.2500000000000001
mhealth,LAC,fixed_75,0.5,960,0.8900260309641473,1.4473639116094326,0.03391810384710293,-0.0008283010223967401,0.006581074808741014,0.0009643214859767069,360.0,0.2500000000000001
mhealth,LAC,full_reference,0.5,120,0.8913938787984842,1.5016473139801882,0.03529098562507546,0.0,0.0,0.0,120.0,0.0
mhealth,LAC,full_reference,0.5,240,0.8895344180470052,1.453076810660349,0.03530734692250803,0.0,0.0,0.0,240.0,0.0
mhealth,LAC,full_reference,0.5,480,0.8908543319865441,1.4407828368006916,0.03295378236112621,0.0,0.0,0.0,480.0,0.0
mhealth,LAC,full_reference,0.5,960,0.8908543319865441,1.4407828368006916,0.03295378236112621,0.0,0.0,0.0,480.0,0.0
mhealth,LAC,horizon,0.1,120,0.8937086702912604,1.5072238008945469,0.03349857123634544,0.00231479149277613,0.005576486914358816,-0.0017924143887300046,114.53333333333333,0.04555555555555551
mhealth,LAC,horizon,0.1,240,0.8948906178628753,1.4702073967748213,0.03183750574500652,0.005356199815870068,0.017130586114471977,-0.003469841177501494,221.28333333333333,0.07798611111111109
mhealth,LAC,horizon,0.1,480,0.8979260926368071,1.470782573705941,0.02873631513826266,0.00707176065026305,0.029999736905249666,-0.0042174672228635374,417.55,0.13010416666666663
mhealth,LAC,horizon,0.1,960,0.8979260926368071,1.470782573705941,0.02873631513826266,0.00707176065026305,0.029999736905249666,-0.0042174672228635374,417.55,0.13010416666666663
mhealth,LAC,horizon,0.25,120,0.903598198753701,1.5482388747315337,0.027715047445144834,0.012204319955216666,0.04659156075134542,-0.007575938179930599,100.13333333333334,0.16555555555555557
mhealth,LAC,horizon,0.25,240,0.9074934201129985,1.5367058243774558,0.024482379627270512,0.0179590020659932,0.08362901371710649,-0.010824967295237497,181.03333333333333,0.24569444444444447
mhealth,LAC,horizon,0.25,480,0.910855760542156,1.5520425479914772,0.02203146178600503,0.020001428555611957,0.1112597111907856,-0.01092232057512117,311.81666666666666,0.3503819444444444
mhealth,LAC,horizon,0.25,960,0.910855760542156,1.5520425479914772,0.02203146178600503,0.020001428555611957,0.1112597111907856,-0.01092232057512117,311.81666666666666,0.3503819444444444
mhealth,LAC,horizon,0.5,120,0.9182476832423275,1.6431558143031084,0.01907796109225722,0.026853804443843214,0.14150850032292045,-0.01621302453281821,83.33333333333333,0.3055555555555556
mhealth,LAC,horizon,0.5,240,0.9223773537544597,1.651379440038286,0.016090267320625226,0.03284293570745443,0.1983026293779365,-0.01921707960188279,140.46666666666667,0.4147222222222223
mhealth,LAC,horizon,0.5,480,0.9259646398880879,1.6828151349440477,0.013264746305527307,0.03511030790154372,0.24203229814335614,-0.019689036055598897,219.25,0.5432291666666667
mhealth,LAC,horizon,0.5,960,0.9259646398880879,1.6828151349440477,0.013264746305527307,0.03511030790154372,0.24203229814335614,-0.019689036055598897,219.25,0.5432291666666667
mhealth,LAC,horizon,1.0,120,0.9351169691488331,1.837951854812966,0.011222537184217955,0.043723090350348735,0.3363045408327777,-0.02406844844085748,66.53333333333333,0.4455555555555557
mhealth,LAC,horizon,1.0,240,0.9364695940265229,1.8620094200050024,0.010501171479873873,0.046935175979517525,0.4089326093446531,-0.024806175442634144,103.65,0.5681250000000002
mhealth,LAC,horizon,1.0,480,0.9446648776561399,1.947668651594634,0.0069387303033122795,0.053810545669595755,0.5068858147939425,-0.026015052057813928,143.48333333333332,0.7010763888888888
mhealth,LAC,horizon,1.0,960,0.9446648776561399,1.947668651594634,0.0069387303033122795,0.053810545669595755,0.5068858147939425,-0.026015052057813928,143.48333333333332,0.7010763888888888
mhealth,LAC,hypergeom,0.1,120,0.8936307542920061,1.508367652096889,0.0335054815717721,0.0022368754935218117,0.006720338116700692,-0.0017855040533033479,116.7,0.02749999999999996
mhealth,LAC,hypergeom,0.1,240,0.8950679101277746,1.471027512272073,0.031650211342551735,0.005533492080769422,0.017950701611723706,-0.0036571355799562763,225.3,0.06124999999999998
mhealth,LAC,hypergeom,0.1,480,0.8980749351785534,1.4691494787503205,0.02864766486654717,0.007220603192009399,0.028366641949628978,-0.004306117494579028,437.26666666666665,0.08902777777777773
mhealth,LAC,hypergeom,0.1,960,0.8980749351785534,1.4691494787503205,0.02864766486654717,0.007220603192009399,0.028366641949628978,-0.004306117494579028,437.26666666666665,0.08902777777777773
mhealth,LAC,hypergeom,0.25,120,0.904227066710445,1.5507022245969275,0.027178109178710757,0.012833187911960649,0.04905491061673924,-0.008112876446364676,106.23333333333333,0.11472222222222217
mhealth,LAC,hypergeom,0.25,240,0.908458395117984,1.5395628467963707,0.023915344993154772,0.01892397707097876,0.08648603613602131,-0.011392001929353239,191.6,0.20166666666666666
mhealth,LAC,hypergeom,0.25,480,0.9118264665341258,1.555148448106707,0.02152597665625415,0.020972134547581588,0.1143656113060154,-0.011427805704872054,345.0833333333333,0.2810763888888889
mhealth,LAC,hypergeom,0.25,960,0.9118264665341258,1.555148448106707,0.02152597665625415,0.020972134547581588,0.1143656113060154,-0.011427805704872054,345.0833333333333,0.2810763888888889
mhealth,LAC,hypergeom,0.5,120,0.9187474016092277,1.6463122329515485,0.018649600049510082,0.027353522810743405,0.14466491897136047,-0.01664138557556536,92.71666666666667,0.22736111111111115
mhealth,LAC,hypergeom,0.5,240,0.9244570432336608,1.6620789367771196,0.014808206058587374,0.03492262518665565,0.20900212611677033,-0.02049914086392064,154.26666666666668,0.3572222222222222
mhealth,LAC,hypergeom,0.5,480,0.9274280011741859,1.69302963813665,0.01242197208213579,0.03657366918764179,0.25224680133595856,-0.02053181027899042,253.06666666666666,0.4727777777777778
mhealth,LAC,hypergeom,0.5,960,0.9274280011741859,1.69302963813665,0.01242197208213579,0.03657366918764179,0.25224680133595856,-0.02053181027899042,253.06666666666666,0.4727777777777778
mhealth,LAC,hypergeom,1.0,120,0.9341411086218457,1.8375286531026234,0.011278687080257204,0.042747229823361425,0.33588133912243523,-0.02401229854481824,79.95,0.3337500000000001
mhealth,LAC,hypergeom,1.0,240,0.9424864117717553,1.9083292662547928,0.008097798865958867,0.05295199372474999,0.45525245559444355,-0.02720954805654915,117.0,0.5125000000000001
mhealth,LAC,hypergeom,1.0,480,0.9464316833926699,1.965861436489275,0.006161453099646064,0.05557735140612574,0.5250785996885836,-0.026792329261480143,172.01666666666668,0.6416319444444445
mhealth,LAC,hypergeom,1.0,960,0.9464316833926699,1.965861436489275,0.006161453099646064,0.05557735140612574,0.5250785996885836,-0.026792329261480143,172.01666666666668,0.6416319444444445
mhealth,LAC,martingale,0.1,120,0.8921913406950869,1.5039824741143923,0.03456283971379382,0.0007974618966025834,0.0023351601342043466,-0.0007281459112816283,119.16666666666667,0.006944444444444423
mhealth,LAC,martingale,0.1,240,0.8937872597388582,1.4658669670895248,0.032368562681953525,0.004252841691853062,0.012790156429175555,-0.002938784240554488,233.28333333333333,0.02798611111111109
mhealth,LAC,martingale,0.1,480,0.8983878857827892,1.4685969945424882,0.02858027764096168,0.007533553796245031,0.027814157741796654,-0.004373504720164518,451.2,0.05999999999999996
mhealth,LAC,martingale,0.1,960,0.8983878857827892,1.4685969945424882,0.02858027764096168,0.007533553796245031,0.027814157741796654,-0.004373504720164518,451.2,0.05999999999999996
mhealth,LAC,martingale,0.25,120,0.9023932575667265,1.5391176323966247,0.028675945014644846,0.01099937876824217,0.03747031841643638,-0.006615040610430586,112.63333333333334,0.06138888888888883
mhealth,LAC,martingale,0.25,240,0.9080122816436608,1.5314536572627937,0.024347974591074004,0.018477863596655594,0.07837684660244422,-0.010959372331434012,208.28333333333333,0.13215277777777776
mhealth,LAC,martingale,0.25,480,0.9118488068101743,1.5530748660143276,0.02160317472281297,0.020994474823630167,0.11229202921363608,-0.011350607638313229,373.23333333333335,0.22243055555555555
mhealth,LAC,martingale,0.25,960,0.9118488068101743,1.5530748660143276,0.02160317472281297,0.020994474823630167,0.11229202921363608,-0.011350607638313229,373.23333333333335,0.22243055555555555
mhealth,LAC,martingale,0.5,120,0.916781601210453,1.6168554878822625,0.020325338215455728,0.025387722411968842,0.11520817390207441,-0.01496564740961971,102.16666666666667,0.14861111111111114
mhealth,LAC,martingale,0.5,240,0.9255089255801955,1.665025403187436,0.01423430769470508,0.03597450753319012,0.21194859252708695,-0.021073039227802938,175.1,0.2704166666666667
mhealth,LAC,martingale,0.5,480,0.9289590550759523,1.7027634600308126,0.011656549087882015,0.038104723089408245,0.26198062323012095,-0.02129723327324419,283.76666666666665,0.40881944444444446
mhealth,LAC,martingale,0.5,960,0.9289590550759523,1.7027634600308126,0.011656549087882015,0.038104723089408245,0.26198062323012095,-0.02129723327324419,283.76666666666665,0.40881944444444446
mhealth,LAC,martingale,1.0,120,0.9357944292040871,1.8377525165482764,0.01163661614968476,0.044400550405602736,0.3361052025680882,-0.023654369475390683,89.43333333333334,0.2547222222222223
mhealth,LAC,martingale,1.0,240,0.9454984775505721,1.9303053993257477,0.006737873717777545,0.055964059503566824,0.47722858866539847,-0.028569473204730477,139.6,0.4183333333333334
mhealth,LAC,martingale,1.0,480,0.9487205084116991,1.987080344247621,0.0053924028262479625,0.05786617642515495,0.5462975074469297,-0.027561379534878243,194.5,0.5947916666666668
mhealth,LAC,martingale,1.0,960,0.9487205084116991,1.987080344247621,0.0053924028262479625,0.05786617642515495,0.5462975074469297,-0.027561379534878243,194.5,0.5947916666666668
mhealth,LAC,midpoint,0.5,120,0.887292689983126,1.4820416817232827,0.03730435694783886,-0.004101188815358198,-0.019605632256905255,0.0020133713227633966,83.33333333333333,0.3055555555555556
mhealth,LAC,midpoint,0.5,240,0.8834798675549494,1.427066508234574,0.03931054480268044,-0.006054550492055733,-0.0260103024257752,0.004003197880172395,140.46666666666667,0.4147222222222223
mhealth,LAC,midpoint,0.5,480,0.8814734946799141,1.4096576081557397,0.04004573304715945,-0.009380837306629978,-0.031125228644951795,0.007091950686033224,219.25,0.5432291666666667
mhealth,LAC,midpoint,0.5,960,0.8814734946799141,1.4096576081557397,0.04004573304715945,-0.009380837306629978,-0.031125228644951795,0.007091950686033224,219.25,0.5432291666666667
mhealth,LAC,no_intersection,0.5,120,0.9180800153144707,1.6407641154912882,0.019193332043262415,0.026686136515986343,0.13911680151110017,-0.016097653581813014,84.18333333333334,0.29847222222222225
mhealth,LAC,no_intersection,0.5,240,0.9221871839356219,1.6506560753193318,0.016132790043262363,0.03265276588861668,0.19757926465898232,-0.019174556879245654,143.35,0.4027083333333334
mhealth,LAC,no_intersection,0.5,480,0.925621240029489,1.6802718655024882,0.013400796450398962,0.034766908042944834,0.2394890287017966,-0.01955298591072724,225.3,0.530625
mhealth,LAC,no_intersection,0.5,960,0.925621240029489,1.6802718655024882,0.013400796450398962,0.034766908042944834,0.2394890287017966,-0.01955298591072724,225.3,0.530625
mhealth,LAC,one_look_50,0.5,120,0.9383160914452454,2.4107770988813977,0.01187078439006532,0.04692221264676108,0.9091297849012098,-0.02342020123501011,60.0,0.5000000000000002
mhealth,LAC,one_look_50,0.5,240,0.9268015940602389,2.06892484435559,0.016439667207247443,0.03726717601323355,0.6158480336952405,-0.018867679715260568,120.0,0.5000000000000002
mhealth,LAC,one_look_50,0.5,480,0.9122078828579501,1.722326359803758,0.022280294091151807,0.021353550871405905,0.2815435230030662,-0.01067348826997439,240.0,0.5000000000000002
mhealth,LAC,one_look_50,0.5,960,0.9122078828579501,1.722326359803758,0.022280294091151807,0.021353550871405905,0.2815435230030662,-0.01067348826997439,240.0,0.5000000000000002
mhealth,LAC,sparse_checks,0.5,120,0.9155305101404245,1.6105798353713672,0.020793079692166417,0.024136631341940287,0.10893252139117897,-0.014497905932909007,86.18333333333334,0.2818055555555556
mhealth,LAC,sparse_checks,0.5,240,0.9164855461181803,1.5835660392381046,0.019578349173342457,0.02695112807117507,0.13048922857775527,-0.015728997749165557,146.86666666666667,0.38805555555555565
mhealth,LAC,sparse_checks,0.5,480,0.9210346150742819,1.6159790923223845,0.016359793404290564,0.0301802830877378,0.17519625552169296,-0.01659398895683564,236.81666666666666,0.5066319444444446
mhealth,LAC,sparse_checks,0.5,960,0.9210346150742819,1.6159790923223845,0.016359793404290564,0.0301802830877378,0.17519625552169296,-0.01659398895683564,236.81666666666666,0.5066319444444446
mhealth,LAC,uncorrected,0.5,120,0.918783844144546,1.6499157623582472,0.018885352179607053,0.027389965346061633,0.14826844837805914,-0.01640563344546838,82.9,0.3091666666666667
mhealth,LAC,uncorrected,0.5,240,0.9222839712428221,1.653619622145397,0.016356040377287256,0.03274955319581688,0.2005428114850476,-0.01895130654522076,120.3,0.49875000000000014
mhealth,LAC,uncorrected,0.5,480,0.9231753688713614,1.672848860217358,0.015016588409295132,0.03232103688481738,0.23206602341666646,-0.01793719395183107,163.38333333333333,0.6596180555555555
mhealth,LAC,uncorrected,0.5,960,0.9231753688713614,1.672848860217358,0.015016588409295132,0.03232103688481738,0.23206602341666646,-0.01793719395183107,163.38333333333333,0.6596180555555555
pamap2,APS,fixed_25,0.5,120,0.8915666442785106,6.16702123145677,0.041912299760153024,0.0009962943354935082,0.2271901317065023,0.003192940494898963,30.0,0.7500000000000004
pamap2,APS,fixed_25,0.5,240,0.8887062580654896,5.986040797862822,0.04125609822760094,-0.0020088534090681827,0.08031655927544927,0.003373369389095628,60.0,0.7500000000000004
pamap2,APS,fixed_25,0.5,480,0.889450431381191,5.931815522647953,0.03964237627169636,-0.0011811836651339984,0.043839388261690655,0.0017934950146554407,90.0,0.7500000000000004
pamap2,APS,fixed_25,0.5,960,0.889450431381191,5.931815522647953,0.03964237627169636,-0.0011811836651339984,0.043839388261690655,0.0017934950146554407,90.0,0.7500000000000004
pamap2,APS,fixed_50,0.5,120,0.8898633128532006,6.000341369414202,0.04064149220030496,-0.0007070370898165183,0.06051026966393462,0.001922132935050908,60.0,0.5000000000000002
pamap2,APS,fixed_50,0.5,240,0.8906936731249436,5.950358736273723,0.03873621928775442,-2.1438349614241475e-05,0.04463449768635082,0.0008534904492491168,120.0,0.5000000000000002
pamap2,APS,fixed_50,0.5,480,0.8896108257126625,5.900641217777673,0.0386743736042036,-0.0010207893336624514,0.012665083391410172,0.0008254923471626829,180.0,0.5000000000000002
pamap2,APS,fixed_50,0.5,960,0.8896108257126625,5.900641217777673,0.0386743736042036,-0.0010207893336624514,0.012665083391410172,0.0008254923471626829,180.0,0.5000000000000002
pamap2,APS,fixed_75,0.5,120,0.8908275216743511,5.9643802212438395,0.038969744426665315,0.00025717173133395205,0.024549121493571392,0.00025038516141125957,90.0,0.2500000000000001
pamap2,APS,fixed_75,0.5,240,0.8908420101455901,5.927998376310339,0.03807922619647674,0.00012689867103218028,0.022274137722966426,0.00019649735797142506,180.0,0.2500000000000001
pamap2,APS,fixed_75,0.5,480,0.8906416815432842,5.894146130663243,0.037979096267206906,1.0066496959173376e-05,0.0061699962769803775,0.00013021501016598528,270.0,0.2500000000000001
pamap2,APS,fixed_75,0.5,960,0.8906416815432842,5.894146130663243,0.037979096267206906,1.0066496959173376e-05,0.0061699962769803775,0.00013021501016598528,270.0,0.2500000000000001
pamap2,APS,full_reference,0.5,120,0.8905703499430171,5.9398310997502675,0.03871935926525405,0.0,0.0,0.0,120.0,0.0
pamap2,APS,full_reference,0.5,240,0.8907151114745578,5.905724238587371,0.037882728838505304,0.0,0.0,0.0,240.0,0.0
pamap2,APS,full_reference,0.5,480,0.890631615046325,5.887976134386263,0.03784888125704091,0.0,0.0,0.0,360.0,0.0
pamap2,APS,full_reference,0.5,960,0.890631615046325,5.887976134386263,0.03784888125704091,0.0,0.0,0.0,360.0,0.0
pamap2,APS,horizon,0.1,120,0.8903443137523467,5.937027634779415,0.038902943604070775,-0.00022603619067049514,-0.0028034649708527258,0.00018358433881672057,119.29166666666667,0.005902777777777746
pamap2,APS,horizon,0.1,240,0.8906967352289158,5.906332018751447,0.037936476807212946,-1.8376245642094476e-05,0.0006077801640760516,5.3747968707644996e-05,238.03333333333333,0.008194444444444424
pamap2,APS,horizon,0.1,480,0.8908126747853953,5.892143796973055,0.03776431319983819,0.00018105973907027724,0.004167662586791502,-8.456805720271467e-05,354.95,0.014027777777777731
pamap2,APS,horizon,0.1,960,0.8908126747853953,5.892143796973055,0.03776431319983819,0.00018105973907027724,0.004167662586791502,-8.456805720271467e-05,354.95,0.014027777777777731
pamap2,APS,horizon,0.25,120,0.8905385479443236,5.941455107175282,0.038822269421491126,-3.180199869347845e-05,0.0016240074250142567,0.00010291015623707267,118.0,0.016666666666666618
pamap2,APS,horizon,0.25,240,0.8917590023925211,5.926532295177292,0.03722821093057998,0.001043890917963291,0.020808056589920566,-0.0006545179079253,233.08333333333334,0.028819444444444408
pamap2,APS,horizon,0.25,480,0.8928415495946825,5.92843269615326,0.036371103893787234,0.002209934548357459,0.04045656176699676,-0.0014777773632536585,342.975,0.047291666666666635
pamap2,APS,horizon,0.25,960,0.8928415495946825,5.92843269615326,0.036371103893787234,0.002209934548357459,0.04045656176699676,-0.0014777773632536585,342.975,0.047291666666666635
pamap2,APS,horizon,0.5,120,0.8923544313101576,5.975002366489611,0.03764768231193408,0.0017840813671403763,0.03517126673934379,-0.0010716769533199442,113.95,0.0504166666666666
pamap2,APS,horizon,0.5,240,0.8962577224516127,6.012196799032783,0.034353829116215255,0.005542610977054785,0.10647256044541208,-0.003528899722290021,219.36666666666667,0.08597222222222219
pamap2,APS,horizon,0.5,480,0.8995477128078332,6.0589933505972375,0.032356716236375274,0.008916097761508193,0.17101721621097532,-0.0054921650206656136,313.51666666666665,0.12912037037037033
pamap2,APS,horizon,0.5,960,0.8995477128078332,6.0589933505972375,0.032356716236375274,0.008916097761508193,0.17101721621097532,-0.0054921650206656136,313.51666666666665,0.12912037037037033
pamap2,APS,horizon,1.0,120,0.9016920192677212,6.164985982497602,0.03240599609230315,0.011121669324704105,0.22515488274733403,-0.00631336317295086,101.325,0.15562499999999996
pamap2,APS,horizon,1.0,240,0.9088348420301338,6.295620796853447,0.02762793250277697,0.018119730555575846,0.38989655826607517,-0.01025479633572831,185.49166666666667,0.22711805555555556
pamap2,APS,horizon,1.0,480,0.9107047785539237,6.321075318566418,0.02655173855320342,0.020073163507598617,0.433099184180156,-0.011297142703837472,251.25,0.30208333333333326
pamap2,APS,horizon,1.0,960,0.9107047785539237,6.321075318566418,0.02655173855320342,0.020073163507598617,0.433099184180156,-0.011297142703837472,251.25,0.30208333333333326
pamap2,APS,hypergeom,0.1,120,0.8905798373655117,5.940653471788712,0.038724816077214244,9.487422494646345e-06,0.0008223720384446359,5.456811960195613e-06,119.74166666666666,0.002152777777777765
pamap2,APS,hypergeom,0.1,240,0.8907450265032228,5.906566928500838,0.03787118122910398,2.9915028664915e-05,0.0008426899134656676,-1.1547609401315072e-05,238.59166666666667,0.005868055555555537
pamap2,APS,hypergeom,0.1,480,0.8907495392380002,5.89104706643663,0.037802185924885566,0.00011792419167520399,0.0030709320503672,-4.6695332155341764e-05,356.975,0.008402777777777743
pamap2,APS,hypergeom,0.1,960,0.8907495392380002,5.89104706643663,0.037802185924885566,0.00011792419167520399,0.0030709320503672,-4.6695332155341764e-05,356.975,0.008402777777777743
pamap2,APS,hypergeom,0.25,120,0.8907753410501328,5.944958163378354,0.03862724906437586,0.000204991107115637,0.005127063628086073,-9.211020087818011e-05,118.95,0.008749999999999961
pamap2,APS,hypergeom,0.25,240,0.8916466084066635,5.922526786636283,0.037225115198855706,0.000931496932105643,0.016802548048910886,-0.0006576136396495795,235.13333333333333,0.020277777777777752
pamap2,APS,hypergeom,0.25,480,0.8923416473625375,5.9184854470683055,0.03665928991426618,0.0017100323162125267,0.030509312682042246,-0.0011895913427747086,349.39166666666665,0.029467592592592552
pamap2,APS,hypergeom,0.25,960,0.8923416473625375,5.9184854470683055,0.03665928991426618,0.0017100323162125267,0.030509312682042246,-0.0011895913427747086,349.39166666666665,0.029467592592592552
pamap2,APS,hypergeom,0.5,120,0.8923932466373297,5.974928649094064,0.03759006411223974,0.0018228966943124975,0.0350975493437958,-0.0011292951530142818,116.28333333333333,0.03097222222222216
pamap2,APS,hypergeom,0.5,240,0.8964385012107194,6.013132716563744,0.03422165564291739,0.0057233897361616045,0.10740847797637226,-0.003661073195587881,223.88333333333333,0.06715277777777774
pamap2,APS,hypergeom,0.5,480,0.8992876156012232,6.051870533821681,0.03241221417035397,0.008656000554898185,0.16389439943541814,-0.00543666708668692,326.15,0.09402777777777775
pamap2,APS,hypergeom,0.5,960,0.8992876156012232,6.051870533821681,0.03241221417035397,0.008656000554898185,0.16389439943541814,-0.00543666708668692,326.15,0.09402777777777775
pamap2,APS,hypergeom,1.0,120,0.9018016801965235,6.16274955942769,0.032238019463636476,0.011231330253506384,0.222918459677422,-0.006481339801617533,107.23333333333333,0.10638888888888882
pamap2,APS,hypergeom,1.0,240,0.9096934060513798,6.307291153033731,0.027109629227524558,0.01897829457682192,0.40156691444635917,-0.010773099610980715,195.81666666666666,0.18409722222222222
pamap2,APS,hypergeom,1.0,480,0.9114537253442856,6.3350805955208385,0.026070780363588675,0.02082211029796056,0.44710446113457564,-0.011778100893452213,274.15,0.2384722222222222
pamap2,APS,hypergeom,1.0,960,0.9114537253442856,6.3350805955208385,0.026070780363588675,0.02082211029796056,0.44710446113457564,-0.011778100893452213,274.15,0.2384722222222222
pamap2,APS,martingale,0.1,120,0.8905729034494223,5.939906012866664,0.038718447522000946,2.5535064052301516e-06,7.491311639643832e-05,-9.117432530991667e-07,119.95,0.00041666666666666333
pamap2,APS,martingale,0.1,240,0.8907467440532737,5.906669225967233,0.0378733201962437,3.163257871578692e-05,0.0009449873798614251,-9.408642261607078e-06,239.40833333333333,0.00246527777777777
pamap2,APS,martingale,0.1,480,0.8907274350951168,5.890444132596909,0.03781430204211506,9.582004879175192e-05,0.0024679982106465886,-3.4579214925850834e-05,358.30833333333334,0.004699074074074059
pamap2,APS,martingale,0.1,960,0.8907274350951168,5.890444132596909,0.03781430204211506,9.582004879175192e-05,0.0024679982106465886,-3.4579214925850834e-05,358.30833333333334,0.004699074074074059
pamap2,APS,martingale,0.25,120,0.8906079898870259,5.941240095673094,0.038708876904937184,3.7639944008797385e-05,0.0014089959228261492,-1.0482360316866667e-05,119.75833333333334,0.002013888888888875
pamap2,APS,martingale,0.25,240,0.8911489104491054,5.91463156506284,0.037635850572296,0.00043379897454750964,0.008907326475468835,-0.0002468782662092915,237.94166666666666,0.008576388888888866
pamap2,APS,martingale,0.25,480,0.8918336608607016,5.910168362831663,0.037022337852835485,0.001202045814376641,0.02219222844539965,-0.000826543404205407,353.8833333333333,0.016990740740740702
pamap2,APS,martingale,0.25,960,0.8918336608607016,5.910168362831663,0.037022337852835485,0.001202045814376641,0.02219222844539965,-0.000826543404205407,353.8833333333333,0.016990740740740702
pamap2,APS,martingale,0.5,120,0.8911625044939727,5.951470257415685,0.038384645578307695,0.0005921545509555145,0.011639157665416964,-0.0003347136869463401,118.96666666666667,0.008611111111111071
pamap2,APS,martingale,0.5,240,0.8946119753822317,5.97494696663503,0.03525712589498734,0.003896863907673871,0.06922272804765787,-0.0026256029435179364,232.40833333333333,0.031631944444444414
pamap2,APS,martingale,0.5,480,0.8983547941279182,6.030799800885962,0.03290929990246724,0.007723179081593152,0.14282366649969955,-0.004939581354573642,339.2416666666667,0.057662037037037005
pamap2,APS,martingale,0.5,960,0.8983547941279182,6.030799800885962,0.03290929990246724,0.007723179081593152,0.14282366649969955,-0.004939581354573642,339.2416666666667,0.057662037037037005
pamap2,APS,martingale,1.0,120,0.896633492472602,6.056067325948157,0.035143237648941346,0.006063142529584884,0.11623622619788887,-0.0035761216163126743,114.99166666666666,0.04173611111111105
pamap2,APS,martingale,1.0,240,0.9085440820271667,6.2676608176206035,0.0276563145528357,0.017828970552608833,0.3619365790332309,-0.010226414285669571,213.10833333333332,0.1120486111111111
pamap2,APS,martingale,1.0,480,0.9126572283321285,6.355878445878798,0.02551192736152318,0.022025613285803484,0.467902311492535,-0.012336953895517705,300.73333333333335,0.1646296296296296
pamap2,APS,martingale,1.0,960,0.9126572283321285,6.355878445878798,0.02551192736152318,0.022025613285803484,0.467902311492535,-0.012336953895517705,300.73333333333335,0.1646296296296296
pamap2,APS,midpoint,0.5,120,0.8902425592043062,5.9368082890375105,0.03901598379327453,-0.0003277907387109775,-0.003022810712758035,0.00029662452802047673,113.95,0.0504166666666666
pamap2,APS,midpoint,0.5,240,0.8907621012994956,5.911079337626214,0.037941764125562674,4.6989824937785413e-05,0.00535509903884156,5.9035287057364064e-05,219.36666666666667,0.08597222222222219
pamap2,APS,midpoint,0.5,480,0.8909524327201951,5.895082684059539,0.03769909703890431,0.0003208176738701389,0.007106549673275776,-0.00014978421813660183,313.51666666666665,0.12912037037037033
pamap2,APS,midpoint,0.5,960,0.8909524327201951,5.895082684059539,0.03769909703890431,0.0003208176738701389,0.007106549673275776,-0.00014978421813660183,313.51666666666665,0.12912037037037033
pamap2,APS,no_intersection,0.5,120,0.8923367977954416,5.973626410747404,0.037569280060038006,0.0017664478524244175,0.033795310997136854,-0.0011500792052160128,115.65833333333333,0.03618055555555551
pamap2,APS,no_intersection,0.5,240,0.896305405308936,6.010238372832343,0.034259209738961564,0.005590293834378089,0.10451413424497068,-0.003623519099543707,223.60833333333332,0.06829861111111107
pamap2,APS,no_intersection,0.5,480,0.8996225176478777,6.058399789469774,0.03219017089316993,0.008990902601552721,0.17042365508351093,-0.005658710363870951,321.55833333333334,0.10678240740740738
pamap2,APS,no_intersection,0.5,960,0.8996225176478777,6.058399789469774,0.03219017089316993,0.008990902601552721,0.17042365508351093,-0.005658710363870951,321.55833333333334,0.10678240740740738
pamap2,APS,one_look_50,0.5,120,0.938854612671509,7.4100353989192165,0.016622744045862347,0.048284262728491845,1.4702042991689486,-0.02209661521939167,60.0,0.5000000000000002
pamap2,APS,one_look_50,0.5,240,0.9311673382764626,7.02834691532335,0.017992628843152805,0.04045222680190459,1.1226226767359786,-0.01989009999535247,120.0,0.5000000000000002
pamap2,APS,one_look_50,0.5,480,0.9223759430657174,6.7293487912514065,0.021321457490596465,0.031744328019392413,0.8413726568651437,-0.01652742376644442,180.0,0.5000000000000002
pamap2,APS,one_look_50,0.5,960,0.9223759430657174,6.7293487912514065,0.021321457490596465,0.031744328019392413,0.8413726568651437,-0.01652742376644442,180.0,0.5000000000000002
pamap2,APS,sparse_checks,0.5,120,0.8911251021399819,5.950521657088075,0.03836772688790526,0.0005547521969647379,0.010690557337806585,-0.00035163237734876784,116.98333333333333,0.025138888888888856
pamap2,APS,sparse_checks,0.5,240,0.8914569382186127,5.920646542874651,0.03744105300653351,0.0007418267440548867,0.014922304287278837,-0.00044167583197177954,231.00833333333333,0.03746527777777775
pamap2,APS,sparse_checks,0.5,480,0.8957634267823161,5.9844349585092385,0.034510347799042974,0.005131811735991079,0.09645882412297582,-0.0033385334579979146,328.76666666666665,0.08675925925925924
pamap2,APS,sparse_checks,0.5,960,0.8957634267823161,5.9844349585092385,0.034510347799042974,0.005131811735991079,0.09645882412297582,-0.0033385334579979146,328.76666666666665,0.08675925925925924
pamap2,APS,uncorrected,0.5,120,0.8925493702351076,5.980486249289953,0.03754542895631902,0.001979020292090546,0.04065514953968557,-0.0011739303089350118,113.525,0.05395833333333329
pamap2,APS,uncorrected,0.5,240,0.8971497428022308,6.035803681334465,0.0339676466805776,0.006434631327672919,0.1300794427470921,-0.003915082157927684,203.26666666666668,0.15305555555555553
pamap2,APS,uncorrected,0.5,480,0.8988674847034585,6.053074628475244,0.03294549682207438,0.008235869657133429,0.1650984940889808,-0.004903384434966505,276.6,0.2316666666666666
pamap2,APS,uncorrected,0.5,960,0.8988674847034585,6.053074628475244,0.03294549682207438,0.008235869657133429,0.1650984940889808,-0.004903384434966505,276.6,0.2316666666666666
pamap2,LAC,fixed_25,0.5,120,0.8754703916506653,3.3263916487363816,0.0617282729262401,0.0031224367515221194,0.34834655421768873,0.0013469813394861277,30.0,0.7500000000000004
pamap2,LAC,fixed_25,0.5,240,0.8741218659657741,3.098073010242686,0.060444321087113756,0.003122974468889192,0.17415174024940602,-0.0004076476726707337,60.0,0.7500000000000004
pamap2,LAC,fixed_25,0.5,480,0.8715760248507093,3.0069095895013715,0.0615372246011591,0.0004906737521307074,0.09112450230733136,0.0009934221122861228,90.0,0.7500000000000004
pamap2,LAC,fixed_25,0.5,960,0.8715760248507093,3.0069095895013715,0.0615372246011591,0.0004906737521307074,0.09112450230733136,0.0009934221122861228,90.0,0.7500000000000004
pamap2,LAC,fixed_50,0.5,120,0.8719617059938387,3.068441096071995,0.06234289330675879,-0.00038624890530444003,0.09039600155330224,0.001961601720004806,60.0,0.5000000000000002
pamap2,LAC,fixed_50,0.5,240,0.8727152853109251,2.9928383451438862,0.060360643354260245,0.0017163938140401895,0.06891707515060613,-0.0004913254055242541,120.0,0.5000000000000002
pamap2,LAC,fixed_50,0.5,480,0.8707342350615707,2.9337281906092985,0.06133744350013789,-0.00035111603700797525,0.017943103415258118,0.0007936410112648994,180.0,0.5000000000000002
pamap2,LAC,fixed_50,0.5,960,0.8707342350615707,2.9337281906092985,0.06133744350013789,-0.00035111603700797525,0.017943103415258118,0.0007936410112648994,180.0,0.5000000000000002
pamap2,LAC,fixed_75,0.5,120,0.8725639842220698,3.0103123571231967,0.06090702113866612,0.0002160293229266227,0.032267262604504195,0.0005257295519121474,90.0,0.2500000000000001
pamap2,LAC,fixed_75,0.5,240,0.8717958781479888,2.954821780355251,0.060543193645741795,0.0007969866511037983,0.03090051036197074,-0.0003087751140426934,180.0,0.2500000000000001
pamap2,LAC,fixed_75,0.5,480,0.8710486175338883,2.9149673966991747,0.060710792440780946,-3.673356469039081e-05,-0.0008176904948654609,0.000166989951907965,270.0,0.2500000000000001
pamap2,LAC,fixed_75,0.5,960,0.8710486175338883,2.9149673966991747,0.060710792440780946,-3.673356469039081e-05,-0.0008176904948654609,0.000166989951907965,270.0,0.2500000000000001
pamap2,LAC,full_reference,0.5,120,0.8723479548991431,2.9780450945186923,0.06038129158675396,0.0,0.0,0.0,120.0,0.0
pamap2,LAC,full_reference,0.5,240,0.8709988914968849,2.9239212699932797,0.060851968759784485,0.0,0.0,0.0,240.0,0.0
pamap2,LAC,full_reference,0.5,480,0.8710853510985787,2.91578508719404,0.060543802488872984,0.0,0.0,0.0,360.0,0.0
pamap2,LAC,full_reference,0.5,960,0.8710853510985787,2.91578508719404,0.060543802488872984,0.0,0.0,0.0,360.0,0.0
pamap2,LAC,horizon,0.1,120,0.8721259100474242,2.9746064885706307,0.06055347915159654,-0.00022204485171895702,-0.0034386059480618365,0.00017218756484257028,119.275,0.006041666666666634
pamap2,LAC,horizon,0.1,240,0.8713502936720156,2.9262188986291138,0.06052117089962658,0.00035140217513061314,0.0022976286358337202,-0.000330797860157895,237.95,0.008541666666666642
pamap2,LAC,horizon,0.1,480,0.8720739061790201,2.922961680370646,0.05970041852476431,0.0009885550804414746,0.007176593176605618,-0.0008433839641086627,354.0833333333333,0.01643518518518514
pamap2,LAC,horizon,0.1,960,0.8720739061790201,2.922961680370646,0.05970041852476431,0.0009885550804414746,0.007176593176605618,-0.0008433839641086627,354.0833333333333,0.01643518518518514
pamap2,LAC,horizon,0.25,120,0.8735004684957679,2.9852169149197505,0.059407635634114546,0.0011525135966247374,0.007171820401057536,-0.0009736559526393975,116.225,0.03145833333333328
pamap2,LAC,horizon,0.25,240,0.8746363355732457,2.9561878548695133,0.05801349126884629,0.003637444076360766,0.03226658487623354,-0.0028384774909381693,228.24166666666667,0.048993055555555526
pamap2,LAC,horizon,0.25,480,0.8768192284794663,2.9761418144287015,0.056482828213965865,0.005733877380887663,0.060356727234661275,-0.0040609742749070955,330.43333333333334,0.0821296296296296
pamap2,LAC,horizon,0.25,960,0.8768192284794663,2.9761418144287015,0.056482828213965865,0.005733877380887663,0.060356727234661275,-0.0040609742749070955,330.43333333333334,0.0821296296296296
pamap2,LAC,horizon,0.5,120,0.8781093474487751,3.036676882033629,0.05636757767175994,0.005761392549631858,0.0586317875149365,-0.004013713914994001,108.43333333333334,0.09638888888888884
pamap2,LAC,horizon,0.5,240,0.8827341862750628,3.0736852968219983,0.05319278627052079,0.01173529477817792,0.1497640268287184,-0.007659182489263671,205.48333333333332,0.14381944444444444
pamap2,LAC,horizon,0.5,480,0.885052442059044,3.1135596294244805,0.05175079810081437,0.013967090960465337,0.19777454223044041,-0.008793004388058584,286.6333333333333,0.20379629629629628
pamap2,LAC,horizon,0.5,960,0.885052442059044,3.1135596294244805,0.05175079810081437,0.013967090960465337,0.19777454223044041,-0.008793004388058584,286.6333333333333,0.20379629629629628
pamap2,LAC,horizon,1.0,120,0.8886856431698641,3.2202033651316313,0.050143734337880316,0.016337688270720827,0.242158270612939,-0.010237557248873621,94.23333333333333,0.2147222222222222
pamap2,LAC,horizon,1.0,240,0.8958939777845828,3.353677812589153,0.046104640400319905,0.024895086287697817,0.42975654259587287,-0.014747328359464558,166.58333333333334,0.3059027777777778
pamap2,LAC,horizon,1.0,480,0.8979623667724231,3.405181242043219,0.044969392381161044,0.026877015673844467,0.4893961548491788,-0.015574410107711918,220.36666666666667,0.38787037037037037
pamap2,LAC,horizon,1.0,960,0.8979623667724231,3.405181242043219,0.044969392381161044,0.026877015673844467,0.4893961548491788,-0.015574410107711918,220.36666666666667,0.38787037037037037
pamap2,LAC,hypergeom,0.1,120,0.8724004237580475,2.9784545877908726,0.06033482205124751,5.246885890436974e-05,0.00040949327218028247,-4.646953550644551e-05,119.78333333333333,0.0018055555555555399
pamap2,LAC,hypergeom,0.1,240,0.8712895947673192,2.9256985830348388,0.060584210194553303,0.00029070327043415506,0.001777313041558951,-0.00026775856523116926,238.86666666666667,0.004722222222222203
pamap2,LAC,hypergeom,0.1,480,0.8717511029033453,2.919732692031387,0.05996156588995421,0.0006657518047666761,0.00394760483734667,-0.0005822365989187578,357.725,0.0063194444444443975
pamap2,LAC,hypergeom,0.1,960,0.8717511029033453,2.919732692031387,0.05996156588995421,0.0006657518047666761,0.00394760483734667,-0.0005822365989187578,357.725,0.0063194444444443975
pamap2,LAC,hypergeom,0.25,120,0.8736196914981016,2.986740117267786,0.05927385206073866,0.0012717365989584428,0.008695022749093301,-0.0011074395260152867,117.90833333333333,0.01743055555555551
pamap2,LAC,hypergeom,0.25,240,0.874645834290682,2.954411455160321,0.057997556042425395,0.003646942793797066,0.030490185167040777,-0.0028544127173590747,231.3,0.03624999999999997
pamap2,LAC,hypergeom,0.25,480,0.8767246335663932,2.9696457004814656,0.056427938036546325,0.005639282467814534,0.05386061328742568,-0.004115864452326633,340.95,0.05291666666666663
pamap2,LAC,hypergeom,0.25,960,0.8767246335663932,2.9696457004814656,0.056427938036546325,0.005639282467814534,0.05386061328742568,-0.004115864452326633,340.95,0.05291666666666663
pamap2,LAC,hypergeom,0.5,120,0.8781313857692734,3.0364370160095624,0.05615939064900176,0.005783430870130235,0.05839192149086965,-0.004221900937752181,112.84166666666667,0.059652777777777714
pamap2,LAC,hypergeom,0.5,240,0.8829975537954176,3.0733501929612586,0.052998426827844905,0.011998662298532477,0.14942892296797844,-0.007853541931939564,212.81666666666666,0.11326388888888887
pamap2,LAC,hypergeom,0.5,480,0.8852996277061432,3.1091726407579086,0.051535402553583284,0.014214276607564639,0.19338755356386822,-0.00900839993528967,304.56666666666666,0.15398148148148144
pamap2,LAC,hypergeom,0.5,960,0.8852996277061432,3.1091726407579086,0.051535402553583284,0.014214276607564639,0.19338755356386822,-0.00900839993528967,304.56666666666666,0.15398148148148144
pamap2,LAC,hypergeom,1.0,120,0.8891463283228639,3.2228711517994837,0.04985489692458188,0.016798373423720734,0.24482605728079157,-0.01052639466217206,102.43333333333334,0.14638888888888882
pamap2,LAC,hypergeom,1.0,240,0.8970531629089834,3.365444180709073,0.04531989886598863,0.026054271412098425,0.4415229107157928,-0.01553206989379583,179.31666666666666,0.2528472222222222
pamap2,LAC,hypergeom,1.0,480,0.8988998312186891,3.4128669404976386,0.044323100641291635,0.027814480120110476,0.49708185330359866,-0.016220701847581325,243.60833333333332,0.32331018518518523
pamap2,LAC,hypergeom,1.0,960,0.8988998312186891,3.4128669404976386,0.044323100641291635,0.027814480120110476,0.49708185330359866,-0.016220701847581325,243.60833333333332,0.32331018518518523
pamap2,LAC,martingale,0.1,120,0.8723479548991431,2.9780450945186923,0.06038129158675396,0.0,0.0,0.0,120.0,0.0
pamap2,LAC,martingale,0.1,240,0.8711086044686688,2.924613043440315,0.06075642345213006,0.00010971297178391024,0.0006917734470345267,-9.554530765442164e-05,239.75,0.0010416666666666584
pamap2,LAC,martingale,0.1,480,0.8714454821001553,2.917896926943039,0.060209504194270555,0.00036013100157661576,0.002111839748999234,-0.00033429829460241025,359.2083333333333,0.002199074074074047
pamap2,LAC,martingale,0.1,960,0.8714454821001553,2.917896926943039,0.060209504194270555,0.00036013100157661576,0.002111839748999234,-0.00033429829460241025,359.2083333333333,0.002199074074074047
pamap2,LAC,martingale,0.25,120,0.872618666653915,2.979826025992606,0.060142740254706714,0.000270711754771755,0.0017809314739133583,-0.00023855133204723537,119.725,0.0022916666666666463
pamap2,LAC,martingale,0.25,240,0.8733179650717303,2.9410053526386806,0.0589098063642367,0.0023190735748453693,0.017084082645400463,-0.0019421623955477687,236.80833333333334,0.013298611111111087
pamap2,LAC,martingale,0.25,480,0.8760788910813404,2.9602508063559467,0.05677523543552616,0.0049935399827617626,0.04446571916190662,-0.0037685670533468105,349.8666666666667,0.02814814814814812
pamap2,LAC,martingale,0.25,960,0.8760788910813404,2.9602508063559467,0.05677523543552616,0.0049935399827617626,0.04446571916190662,-0.0037685670533468105,349.8666666666667,0.02814814814814812
pamap2,LAC,martingale,0.5,120,0.874874793538335,2.9979099379190335,0.05829829081335277,0.0025268386391918115,0.01986484340034118,-0.002083000773401173,118.15,0.015416666666666636
pamap2,LAC,martingale,0.5,240,0.8811969621256759,3.036616017579082,0.05401530298790112,0.010198070628790879,0.11269474758580215,-0.006836665771883346,225.95833333333334,0.0585069444444444
pamap2,LAC,martingale,0.5,480,0.8855427446919284,3.1053037753140607,0.05141301624219944,0.01445739359334972,0.1895186881200204,-0.00913078624667351,324.56666666666666,0.0984259259259259
pamap2,LAC,martingale,0.5,960,0.8855427446919284,3.1053037753140607,0.05141301624219944,0.01445739359334972,0.1895186881200204,-0.00913078624667351,324.56666666666666,0.0984259259259259
pamap2,LAC,martingale,1.0,120,0.8842736935127011,3.133870598618693,0.052595905935600415,0.01192573861355793,0.15582550410000062,-0.007785385651153518,111.98333333333333,0.06680555555555551
pamap2,LAC,martingale,1.0,240,0.8967376165320133,3.3473083576187403,0.04570160463282984,0.025738725035128366,0.4233870876254604,-0.015150364126954622,200.66666666666666,0.16388888888888886
pamap2,LAC,martingale,1.0,480,0.9003683309403796,3.4377974605443407,0.04359918182121291,0.029282979841800966,0.5220123733503006,-0.01694462066766005,275.35,0.23513888888888887
pamap2,LAC,martingale,1.0,960,0.9003683309403796,3.4377974605443407,0.04359918182121291,0.029282979841800966,0.5220123733503006,-0.01694462066766005,275.35,0.23513888888888887
pamap2,LAC,midpoint,0.5,120,0.8696507869208293,2.9577926942945454,0.06273410041268067,-0.00269716797831375,-0.020252400224147097,0.0023528088259266774,108.43333333333334,0.09638888888888884
pamap2,LAC,midpoint,0.5,240,0.8696900458972306,2.9210714883525575,0.06217832641682142,-0.0013088455996542946,-0.0028497816407227483,0.0013263576570369203,205.48333333333332,0.14381944444444444
pamap2,LAC,midpoint,0.5,480,0.8692813905764696,2.9072661018227564,0.062235372105531574,-0.001803960522109026,-0.008518985371283655,0.0016915696166585786,286.6333333333333,0.20379629629629628
pamap2,LAC,midpoint,0.5,960,0.8692813905764696,2.9072661018227564,0.062235372105531574,-0.001803960522109026,-0.008518985371283655,0.0016915696166585786,286.6333333333333,0.20379629629629628
pamap2,LAC,no_intersection,0.5,120,0.8779074959561222,3.0345495671538525,0.05639279465794054,0.005559541056978941,0.056504472635159834,-0.003988496928813406,110.275,0.08104166666666662
pamap2,LAC,no_intersection,0.5,240,0.8824440791989318,3.067201043909876,0.05334005031841015,0.01144518770204679,0.14327977391659594,-0.007511918441374312,210.08333333333334,0.12465277777777777
pamap2,LAC,no_intersection,0.5,480,0.8850230255121521,3.109600974607798,0.05171806933606464,0.01393767441357335,0.19381588741375744,-0.008825733152808312,294.875,0.18090277777777775
pamap2,LAC,no_intersection,0.5,960,0.8850230255121521,3.109600974607798,0.05171806933606464,0.01393767441357335,0.19381588741375744,-0.008825733152808312,294.875,0.18090277777777775
pamap2,LAC,one_look_50,0.5,120,0.922039495273167,4.7379504899995775,0.03381708109554123,0.04969154037402384,1.759905395480885,-0.026564210491212714,60.0,0.5000000000000002
pamap2,LAC,one_look_50,0.5,240,0.9133400360254469,4.180343582963714,0.03722182127753957,0.04234114452856195,1.2564223129704348,-0.023630147482244894,120.0,0.5000000000000002
pamap2,LAC,one_look_50,0.5,480,0.9036056234290222,3.8018487477898804,0.04219708306396497,0.03252027233044346,0.8860636605958402,-0.018346719424907988,180.0,0.5000000000000002
pamap2,LAC,one_look_50,0.5,960,0.9036056234290222,3.8018487477898804,0.04219708306396497,0.03252027233044346,0.8860636605958402,-0.018346719424907988,180.0,0.5000000000000002
pamap2,LAC,sparse_checks,0.5,120,0.8753418649950824,3.0042211872710807,0.05808165400285835,0.0029939100959391752,0.026176092752388073,-0.0022996375838955957,111.96666666666667,0.06694444444444442
pamap2,LAC,sparse_checks,0.5,240,0.8757598863048422,2.96513588701465,0.057160365336221444,0.004760994807957378,0.04121461702136985,-0.003691603423563028,218.225,0.09072916666666667
pamap2,LAC,sparse_checks,0.5,480,0.8819563809258286,3.052243552927912,0.05350043119234631,0.010871029827250007,0.1364584657338719,-0.007043371296526643,305.21666666666664,0.1521759259259259
pamap2,LAC,sparse_checks,0.5,960,0.8819563809258286,3.052243552927912,0.05350043119234631,0.010871029827250007,0.1364584657338719,-0.007043371296526643,305.21666666666664,0.1521759259259259
pamap2,LAC,uncorrected,0.5,120,0.8783240780994647,3.041456718756433,0.056257743213899446,0.005976123200321549,0.06341162423774052,-0.004123548372854492,108.11666666666666,0.09902777777777773
pamap2,LAC,uncorrected,0.5,240,0.8829554324827558,3.0943745717934776,0.05315328938664453,0.011956540985870807,0.1704533018001974,-0.0076986793731399295,186.775,0.22177083333333333
pamap2,LAC,uncorrected,0.5,480,0.8836215776930406,3.100728225947193,0.052737032369832494,0.012536226594462027,0.18494313875315288,-0.0078067701190404635,244.61666666666667,0.3205092592592592
pamap2,LAC,uncorrected,0.5,960,0.8836215776930406,3.100728225947193,0.052737032369832494,0.012536226594462027,0.18494313875315288,-0.0078067701190404635,244.61666666666667,0.3205092592592592
realdisp,APS,fixed_25,0.5,120,0.9044925507710319,9.21123579149283,0.02874735931879481,0.003793236452775034,0.6131485520266097,0.003574183970711133,30.0,0.7500000000000006
realdisp,APS,fixed_25,0.5,240,0.9030318717780144,8.823494505259793,0.026247428184287915,0.00280032179504571,0.3021971901254301,0.0018921113423471649,60.0,0.7500000000000006
realdisp,APS,fixed_25,0.5,480,0.9004119894820816,8.567580270860969,0.025195056169076663,0.0005424321179257405,0.0973600606955301,0.0013008820645706866,120.0,0.7500000000000006
realdisp,APS,fixed_25,0.5,960,0.90053284003772,8.542655749990098,0.024431065954714472,0.0007307402127858379,0.08611318003016025,0.0006744357629035807,180.0,0.7500000000000006
realdisp,APS,fixed_50,0.5,120,0.9026810878448321,8.836413264676958,0.026415340727626427,0.0019817735265752405,0.23832602521073742,0.0012421653795427557,60.0,0.5000000000000002
realdisp,APS,fixed_50,0.5,240,0.90141511920876,8.624981766976843,0.02493181478091969,0.0011835692257913635,0.10368445184247943,0.0005764979389789493,120.0,0.5000000000000002
realdisp,APS,fixed_50,0.5,480,0.9000074653575404,8.495760620058164,0.024348713196749004,0.0001379079933844964,0.025540409892726306,0.00045453909224302155,240.0,0.5000000000000002
realdisp,APS,fixed_50,0.5,960,0.9000187604310234,8.488803890267455,0.024021728246114434,0.00021666060608921333,0.03226132030751543,0.00026509805430354095,360.0,0.5000000000000002
realdisp,APS,fixed_75,0.5,120,0.9014990636987836,8.674380276963518,0.025556229996515967,0.0007997493805266636,0.07629303749729688,0.0003830546484323018,90.0,0.2500000000000001
realdisp,APS,fixed_75,0.5,240,0.900334671061493,8.55120575075176,0.024827984827002648,0.00010312107852429608,0.029908435617397883,0.00047266798506189405,180.0,0.2500000000000001
realdisp,APS,fixed_75,0.5,480,0.8999548623188229,8.480726999516921,0.023978469114034312,8.53049546671436e-05,0.010506789351484424,8.429500952833747e-05,360.0,0.2500000000000001
realdisp,APS,fixed_75,0.5,960,0.8998504454186094,8.46928872845593,0.02386434230137052,4.834559367521918e-05,0.012746158495992295,0.0001077121095596272,540.0,0.2500000000000001
realdisp,APS,full_reference,0.5,120,0.9006993143182569,8.59808723946622,0.025173175348083658,0.0,0.0,0.0,120.0,0.0
realdisp,APS,full_reference,0.5,240,0.9002315499829687,8.521297315134364,0.024355316841940738,0.0,0.0,0.0,240.0,0.0
realdisp,APS,full_reference,0.5,480,0.8998695573641557,8.470220210165438,0.02389417410450597,0.0,0.0,0.0,480.0,0.0
realdisp,APS,full_reference,0.5,960,0.8998020998249342,8.45654256995994,0.02375663019181089,0.0,0.0,0.0,720.0,0.0
realdisp,APS,horizon,0.1,120,0.9007000250442493,8.59904895968468,0.025185479931258515,7.10725992434222e-07,0.0009617202184605261,1.2304583174852267e-05,119.89333333333333,0.0008888888888888787
realdisp,APS,horizon,0.1,240,0.9002386200161767,8.523172607339038,0.024376531086541236,7.070033208115999e-06,0.0018752922046740398,2.121424460049682e-05,239.47333333333333,0.002194444444444427
realdisp,APS,horizon,0.1,480,0.8999134899408974,8.47283993133725,0.023901684202048547,4.393257674158357e-05,0.002619721171812782,7.510097542574478e-06,478.28,0.0035833333333332973
realdisp,APS,horizon,0.1,960,0.8999029223055498,8.460454805193034,0.023701354433165678,0.00010082248061563466,0.003912235233094469,-5.527575864521001e-05,716.32,0.005111111111111071
realdisp,APS,horizon,0.25,120,0.900665996986715,8.59816312215868,0.02521226468929581,-3.331733154180714e-05,7.588269245999064e-05,3.908934121214555e-05,119.57333333333334,0.003555555555555524
realdisp,APS,horizon,0.25,240,0.9003597983201183,8.526849771454698,0.024302702267817985,0.00012824833714962622,0.005552456320334052,-5.261457412274807e-05,238.82666666666665,0.004888888888888865
realdisp,APS,horizon,0.25,480,0.9007139359598488,8.495909522602252,0.023420409985147828,0.0008443785956930693,0.025689312436814847,-0.00047376411935812934,473.2,0.014166666666666609
realdisp,APS,horizon,0.25,960,0.9015733884403139,8.511193230679991,0.022741708456953915,0.0017712886153796552,0.054650660720052556,-0.0010149217348569548,703.78,0.022527777777777737
realdisp,APS,horizon,0.5,120,0.9009126669708478,8.604745399215515,0.025053098747326332,0.0002133526525909716,0.006658159749295229,-0.00012007660075732147,118.72,0.010666666666666621
realdisp,APS,horizon,0.5,240,0.901754530006977,8.566334850147133,0.023461447914884116,0.0015229800240084237,0.04503753501276862,-0.0008938689270566039,234.90666666666667,0.02122222222222218
realdisp,APS,horizon,0.5,480,0.9049502127862832,8.628989760861758,0.021085840622385825,0.005080655422127247,0.1587695506963202,-0.0028083334821201204,453.96,0.05424999999999993
realdisp,APS,horizon,0.5,960,0.9061417089534234,8.670030859790941,0.02034323580480915,0.0063396091284892335,0.2134882898310026,-0.003413394387001716,663.0533333333333,0.07909259259259256
realdisp,APS,horizon,1.0,120,0.9035654095930956,8.682138968490868,0.023539696402938463,0.002866095274838718,0.0840517290246489,-0.001633478945145168,114.42,0.046499999999999944
realdisp,APS,horizon,1.0,240,0.9087155046065174,8.796529256568972,0.019906895241921185,0.008483954623548628,0.2752319414346085,-0.00444842160001952,219.17333333333335,0.08677777777777776
realdisp,APS,horizon,1.0,480,0.9130930436741101,8.929567926893267,0.01705873744716845,0.013223486309954164,0.4593477167278288,-0.0068354366573374955,398.74666666666667,0.16927777777777775
realdisp,APS,horizon,1.0,960,0.9138466158600929,8.957085197444535,0.01655743829341476,0.014044516035158683,0.500542627484596,-0.007199191898396111,557.02,0.2263611111111111
realdisp,APS,hypergeom,0.1,120,0.9007448915354336,8.600330803870937,0.02515360577851409,4.5577217176654665e-05,0.0022435644047175437,-1.9569569569568893e-05,119.97333333333333,0.00022222222222221866
realdisp,APS,hypergeom,0.1,240,0.9002297720666619,8.521199134830363,0.024357199560276464,-1.7779163067604446e-06,-9.818030400000267e-05,1.8827183357280002e-06,239.94,0.000249999999999996
realdisp,APS,hypergeom,0.1,480,0.8998824488132793,8.47061761991397,0.023888501399295436,1.2891449123470221e-05,0.00039740974853148445,-5.672705210533946e-06,479.7733333333333,0.0004722222222222107
realdisp,APS,hypergeom,0.1,960,0.899830227967168,8.457576060245158,0.023740108969458957,2.8128142233959113e-05,0.0010334902852198768,-1.652122235193111e-05,719.2333333333333,0.0010648148148147906
realdisp,APS,hypergeom,0.25,120,0.9007626826629923,8.600849572523448,0.025142625109543338,6.336834473537244e-05,0.0027623330572263917,-3.055023854032045e-05,119.89333333333333,0.000888888888888876
realdisp,APS,hypergeom,0.25,240,0.9003294418405691,8.523776736501041,0.02429425903935577,9.789185760047867e-05,0.0024794213666770684,-6.105780258495467e-05,239.54666666666665,0.001888888888888876
realdisp,APS,hypergeom,0.25,480,0.9003841233316454,8.482600097621578,0.023571819979830266,0.0005145659674895107,0.012379887456139651,-0.0003223541246756887,477.68666666666667,0.004819444444444396
realdisp,APS,hypergeom,0.25,960,0.9010949719226773,8.494403270827075,0.022995069905540323,0.0012928720977431459,0.03786070086713609,-0.0007615602862705547,712.3866666666667,0.010574074074074036
realdisp,APS,hypergeom,0.5,120,0.9009804873264297,8.606048275541507,0.02499748639645389,0.0002811730081727542,0.007961036075286827,-0.00017568895162975502,119.40666666666667,0.004944444444444404
realdisp,APS,hypergeom,0.5,240,0.9015138261396096,8.555920350547295,0.02354446184630133,0.001282276156640988,0.03462303541293066,-0.0008108549956393909,236.83333333333334,0.013194444444444406
realdisp,APS,hypergeom,0.5,480,0.9044605172331492,8.606018793467262,0.021297666949632237,0.004590959868993284,0.1357985833018249,-0.0025965071548737072,464.91333333333336,0.031430555555555496
realdisp,APS,hypergeom,0.5,960,0.906150197188565,8.664905365810341,0.020245450229304407,0.0063480973636308195,0.20836279585040235,-0.003511179962506459,685.1533333333333,0.04839814814814813
realdisp,APS,hypergeom,1.0,120,0.903326086936833,8.672694680177193,0.02362133829482193,0.0026267726185760704,0.07460744071097253,-0.0015518370532617038,116.64666666666666,0.027944444444444383
realdisp,APS,hypergeom,1.0,240,0.9086501119442685,8.787892970602822,0.019845208880873308,0.008418561961299807,0.2665956554684597,-0.004510107961067398,224.06666666666666,0.06638888888888886
realdisp,APS,hypergeom,1.0,480,0.913626729266547,8.941981567543692,0.0167813355258877,0.013757171902391079,0.47176135737825386,-0.00711283857861825,423.8466666666667,0.11698611111111107
realdisp,APS,hypergeom,1.0,960,0.914127952894496,8.967573201108292,0.016334705717045053,0.014325853069561852,0.5110306311483525,-0.007421924474765814,603.3533333333334,0.16200925925925924
realdisp,APS,martingale,0.1,120,0.9006993143182569,8.59808723946622,0.025173175348083658,0.0,0.0,0.0,120.0,0.0
realdisp,APS,martingale,0.1,240,0.9002315499829687,8.521297315134364,0.024355316841940738,0.0,0.0,0.0,240.0,0.0
realdisp,APS,martingale,0.1,480,0.8998721903472235,8.470307284480151,0.02389221452211161,2.6329830677653334e-06,8.70743147134431e-05,-1.9595823943644445e-06,479.9533333333333,9.722222222222e-05
realdisp,APS,martingale,0.1,960,0.8998115001488193,8.456845715704553,0.02375015161838321,9.400323885152e-06,0.00030314574461524316,-6.478573427676889e-06,719.82,0.0002499999999999947
realdisp,APS,martingale,0.25,120,0.9007031250722584,8.598179382236548,0.02517068776733521,3.8107540014471113e-06,9.214277032736089e-05,-2.487580748449778e-06,119.98666666666666,0.00011111111111110933
realdisp,APS,martingale,0.25,240,0.9002396004130186,8.521488081153583,0.024350182583808527,8.050430049990667e-06,0.00019076601921970177,-5.134258132208889e-06,239.97333333333333,0.00011111111111110933
realdisp,APS,martingale,0.25,480,0.9001035221025965,8.475536873929062,0.023739254560654472,0.00023396473844072222,0.005316663763624752,-0.00015491954385148712,479.16,0.0017499999999999773
realdisp,APS,martingale,0.25,960,0.9004352207948835,8.473657750262861,0.02337791904270947,0.0006331209699493116,0.01711518030292078,-0.00037871114910141557,717.22,0.003861111111111076
realdisp,APS,martingale,0.5,120,0.9007173750082987,8.598699533342087,0.02516002302777757,1.8060690041847555e-05,0.0006122938758664559,-1.3152320306088e-05,119.95333333333333,0.00038888888888888263
realdisp,APS,martingale,0.5,240,0.9004872350404939,8.527677889815754,0.024180831377702928,0.00025568505752521464,0.006380574681389901,-0.00017448546423780222,239.54666666666665,0.0018888888888888772
realdisp,APS,martingale,0.5,480,0.9033926557993337,8.571236153384287,0.02187034276290718,0.003523098435177822,0.101015943218848,-0.00202383134159877,471.64,0.01741666666666661
realdisp,APS,martingale,0.5,960,0.9058007607594909,8.641154202729297,0.020452518123692483,0.005998660934556634,0.1846116327693585,-0.0033041120681183865,699.32,0.02872222222222219
realdisp,APS,martingale,1.0,120,0.9010747230358755,8.608993238946738,0.02492187276664575,0.0003754087176185902,0.010905999480517828,-0.0002513025814378991,119.6,0.0033333333333333067
realdisp,APS,martingale,1.0,240,0.9056709849682683,8.677608157663382,0.021301906530044754,0.005439434985299577,0.15631084252901847,-0.003053410311895958,233.82,0.025749999999999964
realdisp,APS,martingale,1.0,480,0.9139479989555954,8.94938999908816,0.01663256002393941,0.014078441591439646,0.47916978892272133,-0.0072616140805665365,442.73333333333335,0.07763888888888884
realdisp,APS,martingale,1.0,960,0.9148117284161947,8.993617193967033,0.016007198646732997,0.015009628591260479,0.5370746240070943,-0.007749431545077867,638.7533333333333,0.11284259259259258
realdisp,APS,midpoint,0.5,120,0.9005397509692511,8.595426093171099,0.025302786550935402,-0.0001595633490056702,-0.0026611462951218437,0.00012961120285173846,118.72,0.010666666666666621
realdisp,APS,midpoint,0.5,240,0.9004395615463933,8.53016867071442,0.024302789980642763,0.0002080115634246054,0.008871355580055878,-5.252686129797184e-05,234.90666666666667,0.02122222222222218
realdisp,APS,midpoint,0.5,480,0.9006096222552725,8.496146955738293,0.023550778692225386,0.0007400648911167089,0.025926745572855958,-0.00034339541228057456,453.96,0.05424999999999993
realdisp,APS,midpoint,0.5,960,0.900382193314607,8.483243578288223,0.023546303007738294,0.0005800934896727872,0.026701008328283527,-0.00021032718407259574,663.0533333333333,0.07909259259259256
realdisp,APS,no_intersection,0.5,120,0.9008666414388944,8.601720921163835,0.02504809884916385,0.00016732712063748047,0.00363368169761594,-0.00012507649891979795,119.54666666666667,0.0037777777777777536
realdisp,APS,no_intersection,0.5,240,0.9013544318629063,8.551896873695506,0.023632148997185947,0.0011228818799376115,0.03059955856114213,-0.0007231678447547712,237.5,0.010416666666666637
realdisp,APS,no_intersection,0.5,480,0.9048948636388419,8.623684105636016,0.021081502018616805,0.005025306274685957,0.15346389547057834,-0.002812672085889143,460.96666666666664,0.03965277777777772
realdisp,APS,no_intersection,0.5,960,0.9061950078614034,8.668153025341095,0.020260390593125826,0.006392908036469208,0.2116104553811567,-0.003496239598685038,677.9866666666667,0.05835185185185183
realdisp,APS,one_look_50,0.5,120,0.9530058527050167,12.068577606316351,0.006896990624127673,0.05230653838675959,3.470490366850132,-0.01827618472395596,60.0,0.5000000000000002
realdisp,APS,one_look_50,0.5,240,0.9447494892435492,10.813953543740372,0.00739661585167085,0.044517939260580425,2.2926562286060093,-0.016958700990269866,120.0,0.5000000000000002
realdisp,APS,one_look_50,0.5,480,0.9266675603533784,9.611277121862424,0.012003258687276704,0.026798002989222438,1.1410569116969866,-0.011890915417229241,240.0,0.5000000000000002
realdisp,APS,one_look_50,0.5,960,0.9233406946706003,9.446903086564435,0.012928343020477398,0.023538594845666092,0.9903605166044964,-0.01082828717133347,360.0,0.5000000000000002
realdisp,APS,sparse_checks,0.5,120,0.9007011477893089,8.59866312863831,0.02518643984158554,1.833471051999999e-06,0.0005758891720909119,1.3264493501881335e-05,119.67333333333333,0.0027222222222222123
realdisp,APS,sparse_checks,0.5,240,0.900170435624004,8.521439168750529,0.02442461106029477,-6.111435896457689e-05,0.00014185361616549425,6.929421835403504e-05,239.05333333333334,0.0039444444444444345
realdisp,APS,sparse_checks,0.5,480,0.89990809390499,8.471488802963488,0.023893985596457515,3.853654083422845e-05,0.0012685927980510949,-1.8850804845875172e-07,476.72,0.006833333333333318
realdisp,APS,sparse_checks,0.5,960,0.9019365420373114,8.516609520747096,0.02253676316399023,0.0021344422123772363,0.06006695078715761,-0.0012198670278206472,692.0266666666666,0.038851851851851825
realdisp,APS,uncorrected,0.5,120,0.9010389641517548,8.61268136542645,0.02502665886956279,0.00033964983349784624,0.014594125960229866,-0.00014651647852085986,118.53333333333333,0.012222222222222174
realdisp,APS,uncorrected,0.5,240,0.9026500114150607,8.601229352216697,0.023045051792000382,0.0024184614320921236,0.07993203708233344,-0.0013102650499403326,226.26666666666668,0.05722222222222218
realdisp,APS,uncorrected,0.5,480,0.9048421427420442,8.63581320591617,0.021306828314259483,0.00497258537788831,0.1655929957507322,-0.0025873457902464703,409.78,0.1462916666666666
realdisp,APS,uncorrected,0.5,960,0.9059008446413241,8.674832669651904,0.02061062600945727,0.006098744816389958,0.21829009969196372,-0.0031460041823535958,568.6066666666667,0.21026851851851847
realdisp,LAC,fixed_25,0.5,120,0.9008692273644083,3.2062765721568365,0.036047710435916314,0.0030324091160175743,0.7490207042121098,0.0029818449800653097,30.0,0.7500000000000006
realdisp,LAC,fixed_25,0.5,240,0.8984964157846665,2.6623333034094716,0.03423015225593221,0.0004938779353951592,0.2791337111226303,0.0024489665290472985,60.0,0.7500000000000006
realdisp,LAC,fixed_25,0.5,480,0.8974111628430984,2.450068085735615,0.033338065349681825,-0.0006788229804691337,0.11069333037879286,0.0022240218273545716,120.0,0.7500000000000006
realdisp,LAC,fixed_25,0.5,960,0.8974935684280748,2.424668686567049,0.03249174433610195,-0.00039249977942836824,0.0961169365268102,0.0013573843553590424,180.0,0.7500000000000006
realdisp,LAC,fixed_50,0.5,120,0.8987333259667086,2.6787704630360896,0.03461450335428733,0.0008965077183178502,0.22151459509136312,0.0015486378984363263,60.0,0.5000000000000002
realdisp,LAC,fixed_50,0.5,240,0.8978890396765837,2.460089933733405,0.032867471148655354,-0.00011349817268766178,0.07689034144656376,0.0010862854217704508,120.0,0.5000000000000002
realdisp,LAC,fixed_50,0.5,480,0.8977070181725567,2.365703461234413,0.03200212659618099,-0.0003829676510108388,0.026328705877591577,0.0008880830738537348,240.0,0.5000000000000002
realdisp,LAC,fixed_50,0.5,960,0.8974003996354942,2.355266393744668,0.03179729798443219,-0.00048566857200892316,0.026714643704428602,0.0006629380036892876,360.0,0.5000000000000002
realdisp,LAC,fixed_75,0.5,120,0.8986120043622043,2.529457780740123,0.03319279308282852,0.0007751861138135296,0.07220191279539659,0.00012692762697752173,90.0,0.2500000000000001
realdisp,LAC,fixed_75,0.5,240,0.8979254661520863,2.4086057236152243,0.0322122779087454,-7.707169718507471e-05,0.025406131328383305,0.00043109218186050067,180.0,0.2500000000000001
realdisp,LAC,fixed_75,0.5,480,0.89793866844649,2.349211008786004,0.03125026946454302,-0.00015131737707751113,0.009836253429181964,0.00013622594221576458,360.0,0.2500000000000001
realdisp,LAC,fixed_75,0.5,960,0.8980370901540045,2.34569245746065,0.03107199378835387,0.00015102194650137775,0.017140707420410992,-6.236619238903043e-05,540.0,0.2500000000000001
realdisp,LAC,full_reference,0.5,120,0.8978368182483908,2.4572558679447263,0.033065865455850996,0.0,0.0,0.0,120.0,0.0
realdisp,LAC,full_reference,0.5,240,0.8980025378492713,2.3831995922868408,0.031781185726884896,0.0,0.0,0.0,240.0,0.0
realdisp,LAC,full_reference,0.5,480,0.8980899858235676,2.339374755356822,0.031114043522327245,0.0,0.0,0.0,480.0,0.0
realdisp,LAC,full_reference,0.5,960,0.8978860682075032,2.328551750040239,0.031134359980742904,0.0,0.0,0.0,720.0,0.0
realdisp,LAC,horizon,0.1,120,0.8976161710392512,2.4557047924587847,0.033243559547410685,-0.0002206472091395689,-0.001551075485941379,0.00017769409155967867,119.36,0.0053333333333333
realdisp,LAC,horizon,0.1,240,0.8981706069017868,2.3855882689836343,0.03169629124940978,0.0001680690525155333,0.002388676696793221,-8.489447747511357e-05,238.12666666666667,0.0078055555555555335
realdisp,LAC,horizon,0.1,480,0.8992789510786896,2.3502299531112274,0.03039856442165188,0.0011889652551219875,0.010855197754405582,-0.0007154791006753567,471.24,0.01824999999999994
realdisp,LAC,horizon,0.1,960,0.8998605313426782,2.3485744289841235,0.0299631817554702,0.0019744631351750032,0.020022678943884622,-0.00117117822527269,701.2866666666666,0.025990740740740696
realdisp,LAC,horizon,0.25,120,0.898551731490595,2.462309534583572,0.032657567877821196,0.0007149132422042045,0.005053666638845521,-0.00040829757802978957,116.92666666666666,0.02561111111111106
realdisp,LAC,horizon,0.25,240,0.9014475729693481,2.4169648223241227,0.02967238567540921,0.0034450351200767493,0.03376523003728151,-0.002108800051475665,229.46666666666667,0.04388888888888886
realdisp,LAC,horizon,0.25,480,0.9044863599296784,2.4161280958344697,0.02740808202405012,0.006396374106110741,0.07675334047764755,-0.003705961498277109,436.37333333333333,0.09088888888888884
realdisp,LAC,horizon,0.25,960,0.9054722843935322,2.426309492287348,0.026734886048274384,0.007586216186029027,0.09775774224710927,-0.004399473932468492,633.9,0.1195833333333333
realdisp,LAC,horizon,0.5,120,0.9034185292194628,2.5152258415405515,0.02975212060629803,0.005581710971071864,0.05796997359582502,-0.003313744849552941,109.42666666666666,0.08811111111111106
realdisp,LAC,horizon,0.5,240,0.9092336391711536,2.528112423755087,0.025577259452690442,0.011231101321882308,0.14491283146824613,-0.006203926274194436,206.77333333333334,0.13844444444444443
realdisp,LAC,horizon,0.5,480,0.9126610693784302,2.549549091225601,0.023189671038709194,0.014571083554862592,0.21017433586877904,-0.007924372483618028,369.4533333333333,0.23030555555555554
realdisp,LAC,horizon,0.5,960,0.9134904282963376,2.566960014539829,0.022787775805792082,0.015604360088834498,0.23840826449958955,-0.008346584174950792,514.3466666666667,0.2856296296296297
realdisp,LAC,horizon,1.0,120,0.9148175015640233,2.704994405981866,0.02370799957172867,0.016980683315632447,0.24773853803713924,-0.009357865884122307,95.16666666666667,0.20694444444444443
realdisp,LAC,horizon,1.0,240,0.9224619599523575,2.7963482892162226,0.019219189773978174,0.024459422103086017,0.4131486969293815,-0.012561995952906701,167.72666666666666,0.3011388888888889
realdisp,LAC,horizon,1.0,480,0.9250183258090154,2.8295300000380084,0.017774403420607755,0.02692833998544779,0.49015524468118676,-0.013339640101719476,271.18,0.4350416666666667
realdisp,LAC,horizon,1.0,960,0.9259762099601221,2.8544210717854437,0.01743102473321178,0.028090141752618925,0.5258693217452048,-0.013703335247531106,358.08666666666664,0.5026574074074075
realdisp,LAC,hypergeom,0.1,120,0.8978812789375517,2.4575754483095444,0.03303394894479001,4.446068916089867e-05,0.00031958036481763826,-3.191651106098889e-05,119.86666666666666,0.0011111111111111
realdisp,LAC,hypergeom,0.1,240,0.8981122803133166,2.3838156188399324,0.031724340435136486,0.0001097424640452329,0.0006160265530914076,-5.6845291748403114e-05,239.16666666666666,0.0034722222222222025
realdisp,LAC,hypergeom,0.1,480,0.8989557442050937,2.346388486948406,0.030586288511902964,0.0008657583815260942,0.007013731591584331,-0.0005277550104242696,476.24,0.007833333333333291
realdisp,LAC,hypergeom,0.1,960,0.8997398013820705,2.3459609008501845,0.030051188751132964,0.00185373317456726,0.01740915080994567,-0.001083171229609923,710.6,0.013055555555555525
realdisp,LAC,hypergeom,0.25,120,0.8988035363572466,2.4650083344768023,0.03246579036216933,0.0009667181088558436,0.0077524665320756365,-0.0006000750936816487,118.42666666666666,0.01311111111111107
realdisp,LAC,hypergeom,0.25,240,0.9014108951373014,2.4145885812535814,0.02967097818689096,0.003408357288030081,0.03138898896674047,-0.002110207539993912,232.48,0.0313333333333333
realdisp,LAC,hypergeom,0.25,480,0.9044801766309375,2.413375510290248,0.027414331240480476,0.006390190807369953,0.07400075493342642,-0.003699712281846752,452.2133333333333,0.057888888888888844
realdisp,LAC,hypergeom,0.25,960,0.9057682599153791,2.4267762992932744,0.026592936306966356,0.007882191707875926,0.09822454925303549,-0.004541423673776524,662.66,0.07963888888888887
realdisp,LAC,hypergeom,0.5,120,0.9036675697587735,2.5151468903833094,0.029468916227116823,0.005830751510382687,0.05789102243858305,-0.0035969492287341457,113.40666666666667,0.05494444444444438
realdisp,LAC,hypergeom,0.5,240,0.9094433114405658,2.526964755459635,0.025395303146941342,0.011440773591294357,0.14376516317279397,-0.006385882579943529,214.4,0.10666666666666663
realdisp,LAC,hypergeom,0.5,480,0.9134300302310931,2.557357726589124,0.022784990792174324,0.015340044407525621,0.21798297123230165,-0.0083290527301529,398.82,0.16912499999999997
realdisp,LAC,hypergeom,0.5,960,0.9141336421634874,2.572260241459324,0.02244191361776056,0.016247573955984078,0.2437084914190855,-0.00869244636298232,561.44,0.2202222222222222
realdisp,LAC,hypergeom,1.0,120,0.9152412366867279,2.7035674179063016,0.023297852210111488,0.01740441843833705,0.2463115499615752,-0.009768013245739483,102.90666666666667,0.1424444444444444
realdisp,LAC,hypergeom,1.0,240,0.9232636838431121,2.8036425723808236,0.018762593847979566,0.02526114599384066,0.42044298009398257,-0.013018591878905313,181.34,0.2444166666666667
realdisp,LAC,hypergeom,1.0,480,0.9264613285892628,2.852813687644592,0.017091670159833122,0.028371342765695206,0.5134389322877702,-0.014022373362494104,310.23333333333335,0.35368055555555555
realdisp,LAC,hypergeom,1.0,960,0.9272281748817723,2.874474244868671,0.01681402519386659,0.0293421066742691,0.5459224948284317,-0.014320334786876294,412.42,0.42719444444444454
realdisp,LAC,martingale,0.1,120,0.8978452321319175,2.4573006791488936,0.03305833949728632,8.413883526670666e-06,4.481120416756133e-05,-7.525958564671555e-06,119.98,0.00016666666666666398
realdisp,LAC,martingale,0.1,240,0.8980100308000801,2.38317073909361,0.03177062953525063,7.4929508087502225e-06,-2.8853193230655553e-05,-1.055619163426622e-05,239.90666666666667,0.00038888888888888534
realdisp,LAC,martingale,0.1,480,0.8986147067257773,2.3435073562779705,0.03079331054846629,0.0005247209022097507,0.004132600921148198,-0.00032073297386094746,478.47333333333336,0.0031805555555555294
realdisp,LAC,martingale,0.1,960,0.8990424139414097,2.3383781397440506,0.030475482578590205,0.0011563457339065241,0.009826389703811816,-0.0006588774021526822,715.9733333333334,0.0055925925925925666
realdisp,LAC,martingale,0.25,120,0.8980397330186007,2.4586815690819215,0.03294308947701967,0.00020291477020999735,0.0014257011371952817,-0.0001227759788313212,119.78666666666666,0.0017777777777777653
realdisp,LAC,martingale,0.25,240,0.899637831668194,2.397217381236869,0.03079274727410899,0.0016352938189226715,0.014017788950027902,-0.0009884384527758922,237.69333333333333,0.009611111111111091
realdisp,LAC,martingale,0.25,480,0.9041295587979135,2.405821849086312,0.02751074516842914,0.006039572974345859,0.06644709372949023,-0.0036032983538980897,462.8333333333333,0.03576388888888884
realdisp,LAC,martingale,0.25,960,0.9056130846854031,2.422373533344414,0.026724857283711254,0.007727016477899823,0.09382178330417507,-0.004409502697031634,682.76,0.0517222222222222
realdisp,LAC,martingale,0.5,120,0.9001969795660585,2.4778919436779194,0.03163693099117974,0.0023601613176677627,0.020636075733192982,-0.00142893446467124,118.18666666666667,0.015111111111111077
realdisp,LAC,martingale,0.5,240,0.9073296860651279,2.4893531673947846,0.026587184180822097,0.009327148215856522,0.10615357510794361,-0.005194001546062782,227.27333333333334,0.05302777777777775
realdisp,LAC,martingale,0.5,480,0.9136314832553312,2.5577489699646057,0.022723677902681677,0.015541497431763583,0.21837421460778367,-0.008390365619645549,422.58666666666664,0.11961111111111108
realdisp,LAC,martingale,0.5,960,0.9146645793779408,2.576709603937902,0.02209363609949227,0.01677851117043748,0.24815785389766326,-0.009040723881250613,601.1733333333333,0.16503703703703704
realdisp,LAC,martingale,1.0,120,0.9097760087171612,2.614034725063859,0.026474548706061713,0.011939190468770483,0.15677885711913245,-0.006591316749789262,112.02666666666667,0.06644444444444439
realdisp,LAC,martingale,1.0,240,0.922714490679799,2.7861549282045583,0.019308935493444614,0.024711952830527645,0.402955335917717,-0.012472250233440257,201.68666666666667,0.15963888888888886
realdisp,LAC,martingale,1.0,480,0.9275552343696002,2.8738983467825077,0.016541948861486924,0.029465248546032635,0.5345235914256861,-0.014572094660840307,344.35333333333335,0.2825972222222222
realdisp,LAC,martingale,1.0,960,0.9278530026682902,2.8842949450113653,0.016590429735021197,0.029966934460786902,0.5557431949711262,-0.014543930245721686,459.4066666666667,0.36193518518518525
realdisp,LAC,midpoint,0.5,120,0.8956054247371463,2.442117573987162,0.03480251536142215,-0.00223139351124447,-0.015138293957564268,0.0017366499055711344,109.42666666666666,0.08811111111111106
realdisp,LAC,midpoint,0.5,240,0.8966455077076493,2.380601475853093,0.03285876622209653,-0.0013570301416220916,-0.0025981164337482297,0.001077580495211628,206.77333333333334,0.13844444444444443
realdisp,LAC,midpoint,0.5,480,0.8956956001530479,2.3239176509861226,0.03286442865956911,-0.0023943856705195142,-0.015457104370699245,0.0017503851372418465,369.4533333333333,0.23030555555555554
realdisp,LAC,midpoint,0.5,960,0.8955721500240216,2.3164860832033214,0.032891080904823566,-0.0023139181834816295,-0.012065666836917614,0.0017567209240806582,514.3466666666667,0.2856296296296297
realdisp,LAC,no_intersection,0.5,120,0.9031058499363673,2.5110631135785444,0.029884315803616904,0.005269031687976496,0.05380724563381796,-0.003181549652234068,110.85333333333334,0.07622222222222219
realdisp,LAC,no_intersection,0.5,240,0.9088726901785108,2.5190525361332883,0.025694318731745984,0.010870152329239373,0.13585294384644706,-0.00608686699513889,211.73333333333332,0.11777777777777776
realdisp,LAC,no_intersection,0.5,480,0.912807547824409,2.551326688623318,0.023021226472016085,0.014717562000841358,0.21195193326649595,-0.00809281705031114,382.36,0.20341666666666666
realdisp,LAC,no_intersection,0.5,960,0.913621129764256,2.5655780820712093,0.02264680018783589,0.015735061556752805,0.23702633203097034,-0.008487559792906989,535.64,0.2560555555555556
realdisp,LAC,one_look_50,0.5,120,0.947155174185949,5.790184211566354,0.01248729355652023,0.04931835593755809,3.3329283436216275,-0.02057857189933075,60.0,0.5000000000000002
realdisp,LAC,one_look_50,0.5,240,0.9388541820382987,4.2287673421321985,0.01410619656023455,0.04085164418902724,1.8455677498453575,-0.017674989166650324,120.0,0.5000000000000002
realdisp,LAC,one_look_50,0.5,480,0.9222643099024506,3.073393564595361,0.019685387531629534,0.024174324078882946,0.7340188092385389,-0.011428655990697685,240.0,0.5000000000000002
realdisp,LAC,one_look_50,0.5,960,0.9195818792770144,2.958037764054979,0.020583908091553464,0.021695811069511066,0.6294860140147402,-0.010550451889189415,360.0,0.5000000000000002
realdisp,LAC,sparse_checks,0.5,120,0.9002132886047725,2.4778448165120355,0.0316308691599519,0.0023764703563817088,0.02058894856730916,-0.001434996295899082,112.94666666666667,0.058777777777777755
realdisp,LAC,sparse_checks,0.5,240,0.9018276162815085,2.4190567363376854,0.029591636228119576,0.003825078432237236,0.03585714405084422,-0.0021895494987653067,219.55333333333334,0.08519444444444442
realdisp,LAC,sparse_checks,0.5,480,0.9045490409003809,2.407086552503091,0.027469181924608965,0.006459055076813303,0.0677117971462689,-0.003644861597718263,411.5933333333333,0.14251388888888888
realdisp,LAC,sparse_checks,0.5,960,0.9094506302646993,2.483600591871434,0.024786455871842136,0.011564562057196009,0.1550488418311954,-0.00634790410890074,548.6733333333333,0.23795370370370372
realdisp,LAC,uncorrected,0.5,120,0.9038147961700513,2.529160811250484,0.029535433521769485,0.00597797792166051,0.07190494330575757,-0.0035304319340814898,109.01333333333334,0.0915555555555555
realdisp,LAC,uncorrected,0.5,240,0.9094326567048023,2.5413206753673263,0.02560580738885566,0.011430118855530969,0.15812108308048545,-0.006175378338029215,188.07333333333332,0.21636111111111112
realdisp,LAC,uncorrected,0.5,480,0.9113229262014343,2.5397365633077844,0.024083508966168878,0.013232940377866683,0.20036180795096253,-0.007030534556158349,299.76666666666665,0.37548611111111113
realdisp,LAC,uncorrected,0.5,960,0.9118946198225203,2.5621450473569767,0.023824689862544095,0.014008551615017049,0.233593297316738,-0.007309670118198782,395.93333333333334,0.45009259259259266
uschad,APS,fixed_25,0.5,120,0.9001304917458138,5.1261538018100055,0.0354070825624068,0.001833542860402448,0.1355195449481372,0.0022097599396757746,30.0,0.7500000000000004
uschad,APS,fixed_25,0.5,240,0.9001177652855289,5.052594920755115,0.03356433262743922,0.0014038796304602576,0.0681360273007628,0.0010924523228172634,60.0,0.7500000000000004
uschad,APS,fixed_25,0.5,480,0.8996812011189013,5.014969811705161,0.032646963026350645,0.0011122665905485439,0.04830278425764061,0.00036237259818290996,120.0,0.7500000000000004
uschad,APS,fixed_25,0.5,960,0.8996812011189013,5.014969811705161,0.032646963026350645,0.0011122665905485439,0.04830278425764061,0.00036237259818290996,120.0,0.7500000000000004
uschad,APS,fixed_50,0.5,120,0.899599569831256,5.046449781718038,0.03368069900319506,0.0013026209458447543,0.05581552485616921,0.00048337638046403554,60.0,0.5000000000000002
uschad,APS,fixed_50,0.5,240,0.8994983070629103,5.010230764207567,0.0326697426836445,0.0007844214078417832,0.02577187075321489,0.00019786237902254296,120.0,0.5000000000000002
uschad,APS,fixed_50,0.5,480,0.8987939307040018,4.978119048122141,0.03255234257827259,0.00022499617564910993,0.01145202067462108,0.0002677521501048572,240.0,0.5000000000000002
uschad,APS,fixed_50,0.5,960,0.8987939307040018,4.978119048122141,0.03255234257827259,0.00022499617564910993,0.01145202067462108,0.0002677521501048572,240.0,0.5000000000000002
uschad,APS,fixed_75,0.5,120,0.8990204999132895,5.012349221865443,0.03321159939265378,0.00072355102787815,0.021714965003575587,1.4276769922759125e-05,90.0,0.2500000000000001
uschad,APS,fixed_75,0.5,240,0.8990829072525913,4.996387450615565,0.03250740684211074,0.0003690215975227213,0.011928557161212543,3.5526537488781406e-05,180.0,0.2500000000000001
uschad,APS,fixed_75,0.5,480,0.8987266926401577,4.971175310502787,0.03233892540428923,0.00015775811180507104,0.004508283055266594,5.433497612150893e-05,360.0,0.2500000000000001
uschad,APS,fixed_75,0.5,960,0.8987266926401577,4.971175310502787,0.03233892540428923,0.00015775811180507104,0.004508283055266594,5.433497612150893e-05,360.0,0.2500000000000001
uschad,APS,full_reference,0.5,120,0.8982969488854112,4.990634256861868,0.03319732262273102,0.0,0.0,0.0,120.0,0.0
uschad,APS,full_reference,0.5,240,0.8987138856550687,4.984458893454352,0.03247188030462195,0.0,0.0,0.0,240.0,0.0
uschad,APS,full_reference,0.5,480,0.8985689345283527,4.966667027447521,0.03228459042816773,0.0,0.0,0.0,480.0,0.0
uschad,APS,full_reference,0.5,960,0.8985689345283527,4.966667027447521,0.03228459042816773,0.0,0.0,0.0,480.0,0.0
uschad,APS,horizon,0.1,120,0.8982436598224941,4.989724339333256,0.03326766046330053,-5.328906291713131e-05,-0.0009099175286121263,7.033784056950463e-05,118.97142857142858,0.008571428571428539
uschad,APS,horizon,0.1,240,0.8992842294193435,4.990235981701764,0.03219420890825007,0.000570343764274811,0.005777088247411224,-0.00027767139637187353,235.75238095238095,0.017698412698412668
uschad,APS,horizon,0.1,480,0.9001507136113657,4.980956702673102,0.0314413944516909,0.001581779083012988,0.014289675225581028,-0.0008431959764768173,461.93809523809523,0.037628968253968206
uschad,APS,horizon,0.1,960,0.9001507136113657,4.980956702673102,0.0314413944516909,0.001581779083012988,0.014289675225581028,-0.0008431959764768173,461.93809523809523,0.037628968253968206
uschad,APS,horizon,0.25,120,0.8995620628968362,5.003628043461577,0.03252460055507169,0.0012651140114247567,0.012993786599709678,-0.0006727220676593215,115.37142857142857,0.03857142857142853
uschad,APS,horizon,0.25,240,0.9029676326926253,5.026989314784439,0.030134995425223656,0.004253747037556547,0.04253042133008686,-0.0023368848793982704,223.51904761904763,0.0686706349206349
uschad,APS,horizon,0.25,480,0.905796515955666,5.046101540499458,0.028242273786890617,0.007227581427313287,0.07943451305193815,-0.004042316641277093,420.14761904761906,0.12469246031746027
uschad,APS,horizon,0.25,960,0.905796515955666,5.046101540499458,0.028242273786890617,0.007227581427313287,0.07943451305193815,-0.004042316641277093,420.14761904761906,0.12469246031746027
uschad,APS,horizon,0.5,120,0.905166984285248,5.06362131734298,0.029519358513786197,0.006870035399836686,0.07298706048111153,-0.0036779641089448012,107.03809523809524,0.10801587301587297
uschad,APS,horizon,0.5,240,0.9116485542812273,5.1394449955664,0.025431191236444623,0.012934668626158616,0.15498610211204747,-0.007040689068177299,198.9,0.17124999999999999
uschad,APS,horizon,0.5,480,0.9148615125966868,5.178704620284547,0.023597044304418852,0.016292578068334056,0.21203759283702722,-0.008687546123748854,349.5285714285714,0.2718154761904762
uschad,APS,horizon,0.5,960,0.9148615125966868,5.178704620284547,0.023597044304418852,0.016292578068334056,0.21203759283702722,-0.008687546123748854,349.5285714285714,0.2718154761904762
uschad,APS,horizon,1.0,120,0.9188429159991269,5.265475411115789,0.02247210327677091,0.020545967113715546,0.27484115425392086,-0.010725219345960083,90.04285714285714,0.24964285714285717
uschad,APS,horizon,1.0,240,0.9265335728173083,5.4004052064136765,0.01817802357064141,0.02781968716223969,0.41594631295932427,-0.01429385673398051,155.32857142857142,0.3527976190476191
uschad,APS,horizon,1.0,480,0.9286715391959962,5.4257836632054355,0.01692265831540514,0.030102604667643498,0.4591166357579153,-0.015361932112762572,246.08095238095237,0.48733134920634924
uschad,APS,horizon,1.0,960,0.9286715391959962,5.4257836632054355,0.01692265831540514,0.030102604667643498,0.4591166357579153,-0.015361932112762572,246.08095238095237,0.48733134920634924
uschad,APS,hypergeom,0.1,120,0.8983977374710335,4.991663946433381,0.033155850489716886,0.00010078858562221561,0.0010296895715131297,-4.147213301412758e-05,119.53333333333333,0.0038888888888888667
uschad,APS,hypergeom,0.1,240,0.8992326195865139,4.988703777361236,0.032208516736640394,0.0005187339314451781,0.004244883906883639,-0.00026336356798154864,237.24285714285713,0.011488095238095214
uschad,APS,hypergeom,0.1,480,0.9000085300652064,4.979163302719487,0.031562312008451554,0.0014395955368538221,0.012496275271966865,-0.000722278419716166,469.1095238095238,0.02268849206349202
uschad,APS,hypergeom,0.1,960,0.9000085300652064,4.979163302719487,0.031562312008451554,0.0014395955368538221,0.012496275271966865,-0.000722278419716166,469.1095238095238,0.02268849206349202
uschad,APS,hypergeom,0.25,120,0.8996275505122688,5.003861441474712,0.03246567566432388,0.0013306016268575017,0.013227184612843383,-0.0007316469584071299,117.1952380952381,0.023373015873015827
uschad,APS,hypergeom,0.25,240,0.9029100128166921,5.024159436129892,0.030117378473813988,0.004196127161623486,0.039700542675540136,-0.002354501830807938,227.4047619047619,0.052480158730158696
uschad,APS,hypergeom,0.25,480,0.9057130091203711,5.043488857367848,0.028328214433070265,0.007144074592018364,0.07682182992032725,-0.003956375995097443,437.5571428571429,0.088422619047619
uschad,APS,hypergeom,0.25,960,0.9057130091203711,5.043488857367848,0.028328214433070265,0.007144074592018364,0.07682182992032725,-0.003956375995097443,437.5571428571429,0.088422619047619
uschad,APS,hypergeom,0.5,120,0.9051168349372444,5.062526179020983,0.029501284756757215,0.006819886051833093,0.07189192215911508,-0.003696037865973783,111.4047619047619,0.07162698412698405
uschad,APS,hypergeom,0.5,240,0.9120196659578653,5.139159292798086,0.025216587627623212,0.013305780302796567,0.15470039934373292,-0.007255292676998714,207.03809523809525,0.13734126984126982
uschad,APS,hypergeom,0.5,480,0.915812047765722,5.184385116152638,0.023057207640229813,0.017243113237369302,0.21771808870511888,-0.009227382787937893,378.6095238095238,0.21123015873015874
uschad,APS,hypergeom,0.5,960,0.915812047765722,5.184385116152638,0.023057207640229813,0.017243113237369302,0.21771808870511888,-0.009227382787937893,378.6095238095238,0.21123015873015874
uschad,APS,hypergeom,1.0,120,0.9198915604010414,5.274904911034702,0.02193143493430828,0.02159461151563003,0.2842706541728347,-0.011265887688422712,98.10952380952381,0.18242063492063487
uschad,APS,hypergeom,1.0,240,0.927443787710748,5.408937670148247,0.01765110309522313,0.028729902055679223,0.4244787766938942,-0.014820777209398792,169.27619047619046,0.2946825396825397
uschad,APS,hypergeom,1.0,480,0.9305972213377038,5.454205273227138,0.015902099859903398,0.032028286809351214,0.4875382457796171,-0.016382490568264317,281.45238095238096,0.41364087301587305
uschad,APS,hypergeom,1.0,960,0.9305972213377038,5.454205273227138,0.015902099859903398,0.032028286809351214,0.4875382457796171,-0.016382490568264317,281.45238095238096,0.41364087301587305
uschad,APS,martingale,0.1,120,0.898308465510448,4.990859755332589,0.033195326617289314,1.1516625036781907e-05,0.0002254984707206476,-1.996005441707618e-06,119.9095238095238,0.0007539682539682476
uschad,APS,martingale,0.1,240,0.8989448833201131,4.98673562989995,0.032388719627965336,0.0002309976650444173,0.0022767364455981254,-8.316067665660825e-05,239.1095238095238,0.00371031746031745
uschad,APS,martingale,0.1,480,0.8998492434961487,4.977299878891226,0.03163366945771952,0.0012803089677960837,0.010632851443706053,-0.0006509209704482049,473.4,0.01374999999999996
uschad,APS,martingale,0.1,960,0.8998492434961487,4.977299878891226,0.03163366945771952,0.0012803089677960837,0.010632851443706053,-0.0006509209704482049,473.4,0.01374999999999996
uschad,APS,martingale,0.25,120,0.8988430571872599,4.996041793065762,0.032908762369314955,0.000546108301848636,0.005407536203893916,-0.0002885602534160649,119.14285714285714,0.007142857142857122
uschad,APS,martingale,0.25,240,0.9017037750700729,5.011975204824636,0.03086181684917272,0.002989889415004327,0.027516311370284062,-0.0016100634554492147,233.75714285714287,0.02601190476190474
uschad,APS,martingale,0.25,480,0.905495926597299,5.038537049444519,0.028469794371435254,0.006926992068946228,0.07187002199699846,-0.0038147960567324526,451.23333333333335,0.0599305555555555
uschad,APS,martingale,0.25,960,0.905495926597299,5.038537049444519,0.028469794371435254,0.006926992068946228,0.07187002199699846,-0.0038147960567324526,451.23333333333335,0.0599305555555555
uschad,APS,martingale,0.5,120,0.902062090572793,5.030362238476655,0.03125680506461039,0.0037651416873816833,0.039727981614785905,-0.0019405175581206169,116.35238095238095,0.03039682539682535
uschad,APS,martingale,0.5,240,0.910429408937886,5.113215461451818,0.0261756375340495,0.011715523282817289,0.1287565679974666,-0.006296242770572426,220.23333333333332,0.08236111111111108
uschad,APS,martingale,0.5,480,0.9160545172973098,5.187138015496401,0.022888366438935503,0.01748558276895708,0.2204709880488806,-0.009396223989232207,404.7952380952381,0.1566765873015873
uschad,APS,martingale,0.5,960,0.9160545172973098,5.187138015496401,0.022888366438935503,0.01748558276895708,0.2204709880488806,-0.009396223989232207,404.7952380952381,0.1566765873015873
uschad,APS,martingale,1.0,120,0.916896850197424,5.215355978367376,0.02390213525749397,0.01859990131201263,0.22472172150550873,-0.009295187365237028,107.07619047619048,0.10769841269841263
uschad,APS,martingale,1.0,240,0.9281349753367044,5.408923622565425,0.01730687657793587,0.029421089681635763,0.4244647291110726,-0.01516500372668605,189.41904761904763,0.21075396825396825
uschad,APS,martingale,1.0,480,0.9315748908158464,5.469530438354472,0.015498268005942178,0.033005956287493775,0.5028634109069509,-0.01678632242222553,315.8666666666667,0.34194444444444444
uschad,APS,martingale,1.0,960,0.9315748908158464,5.469530438354472,0.015498268005942178,0.033005956287493775,0.5028634109069509,-0.01678632242222553,315.8666666666667,0.34194444444444444
uschad,APS,midpoint,0.5,120,0.8974045653747647,4.981631650745645,0.0338221657662668,-0.0008923835106466189,-0.009002606116223109,0.0006248431435357709,107.03809523809524,0.10801587301587297
uschad,APS,midpoint,0.5,240,0.8982499822409606,4.984782342892241,0.03275066660813733,-0.0004639034141080293,0.0003234494378881361,0.0002787863035153794,198.9,0.17124999999999999
uschad,APS,midpoint,0.5,480,0.8969142927156156,4.951850796603005,0.03322182941496919,-0.0016546418127370312,-0.014816230844515268,0.0009372389868014594,349.5285714285714,0.2718154761904762
uschad,APS,midpoint,0.5,960,0.8969142927156156,4.951850796603005,0.03322182941496919,-0.0016546418127370312,-0.014816230844515268,0.0009372389868014594,349.5285714285714,0.2718154761904762
uschad,APS,no_intersection,0.5,120,0.9051148493611321,5.062757295192726,0.02957975878425831,0.006817900475720722,0.07212303833085751,-0.0036175638384726883,108.87142857142857,0.09273809523809519
uschad,APS,no_intersection,0.5,240,0.9116980468726148,5.135618623960004,0.025380527763704593,0.01298416121754605,0.15115973050565107,-0.007091352540917329,204.44761904761904,0.14813492063492062
uschad,APS,no_intersection,0.5,480,0.915209186842931,5.180741182671517,0.023364240640894377,0.016640252314578226,0.21407415522399695,-0.008920349787273331,362.5,0.24479166666666666
uschad,APS,no_intersection,0.5,960,0.915209186842931,5.180741182671517,0.023364240640894377,0.016640252314578226,0.21407415522399695,-0.008920349787273331,362.5,0.24479166666666666
uschad,APS,one_look_50,0.5,120,0.9464512107985057,6.062306888642476,0.011096098830886017,0.048154261913094284,1.0716726317806078,-0.022101223791844978,60.0,0.5000000000000002
uschad,APS,one_look_50,0.5,240,0.9383334662665954,5.81913039568587,0.013534861102602203,0.03961958061152665,0.8346715022315175,-0.018937019202019723,120.0,0.5000000000000002
uschad,APS,one_look_50,0.5,480,0.9222690257617283,5.435847629484313,0.020385781007435138,0.023700091233375492,0.4691806020367928,-0.011898809420732567,240.0,0.5000000000000002
uschad,APS,one_look_50,0.5,960,0.9222690257617283,5.435847629484313,0.020385781007435138,0.023700091233375492,0.4691806020367928,-0.011898809420732567,240.0,0.5000000000000002
uschad,APS,sparse_checks,0.5,120,0.9014501761230753,5.02264738581953,0.031587036394904365,0.003153227237664017,0.03201312895766182,-0.001610286227826648,111.30952380952381,0.07242063492063489
uschad,APS,sparse_checks,0.5,240,0.9034957224336944,5.03380754121838,0.029992199053495625,0.004781836778625687,0.04934864776402691,-0.0024796812511263043,213.47142857142856,0.11053571428571428
uschad,APS,sparse_checks,0.5,480,0.906962868823328,5.049472146671523,0.02784393810845484,0.00839393429497529,0.0828051192240017,-0.00444065231971287,388.8666666666667,0.18986111111111112
uschad,APS,sparse_checks,0.5,960,0.906962868823328,5.049472146671523,0.02784393810845484,0.00839393429497529,0.0828051192240017,-0.00444065231971287,388.8666666666667,0.18986111111111112
uschad,APS,uncorrected,0.5,120,0.9056055328304458,5.070197883353638,0.029275216982119802,0.007308583945034365,0.07956362649176928,-0.003922105640611195,106.44761904761904,0.11293650793650789
uschad,APS,uncorrected,0.5,240,0.9121236682900823,5.154435405964298,0.02523342253723925,0.013409782635013596,0.16997651250994472,-0.0072384577673826715,179.59047619047618,0.2517063492063492
uschad,APS,uncorrected,0.5,480,0.9136854788989015,5.168957855363451,0.024210975568540526,0.015116544370548794,0.20229082791592992,-0.008073614859627183,280.95714285714286,0.41467261904761904
uschad,APS,uncorrected,0.5,960,0.9136854788989015,5.168957855363451,0.024210975568540526,0.015116544370548794,0.20229082791592992,-0.008073614859627183,280.95714285714286,0.41467261904761904
uschad,LAC,fixed_25,0.5,120,0.9057164816886898,2.851182224243863,0.03638537592839516,0.0014658645531792586,0.2195323800494271,0.002236175844016798,30.0,0.7500000000000004
uschad,LAC,fixed_25,0.5,240,0.9060594960721468,2.7264719037251433,0.03412942084277826,0.0022973213461954917,0.1301995860725119,0.0002474419041716532,60.0,0.7500000000000004
uschad,LAC,fixed_25,0.5,480,0.9032740535295382,2.636538721886474,0.035042335850639414,9.911410435077538e-05,0.07000143022593705,0.001042744799871556,120.0,0.7500000000000004
uschad,LAC,fixed_25,0.5,960,0.9032740535295382,2.636538721886474,0.035042335850639414,9.911410435077538e-05,0.07000143022593705,0.001042744799871556,120.0,0.7500000000000004
uschad,LAC,fixed_50,0.5,120,0.9048640271500731,2.702966797992968,0.0348591361223708,0.000613410014562451,0.07131695379853213,0.0007099360379924437,60.0,0.5000000000000002
uschad,LAC,fixed_50,0.5,240,0.9046476048096106,2.643023655429723,0.033967016513911714,0.0008854300836594709,0.04675133777709151,8.503757530510937e-05,120.0,0.5000000000000002
uschad,LAC,fixed_50,0.5,480,0.9035419464772045,2.5909811070663284,0.03423257361336394,0.00036700705201709493,0.024443815405791203,0.00023298256259608743,240.0,0.5000000000000002
uschad,LAC,fixed_50,0.5,960,0.9035419464772045,2.5909811070663284,0.03423257361336394,0.00036700705201709493,0.024443815405791203,0.00023298256259608743,240.0,0.5000000000000002
uschad,LAC,fixed_75,0.5,120,0.9040807388332781,2.6509611007692855,0.034600136560836305,-0.00016987830223238898,0.019311256574849712,0.0004509364764579519,90.0,0.2500000000000001
uschad,LAC,fixed_75,0.5,240,0.9040300047615834,2.6100576762492618,0.033791683432353246,0.00026783003563219396,0.013785358596630094,-9.02955062533528e-05,180.0,0.2500000000000001
uschad,LAC,fixed_75,0.5,480,0.9030975834895226,2.5708666360118912,0.03418429914276522,-7.735593566471154e-05,0.004329344351354346,0.00018470809199736313,360.0,0.2500000000000001
uschad,LAC,fixed_75,0.5,960,0.9030975834895226,2.5708666360118912,0.03418429914276522,-7.735593566471154e-05,0.004329344351354346,0.00018470809199736313,360.0,0.2500000000000001
uschad,LAC,full_reference,0.5,120,0.9042506171355106,2.631649844194436,0.03414920008437835,0.0,0.0,0.0,120.0,0.0
uschad,LAC,full_reference,0.5,240,0.9037621747259512,2.5962723176526317,0.0338819789386066,0.0,0.0,0.0,240.0,0.0
uschad,LAC,full_reference,0.5,480,0.9031749394251873,2.5665372916605373,0.03399959105076785,0.0,0.0,0.0,480.0,0.0
uschad,LAC,full_reference,0.5,960,0.9031749394251873,2.5665372916605373,0.03399959105076785,0.0,0.0,0.0,480.0,0.0
uschad,LAC,horizon,0.1,120,0.9040549026972378,2.629717124621519,0.03426159564348211,-0.0001957144382727065,-0.0019327195729169644,0.00011239555910376045,119.35238095238095,0.005396825396825365
uschad,LAC,horizon,0.1,240,0.9040028529906753,2.599580330341817,0.033704412049905055,0.00024067826472405306,0.0033080126891856226,-0.00017756688870154016,237.4904761904762,0.01045634920634918
uschad,LAC,horizon,0.1,480,0.9046261652831856,2.581952398715554,0.03317592208854166,0.0014512258579981523,0.015415107055017046,-0.000823668962226185,467.6380952380952,0.025753968253968196
uschad,LAC,horizon,0.1,960,0.9046261652831856,2.581952398715554,0.03317592208854166,0.0014512258579981523,0.015415107055017046,-0.000823668962226185,467.6380952380952,0.025753968253968196
uschad,LAC,horizon,0.25,120,0.9052533553539996,2.642027065451316,0.03359546432057728,0.0010027382184889873,0.010377221256880263,-0.0005537357638010656,115.95714285714286,0.03369047619047614
uschad,LAC,horizon,0.25,240,0.9081760319765003,2.6441593595653705,0.03137951066356354,0.004413857250549126,0.04788704191273886,-0.002502468275043038,224.95238095238096,0.06269841269841267
uschad,LAC,horizon,0.25,480,0.9114063075284234,2.6598283016170745,0.029484605756014432,0.008231368103236061,0.09329100995653712,-0.0045149852947533944,419.1857142857143,0.12669642857142852
uschad,LAC,horizon,0.25,960,0.9114063075284234,2.6598283016170745,0.029484605756014432,0.008231368103236061,0.09329100995653712,-0.0045149852947533944,419.1857142857143,0.12669642857142852
uschad,LAC,horizon,0.5,120,0.9122096871648668,2.72378350709817,0.029763426987989932,0.007959070029356244,0.09213366290373436,-0.004385773096388396,104.86190476190477,0.1261507936507936
uschad,LAC,horizon,0.5,240,0.9184651956839421,2.7725462278146114,0.025686785565978323,0.014703020957990908,0.17627391016197974,-0.00819519337262825,192.7,0.1970833333333333
uschad,LAC,horizon,0.5,480,0.9207250526627506,2.7907517002131934,0.02426449316638852,0.017550113237563208,0.2242144085526557,-0.009735097884379314,330.35714285714283,0.3117559523809524
uschad,LAC,horizon,0.5,960,0.9207250526627506,2.7907517002131934,0.02426449316638852,0.017550113237563208,0.2242144085526557,-0.009735097884379314,330.35714285714283,0.3117559523809524
uschad,LAC,horizon,1.0,120,0.9275126081549223,2.946646461002372,0.021739579285207603,0.0232619910194116,0.3149966168079361,-0.012409620799170724,84.42857142857143,0.2964285714285715
uschad,LAC,horizon,1.0,240,0.9338811940682664,3.0266359467162975,0.01765574210427352,0.030119019342315135,0.4303636290636659,-0.016226236834333062,142.44285714285715,0.4064880952380953
uschad,LAC,horizon,1.0,480,0.9360649252421985,3.046166385060683,0.01635169667261157,0.03288998581701118,0.47962909340014537,-0.017647894378156264,217.3,0.5472916666666666
uschad,LAC,horizon,1.0,960,0.9360649252421985,3.046166385060683,0.01635169667261157,0.03288998581701118,0.47962909340014537,-0.017647894378156264,217.3,0.5472916666666666
uschad,LAC,hypergeom,0.1,120,0.9042890464707858,2.63205984603548,0.03412261775409829,3.842933527526147e-05,0.00041000184104406144,-2.6582330280051715e-05,119.87142857142857,0.0010714285714285591
uschad,LAC,hypergeom,0.1,240,0.9039730892865019,2.598474896134509,0.03375800550461456,0.00021091456055058358,0.0022025784818780775,-0.0001239734339920315,238.9,0.004583333333333313
uschad,LAC,hypergeom,0.1,480,0.9043822458908483,2.5783737893270233,0.03329433623421441,0.001207306465660931,0.011836497666486097,-0.0007052548165534239,473.84285714285716,0.0128273809523809
uschad,LAC,hypergeom,0.1,960,0.9043822458908483,2.5783737893270233,0.03329433623421441,0.001207306465660931,0.011836497666486097,-0.0007052548165534239,473.84285714285716,0.0128273809523809
uschad,LAC,hypergeom,0.25,120,0.9055008740664873,2.6446864790361566,0.03342812851755051,0.001250256930976727,0.013036634841720426,-0.0007210715668278166,117.6,0.019999999999999945
uschad,LAC,hypergeom,0.25,240,0.908180080386707,2.642861162559123,0.03137456643817123,0.004417905660755633,0.04658884490649167,-0.0025074125004353465,228.84285714285716,0.04648809523809521
uschad,LAC,hypergeom,0.25,480,0.9115749173656302,2.6592459434115168,0.029413581361606225,0.008399977940442957,0.09270865175097905,-0.004586009689161607,439.25714285714287,0.08488095238095235
uschad,LAC,hypergeom,0.25,960,0.9115749173656302,2.6592459434115168,0.029413581361606225,0.008399977940442957,0.09270865175097905,-0.004586009689161607,439.25714285714287,0.08488095238095235
uschad,LAC,hypergeom,0.5,120,0.9122675067308389,2.72301130885,0.029662292527102875,0.00801688959532831,0.09136146465556388,-0.0044869075572754455,109.88571428571429,0.08428571428571421
uschad,LAC,hypergeom,0.5,240,0.9189423705141258,2.774454877059174,0.02541537336759207,0.015180195788174417,0.17818255940654293,-0.008466605571014507,203.0952380952381,0.15376984126984125
uschad,LAC,hypergeom,0.5,480,0.921674313311937,2.7992479696372214,0.0237716539078224,0.01849937388674964,0.2327106779766842,-0.010227937142945431,365.1904761904762,0.23918650793650795
uschad,LAC,hypergeom,0.5,960,0.921674313311937,2.7992479696372214,0.0237716539078224,0.01849937388674964,0.2327106779766842,-0.010227937142945431,365.1904761904762,0.23918650793650795
uschad,LAC,hypergeom,1.0,120,0.928690077430679,2.95802357359127,0.02117131418659637,0.02443946029516831,0.32637372939683407,-0.012977885897781954,94.06666666666666,0.2161111111111111
uschad,LAC,hypergeom,1.0,240,0.9352391935940412,3.0409854934769123,0.01684826696743604,0.031477018868089866,0.444713175824281,-0.01703371197117054,157.8095238095238,0.3424603174603176
uschad,LAC,hypergeom,1.0,480,0.9379132200845726,3.073871610138742,0.015296301290968598,0.03473828065938523,0.5073343184782052,-0.018703289759799235,254.28095238095239,0.47024801587301596
uschad,LAC,hypergeom,1.0,960,0.9379132200845726,3.073871610138742,0.015296301290968598,0.03473828065938523,0.5073343184782052,-0.018703289759799235,254.28095238095239,0.47024801587301596
uschad,LAC,martingale,0.1,120,0.9042527304068546,2.631668641186917,0.03414708681303431,2.1132713440404763e-06,1.8796992481202854e-05,-2.1132713440404763e-06,119.9952380952381,3.9682539682539046e-05
uschad,LAC,martingale,0.1,240,0.9037934887427251,2.596626162983557,0.033865511808860195,3.131401677399677e-05,0.0003538453309256164,-1.646712974640445e-05,239.84761904761905,0.0006349206349206257
uschad,LAC,martingale,0.1,480,0.9040158574006667,2.574738999776711,0.03349499969654554,0.0008409179754793452,0.00820170811617382,-0.0005045913542223011,476.87142857142857,0.006517857142857101
uschad,LAC,martingale,0.1,960,0.9040158574006667,2.574738999776711,0.03349499969654554,0.0008409179754793452,0.00820170811617382,-0.0005045913542223011,476.87142857142857,0.006517857142857101
uschad,LAC,martingale,0.25,120,0.9044474884669526,2.6339522970108655,0.034033920228816704,0.00019687133144190858,0.0023024528164298317,-0.00011527985556163728,119.66190476190476,0.0028174603174603
uschad,LAC,martingale,0.25,240,0.906235721576596,2.6221409379747374,0.032460111945111884,0.0024735468506448233,0.025868620322106125,-0.0014218669934947027,235.7952380952381,0.017519841269841244
uschad,LAC,martingale,0.25,480,0.9114756431353989,2.65634087261872,0.02945221590013886,0.008300703710211462,0.08980358095818247,-0.004547375150628975,453.55238095238093,0.055099206349206294
uschad,LAC,martingale,0.25,960,0.9114756431353989,2.65634087261872,0.02945221590013886,0.008300703710211462,0.08980358095818247,-0.004547375150628975,453.55238095238093,0.055099206349206294
uschad,LAC,martingale,0.5,120,0.9080521909407214,2.6743647307970284,0.03204892944676448,0.003801573805210815,0.04271488660259258,-0.0021002706376138528,116.53333333333333,0.028888888888888842
uschad,LAC,martingale,0.5,240,0.9176228827695234,2.756641073632409,0.026251731786423146,0.013860708043572149,0.16036875597977762,-0.007630247152183432,218.47619047619048,0.08968253968253966
uschad,LAC,martingale,0.5,480,0.9223766859655924,2.8062116037167724,0.023442184766050245,0.019201746540405,0.23967431205623535,-0.010557406284717583,395.75714285714287,0.17550595238095237
uschad,LAC,martingale,0.5,960,0.9223766859655924,2.8062116037167724,0.023442184766050245,0.019201746540405,0.23967431205623535,-0.010557406284717583,395.75714285714287,0.17550595238095237
uschad,LAC,martingale,1.0,120,0.9243546872257394,2.900440833715879,0.023936625546572932,0.020104070090228764,0.2687909895214434,-0.010212574537805393,104.79047619047618,0.1267460317460317
uschad,LAC,martingale,1.0,240,0.9362565451484732,3.0568076346652457,0.016480298847001997,0.03249437042252201,0.4605353170126142,-0.01740168009160458,180.56666666666666,0.2476388888888889
uschad,LAC,martingale,1.0,480,0.9389267302313566,3.0899610235527906,0.014837299815169513,0.03575179080616923,0.5234237318922532,-0.019162291235598324,290.0809523809524,0.39566468253968257
uschad,LAC,martingale,1.0,960,0.9389267302313566,3.0899610235527906,0.014837299815169513,0.03575179080616923,0.5234237318922532,-0.019162291235598324,290.0809523809524,0.39566468253968257
uschad,LAC,midpoint,0.5,120,0.9020060869942467,2.6144560678145043,0.03569695459046143,-0.0022445301412638715,-0.01719377637993154,0.0015477545060830662,104.86190476190477,0.1261507936507936
uschad,LAC,midpoint,0.5,240,0.9014875085061033,2.5786077842975255,0.03535726008322743,-0.0022746662198480402,-0.017664533355106135,0.0014752811446208172,192.7,0.1970833333333333
uschad,LAC,midpoint,0.5,480,0.8990603127409477,2.528455468079529,0.03663096646687363,-0.0041146266842396655,-0.03808182358100783,0.0026313754161057593,330.35714285714283,0.3117559523809524
uschad,LAC,midpoint,0.5,960,0.8990603127409477,2.528455468079529,0.03663096646687363,-0.0041146266842396655,-0.03808182358100783,0.0026313754161057593,330.35714285714283,0.3117559523809524
uschad,LAC,no_intersection,0.5,120,0.9119313922187308,2.7192402137134986,0.02990405597998516,0.007680775083220138,0.0875903695190628,-0.004245144104393166,106.71904761904761,0.11067460317460312
uschad,LAC,no_intersection,0.5,240,0.9184317612780727,2.7697131325559066,0.025699128421659098,0.01466958655212134,0.17344081490327498,-0.008182850516947483,198.96190476190475,0.17099206349206347
uschad,LAC,no_intersection,0.5,480,0.920834972827827,2.7910849081280555,0.02423661923873286,0.01766003340263967,0.2245476164675182,-0.009762971812034971,345.0571428571429,0.28113095238095237
uschad,LAC,no_intersection,0.5,960,0.920834972827827,2.7910849081280555,0.02423661923873286,0.01766003340263967,0.2245476164675182,-0.009762971812034971,345.0571428571429,0.28113095238095237
uschad,LAC,one_look_50,0.5,120,0.952211740963405,3.834716707548725,0.011370481390443797,0.04796112382789424,1.2030668633542894,-0.022778718693934528,60.0,0.5000000000000002
uschad,LAC,one_look_50,0.5,240,0.944495252999858,3.4965754331245855,0.013927859617796195,0.04073307827390678,0.9003031154719541,-0.019954119320810385,120.0,0.5000000000000002
uschad,LAC,one_look_50,0.5,480,0.9282549760513789,3.045835703833802,0.021072578357345835,0.025080036626191477,0.479298412173265,-0.012927012693421993,240.0,0.5000000000000002
uschad,LAC,one_look_50,0.5,960,0.9282549760513789,3.045835703833802,0.021072578357345835,0.025080036626191477,0.479298412173265,-0.012927012693421993,240.0,0.5000000000000002
uschad,LAC,sparse_checks,0.5,120,0.9076736904480946,2.6690265411955223,0.032267638545267076,0.0034230733125839644,0.03737669700108624,-0.0018815615391112566,109.87619047619047,0.08436507936507932
uschad,LAC,sparse_checks,0.5,240,0.9094178612137952,2.6572589213497255,0.030622532285168126,0.005655686487843951,0.060986603697093765,-0.0032594466534384635,208.61904761904762,0.13075396825396826
uschad,LAC,sparse_checks,0.5,480,0.9129638666308757,2.67452538567241,0.028612033274453354,0.00978892720568839,0.1079880940118727,-0.005387557776314482,369.9761904761905,0.22921626984126986
uschad,LAC,sparse_checks,0.5,960,0.9129638666308757,2.67452538567241,0.028612033274453354,0.00978892720568839,0.1079880940118727,-0.005387557776314482,369.9761904761905,0.22921626984126986
uschad,LAC,uncorrected,0.5,120,0.9124544345600313,2.7280989351522207,0.0296703177596939,0.008203817424520605,0.09644909095778469,-0.004478882324684428,104.33809523809524,0.13051587301587297
uschad,LAC,uncorrected,0.5,240,0.9185212799918749,2.7832203282178725,0.025673116552249565,0.014759105265923715,0.18694801056524102,-0.00820886238635701,171.25714285714287,0.2864285714285715
uschad,LAC,uncorrected,0.5,480,0.9191308985563765,2.775656771455006,0.025265681613191367,0.015955959131189152,0.2091194797944688,-0.008733909437576461,256.48571428571427,0.46565476190476196
uschad,LAC,uncorrected,0.5,960,0.9191308985563765,2.775656771455006,0.025265681613191367,0.015955959131189152,0.2091194797944688,-0.008733909437576461,256.48571428571427,0.46565476190476196
wisdm,APS,fixed_25,0.5,120,0.9009837488954114,10.164723457473286,0.032546364111651814,0.0032881159437744183,0.32758151223768206,0.0031906497157364144,30.0,0.7500000000000004
wisdm,APS,fixed_25,0.5,240,0.8984151526905815,9.93698796546423,0.030480529025827558,0.0015213763499566425,0.14549462558727622,0.0015927360712995747,60.0,0.7500000000000004
wisdm,APS,fixed_25,0.5,480,0.8993785786585063,9.883007457754761,0.028265455718330057,0.0022462468347149702,0.10439271637387745,8.452681879905677e-05,120.0,0.7500000000000004
wisdm,APS,fixed_25,0.5,960,0.8973731881883399,9.80235766065506,0.028571984037800587,0.0006691377736333933,0.037209734941612095,0.0003606718145554367,240.0,0.7500000000000004
wisdm,APS,fixed_50,0.5,120,0.8991386912388746,9.961986669589383,0.03033508364834814,0.0014430582872376257,0.1248447243537776,0.0009793692524327458,60.0,0.5000000000000002
wisdm,APS,fixed_50,0.5,240,0.897400558872109,9.836265326394239,0.029471317061358502,0.0005067825314840921,0.04477198651728415,0.0005835241068305261,120.0,0.5000000000000002
wisdm,APS,fixed_50,0.5,480,0.8973473020161228,9.794555763347015,0.02856574169076439,0.00021497019233151138,0.015941021966131154,0.00038481279123338605,240.0,0.5000000000000002
wisdm,APS,fixed_50,0.5,960,0.8969991797673166,9.778250906305988,0.02822877262554481,0.000295129352610149,0.013102980592542337,1.746040229966604e-05,480.0,0.5000000000000002
wisdm,APS,fixed_75,0.5,120,0.8989327222489101,9.901140417720928,0.029457666193845936,0.0012370892972729554,0.06399847248532274,0.00010195179793055522,90.0,0.2500000000000001
wisdm,APS,fixed_75,0.5,240,0.8967902359421205,9.796336583680905,0.029233350291024918,-0.00010354039850444318,0.004843243803950585,0.00034555733649694844,180.0,0.2500000000000001
wisdm,APS,fixed_75,0.5,480,0.8972622087363444,9.786021562247903,0.02828400038043742,0.00012987691255307625,0.007406820867019269,0.00010307148090642313,360.0,0.2500000000000001
wisdm,APS,fixed_75,0.5,960,0.896667893047946,9.76517649681206,0.028336852978599943,-3.615736676057525e-05,2.8571098613453027e-05,0.00012554075535479224,720.0,0.2500000000000001
wisdm,APS,full_reference,0.5,120,0.897695632951637,9.837141945235604,0.029355714395915382,0.0,0.0,0.0,120.0,0.0
wisdm,APS,full_reference,0.5,240,0.896893776340625,9.791493339876956,0.028887792954527966,0.0,0.0,0.0,240.0,0.0
wisdm,APS,full_reference,0.5,480,0.8971323318237913,9.778614741380885,0.028180928899531,0.0,0.0,0.0,480.0,0.0
wisdm,APS,full_reference,0.5,960,0.8967040504147066,9.765147925713448,0.028211312223245147,0.0,0.0,0.0,960.0,0.0
wisdm,APS,horizon,0.1,120,0.8976703124570042,9.836426392401092,0.029369308385545835,-2.5320494632879694e-05,-0.0007155528345122938,1.3593989630454922e-05,119.87908496732027,0.0010076252723311386
wisdm,APS,horizon,0.1,240,0.8968470340136652,9.790246393310401,0.028908223141009753,-4.67423269597166e-05,-0.001246946566554272,2.0430186481782818e-05,239.37745098039215,0.0025939542483659917
wisdm,APS,horizon,0.1,480,0.8971054923059346,9.77744111204891,0.02821796487137001,-2.6839517856730325e-05,-0.001173629331973831,3.7035971839003566e-05,477.2761437908497,0.005674700435729798
wisdm,APS,horizon,0.1,960,0.8971033314478388,9.776160157785439,0.028005219498468327,0.0003992810331323802,0.011012232071990164,-0.00020609272477680796,949.6535947712418,0.010777505446623068
wisdm,APS,horizon,0.25,120,0.8976171542131685,9.836071610495209,0.029419532972545726,-7.84787384685429e-05,-0.0010703347403960156,6.381857663034672e-05,119.44771241830065,0.004602396514161183
wisdm,APS,horizon,0.25,240,0.89709871996093,9.796360613984167,0.028780016690965457,0.00020494362030507588,0.004867274107213136,-0.00010777626356250441,238.20098039215685,0.00749591503267971
wisdm,APS,horizon,0.25,480,0.8986175534374453,9.816332770116569,0.027328039897614148,0.001485221613653935,0.03771802873568487,-0.0008528890019168268,468.6928104575163,0.023556644880174227
wisdm,APS,horizon,0.25,960,0.9000428243776637,9.859173766042273,0.02628093989498625,0.0033387739629572076,0.0940258403288273,-0.0019303723282588629,915.7532679738562,0.046090345860566394
wisdm,APS,horizon,0.5,120,0.8980916278230768,9.846764678229725,0.02914817302394657,0.0003959948714397432,0.009622732994120553,-0.00020754137196879967,118.08333333333333,0.015972222222222172
wisdm,APS,horizon,0.5,240,0.8994157947324677,9.854928109965694,0.027506922440851112,0.0025220183918427197,0.06343477008874057,-0.001380870513676824,231.84313725490196,0.03398692810457513
wisdm,APS,horizon,0.5,480,0.9039915534814865,9.967879607169602,0.024351521642666376,0.006859221657695187,0.18926486578871815,-0.0038294072568645903,440.2712418300654,0.08276824618736378
wisdm,APS,horizon,0.5,960,0.9049430812321796,10.00458253483873,0.023625375393607425,0.008239030817473151,0.23943460912528328,-0.004585936829637694,827.218954248366,0.1383135893246187
wisdm,APS,horizon,1.0,120,0.9018697144186759,9.951855626094881,0.027350502902555304,0.004174081467038818,0.11471368085927704,-0.002005211493360046,112.06372549019608,0.06613562091503263
wisdm,APS,horizon,1.0,240,0.9089791036300262,10.134747950591919,0.022523092278469513,0.012085327289401213,0.3432546107149646,-0.006364700676058421,209.15522875816993,0.12851988017429192
wisdm,APS,horizon,1.0,480,0.91323263246571,10.252932629535252,0.019766640011036587,0.016100300641918606,0.4743178881543671,-0.008414288888494383,367.37091503267976,0.23464392701525053
wisdm,APS,horizon,1.0,960,0.9136657590640501,10.26045340337464,0.01953934491065628,0.016961708649343602,0.49530547766119304,-0.008671967312588843,621.2058823529412,0.35291053921568627
wisdm,APS,hypergeom,0.1,120,0.897695632951637,9.837141945235604,0.029355714395915382,0.0,0.0,0.0,120.0,0.0
wisdm,APS,hypergeom,0.1,240,0.8968716846226975,9.790563818735224,0.028897296362038406,-2.2091717927433027e-05,-0.0009295211417304647,9.503407510441299e-06,239.86601307189542,0.0005582788671023876
wisdm,APS,hypergeom,0.1,480,0.897160502711715,9.779285681722042,0.02816821707504757,2.817088792348177e-05,0.0006709403411567996,-1.2711824483422582e-05,479.3872549019608,0.0012765522875816625
wisdm,APS,hypergeom,0.1,960,0.897017459897656,9.773855088675836,0.02803914792781033,0.00031340948294950835,0.008707162962388746,-0.0001721642954348044,955.9820261437909,0.004185389433551168
wisdm,APS,hypergeom,0.25,120,0.8977224446450485,9.83791433839119,0.029343953436580826,2.6811693411437005e-05,0.0007723931555862049,-1.1760959334555123e-05,119.93300653594771,0.0005582788671023876
wisdm,APS,hypergeom,0.25,240,0.8970698723948536,9.795310818107666,0.028793080611655517,0.0001760960542286453,0.003817478230711531,-9.471234287243635e-05,239.1748366013072,0.0034381808278866823
wisdm,APS,hypergeom,0.25,480,0.8984432198885541,9.809414543659454,0.027394787081814947,0.0013108880647628145,0.030799802278568475,-0.0007861418177160249,474.1552287581699,0.012176606753812567
wisdm,APS,hypergeom,0.25,960,0.899930049633826,9.85377094145877,0.02630418214586792,0.0032259992191194073,0.08862301574532234,-0.0019071300773772003,933.4640522875817,0.027641612200435695
wisdm,APS,hypergeom,0.5,120,0.8980820775812474,9.845666196625794,0.029122456298572345,0.00038644462961027006,0.008524251390190182,-0.00023325809734301364,119.2483660130719,0.006263616557734155
wisdm,APS,hypergeom,0.5,240,0.8993080960044012,9.85127089201439,0.02756172631882536,0.0024143196637762664,0.05977755213743563,-0.0013260666357025764,234.4264705882353,0.023223039215686244
wisdm,APS,hypergeom,0.5,480,0.9034579689248947,9.950298454157963,0.024599509926019992,0.006325637101103249,0.1716837127770782,-0.003581418973510979,454.9640522875817,0.052158224400871395
wisdm,APS,hypergeom,0.5,960,0.9053207684035695,10.014893596648193,0.0233748258659005,0.008616717988863034,0.24974567093474534,-0.0048364863573446175,868.6143790849674,0.09519335511982564
wisdm,APS,hypergeom,1.0,120,0.9019194895374046,9.947141910127863,0.027244589384825886,0.004223856585767504,0.10999996489225977,-0.002111125011089458,114.890522875817,0.04257897603485833
wisdm,APS,hypergeom,1.0,240,0.9093983258053175,10.144628264819863,0.02230872612898581,0.012504549464692477,0.353134924942908,-0.006579066825542125,215.77777777777777,0.1009259259259259
wisdm,APS,hypergeom,1.0,480,0.9141675358353358,10.277564035557637,0.019292759308278062,0.017035204011544347,0.4989492941767527,-0.00888816959125291,397.9232026143791,0.1709933278867102
wisdm,APS,hypergeom,1.0,960,0.9138696851488524,10.268483943165245,0.019327552131575217,0.01716563473414586,0.5033360174517976,-0.008883760091669904,697.562091503268,0.2733728213507625
wisdm,APS,martingale,0.1,120,0.897695632951637,9.837141945235604,0.029355714395915382,0.0,0.0,0.0,120.0,0.0
wisdm,APS,martingale,0.1,240,0.8968823028684417,9.79104776157565,0.02889344423190762,-1.1473472183055746e-05,-0.0004455783013060843,5.651277379651634e-06,239.98366013071896,6.808278867102287e-05
wisdm,APS,martingale,0.1,480,0.89713869248269,9.778771246889582,0.028177767342653804,6.360658898514178e-06,0.00015650550869718917,-3.161556877188494e-06,479.92973856209153,0.00014637799564269576
wisdm,APS,martingale,0.1,960,0.8968702031585472,9.770285362529652,0.028132142727334487,0.00016615274384062902,0.0051374368162041125,-7.916949591064915e-05,958.2369281045752,0.0018365332244008527
wisdm,APS,martingale,0.25,120,0.897695632951637,9.837141945235604,0.029355714395915382,0.0,0.0,0.0,120.0,0.0
wisdm,APS,martingale,0.25,240,0.896897671050305,9.791359748268029,0.028880972137890083,3.894709680135394e-06,-0.0001335916089270059,-6.820816637878675e-06,239.9346405228758,0.0002723311546840915
wisdm,APS,martingale,0.25,480,0.8978790216488218,9.795223027445806,0.027712794860347483,0.0007466898250303389,0.01660828606492131,-0.0004681340391834968,477.5424836601307,0.005119825708060956
wisdm,APS,martingale,0.25,960,0.8994961433046365,9.838080264960805,0.026552922043738075,0.0027920928899299413,0.07293233924735744,-0.001658390179507039,943.7140522875817,0.016964528867102365
wisdm,APS,martingale,0.5,120,0.8977337604773791,9.838403922596587,0.02934126003807009,3.812752574199545e-05,0.0012619773609840402,-1.4454357845291176e-05,119.93464052287581,0.0005446623093681862
wisdm,APS,martingale,0.5,240,0.8976980851089064,9.809305594107796,0.028439379045570545,0.000804308768281399,0.017812254230840263,-0.00044841390895739946,238.71732026143792,0.005344498910675351
wisdm,APS,martingale,0.5,480,0.902984467106608,9.932503721002721,0.0248707779841779,0.005852135282816644,0.15388897962183642,-0.003310150915353068,464.52941176470586,0.032230392156862686
wisdm,APS,martingale,0.5,960,0.9058235353709805,10.030459125916012,0.023102221548514677,0.009119484956273802,0.2653112002025648,-0.00510909067473044,895.4084967320262,0.06728281590413938
wisdm,APS,martingale,1.0,120,0.8985357999608451,9.857603798110917,0.028938972877988862,0.0008401670092080001,0.020461852875311957,-0.0004167415179265031,119.30065359477125,0.0058278867102396084
wisdm,APS,martingale,1.0,240,0.9061012151252797,10.036869712924624,0.02418839042930503,0.009207438784654777,0.24537637304766968,-0.004699402525222904,228.99346405228758,0.04586056644880171
wisdm,APS,martingale,1.0,480,0.9152418147994525,10.308890577090667,0.018736992177358417,0.018109482975661083,0.5302758357097832,-0.009443936722172554,423.781045751634,0.11712282135076249
wisdm,APS,martingale,1.0,960,0.9144363563264606,10.289608547369356,0.01904627445577371,0.017732305911754093,0.5244606216559075,-0.009165037767471414,760.6993464052288,0.20760484749455338
wisdm,APS,midpoint,0.5,120,0.8974703719717958,9.833042108862168,0.029530774154898746,-0.00022526097984130363,-0.004099836373436085,0.0001750597589833547,118.08333333333333,0.015972222222222172
wisdm,APS,midpoint,0.5,240,0.8969975804723836,9.795442468616006,0.02885209324182111,0.00010380413175877731,0.003949128739052699,-3.56997127068512e-05,231.84313725490196,0.03398692810457513
wisdm,APS,midpoint,0.5,480,0.8974667510139969,9.789211665050491,0.028035255020626145,0.00033441919020541606,0.010596923669606118,-0.00014567387890484875,440.2712418300654,0.08276824618736378
wisdm,APS,midpoint,0.5,960,0.8964460706205714,9.762523914335354,0.028446831215412114,-0.00025797979413524837,-0.0026240113780938916,0.0002355189921669637,827.218954248366,0.1383135893246187
wisdm,APS,no_intersection,0.5,120,0.8980406898977019,9.84495999151482,0.029154450258573474,0.00034505694606491906,0.007818046279215486,-0.00020126413734189268,119.23202614379085,0.006399782135076217
wisdm,APS,no_intersection,0.5,240,0.8991425630150138,9.845983384905523,0.027645906478674733,0.002248786674388942,0.05449004502856768,-0.001241886475853202,235.48529411764707,0.0188112745098039
wisdm,APS,no_intersection,0.5,480,0.9039852989979856,9.968359087084508,0.024288261824232903,0.006852967174194131,0.1897443457036231,-0.0038926670752980667,449.6470588235294,0.063235294117647
wisdm,APS,no_intersection,0.5,960,0.9051832757420922,10.010029187563173,0.023427823335264834,0.008479225327385657,0.24488126184972617,-0.004783488887980281,855.1813725490196,0.10918607026143787
wisdm,APS,one_look_50,0.5,120,0.9490003834873186,11.958774761423449,0.00817283987094727,0.05130475053568148,2.1216328161878444,-0.02118287452496808,60.0,0.5000000000000002
wisdm,APS,one_look_50,0.5,240,0.9388601503909016,11.309801549384597,0.010479663723201083,0.04196637405027678,1.5183082095076423,-0.01840812923132686,120.0,0.5000000000000002
wisdm,APS,one_look_50,0.5,480,0.9223219350446611,10.602210111206917,0.016062878640411046,0.02518960322086968,0.8235953698260313,-0.01211805025911993,240.0,0.5000000000000002
wisdm,APS,one_look_50,0.5,960,0.9152589372635104,10.344819360958871,0.018734214447879028,0.018554886848803857,0.5796714352454242,-0.009477097775366093,480.0,0.5000000000000002
wisdm,APS,sparse_checks,0.5,120,0.8977396178201673,9.838343314670958,0.029350771575714356,4.398486853026177e-05,0.0012013694353527331,-4.9428202010240145e-06,119.23529411764706,0.0063725490196078274
wisdm,APS,sparse_checks,0.5,240,0.8969584394145741,9.792966459303692,0.02885288302206403,6.46630739492407e-05,0.0014731194267371484,-3.490993246393463e-05,238.5653594771242,0.005977668845315891
wisdm,APS,sparse_checks,0.5,480,0.8973881358031648,9.785291392953889,0.02809324106507218,0.0002558039793734153,0.006676651573003635,-8.76878344588123e-05,472.83006535947715,0.014937363834422636
wisdm,APS,sparse_checks,0.5,960,0.8999721775912826,9.843786380944737,0.026338215644286022,0.003268127176576154,0.07863845523128901,-0.001873096578959101,884.5882352941177,0.07855392156862738
wisdm,APS,uncorrected,0.5,120,0.8982671095602343,9.852689424974669,0.029058752314903607,0.0005714766085971799,0.01554747973906409,-0.00029696208101175943,117.91666666666667,0.01736111111111106
wisdm,APS,uncorrected,0.5,240,0.9001986992567738,9.879678145587826,0.027087023017574822,0.0033049229161488457,0.08818480571087195,-0.0018007699369531158,221.2483660130719,0.07813180827886707
wisdm,APS,uncorrected,0.5,480,0.9036918269390158,9.967092405295903,0.02468857531612226,0.006559495115224335,0.18847766391501813,-0.0034923535834087086,386.08006535947715,0.19566653050108926
wisdm,APS,uncorrected,0.5,960,0.9043014584334875,9.987790176550575,0.02422588270059703,0.0075974080187809516,0.22264225083712794,-0.00398542952264809,648.2679738562091,0.3247208605664488
wisdm,LAC,fixed_25,0.5,120,0.9007502125089126,9.347407594722668,0.03553618229182993,0.001784125201203398,0.3085955916392222,0.002925830668553132,30.0,0.7500000000000004
wisdm,LAC,fixed_25,0.5,240,0.9005567885207493,9.17492193664982,0.03295874093187339,0.0013642227237757561,0.16902375170713071,0.001231646077195539,60.0,0.7500000000000004
wisdm,LAC,fixed_25,0.5,480,0.9017540659473238,9.112790033113388,0.03059722355981168,0.0023620848961156743,0.13469841748813957,-0.0005130914250758101,120.0,0.7500000000000004
wisdm,LAC,fixed_25,0.5,960,0.8997723318813542,9.015269075775356,0.031322342046397424,0.0006072271628586688,0.055071787106729664,0.0002343966630713237,240.0,0.7500000000000004
wisdm,LAC,fixed_50,0.5,120,0.9002791169275315,9.165468355462622,0.033256857891239826,0.0013130296198223712,0.12665635237917594,0.0006465062679630321,60.0,0.5000000000000002
wisdm,LAC,fixed_50,0.5,240,0.8995932899868817,9.056224639766093,0.03221958687698653,0.00040072418990805844,0.050326454823402485,0.0004924920223086821,120.0,0.5000000000000002
wisdm,LAC,fixed_50,0.5,480,0.8996094523014162,9.006792006463144,0.0312918837857834,0.00021747125020817222,0.028700390837895565,0.00018156880089591657,240.0,0.5000000000000002
wisdm,LAC,fixed_50,0.5,960,0.899087486361714,8.970004125695077,0.03128070845838732,-7.76183567815857e-05,0.009806837026450068,0.0001927630750612167,480.0,0.5000000000000002
wisdm,LAC,fixed_75,0.5,120,0.8998898648299515,9.096100709843604,0.03269042771025496,0.0009237775222423855,0.05728870676015893,8.007608697817416e-05,90.0,0.2500000000000001
wisdm,LAC,fixed_75,0.5,240,0.8995285148321024,9.024666383221998,0.0317661196100767,0.0003359490351287987,0.0187681982793085,3.902475539886473e-05,180.0,0.2500000000000001
wisdm,LAC,fixed_75,0.5,480,0.8992438044149932,8.980605885895779,0.03132937967101393,-0.0001481766362149358,0.0025142702705308875,0.00021906468612644146,360.0,0.2500000000000001
wisdm,LAC,fixed_75,0.5,960,0.8988734172061873,8.956543907063446,0.0313512957612253,-0.00029168751230821343,-0.003653381605179944,0.00026335037789919043,720.0,0.2500000000000001
wisdm,LAC,full_reference,0.5,120,0.8989660873077091,9.038812003083445,0.03261035162327678,0.0,0.0,0.0,120.0,0.0
wisdm,LAC,full_reference,0.5,240,0.8991925657969736,9.005898184942689,0.03172709485467784,0.0,0.0,0.0,240.0,0.0
wisdm,LAC,full_reference,0.5,480,0.8993919810512081,8.97809161562525,0.031110314984887488,0.0,0.0,0.0,480.0,0.0
wisdm,LAC,full_reference,0.5,960,0.8991651047184955,8.960197288668628,0.0310879453833261,0.0,0.0,0.0,960.0,0.0
wisdm,LAC,horizon,0.1,120,0.8988903401646845,9.036526620820696,0.032662860189075126,-7.574714302459573e-05,-0.002285382262749051,5.250856579833923e-05,119.84967320261438,0.001252723311546821
wisdm,LAC,horizon,0.1,240,0.89911313985561,9.002812410709252,0.031760461091767604,-7.94259413635318e-05,-0.003085774233437138,3.336623708976404e-05,239.45098039215685,0.002287581699346385
wisdm,LAC,horizon,0.1,480,0.8993756586496957,8.977910513044261,0.03112539743490838,-1.632240151243581e-05,-0.00018110258098752173,1.5082450020892727e-05,478.31045751633985,0.0035198801742918977
wisdm,LAC,horizon,0.1,960,0.8995663491758852,8.971409095247907,0.030860121872190848,0.0004012444573896164,0.0112118065792803,-0.00022782351113523672,951.6601307189543,0.008687363834422628
wisdm,LAC,horizon,0.25,120,0.8989307281056099,9.037117873842503,0.03264486444196621,-3.5359202099117286e-05,-0.001694129240943681,3.4512818689424383e-05,119.41830065359477,0.004847494553376885
wisdm,LAC,horizon,0.25,240,0.8993126900548183,9.00797327352513,0.03166225311633652,0.00012012425784468152,0.002075088582439787,-6.484173834131755e-05,238.15196078431373,0.007700163398692778
wisdm,LAC,horizon,0.25,480,0.9007040547665688,9.015247998094905,0.030425422744451106,0.0013120737153606296,0.03715638246965705,-0.0006848922404363618,470.16993464052285,0.020479302832243952
wisdm,LAC,horizon,0.25,960,0.9023354771395345,9.056253631447408,0.02926489706927842,0.0031703724210390004,0.0960563427787796,-0.0018230483140476495,919.6094771241831,0.042073461328976
wisdm,LAC,horizon,0.5,120,0.8994776050561244,9.051126722152558,0.0323437648878519,0.0005115177484152905,0.012314719069112176,-0.0002665867354248682,117.7875816993464,0.018436819172113237
wisdm,LAC,horizon,0.5,240,0.9012636332940465,9.061600264942571,0.030614584005705978,0.002071067497072813,0.055702079999881554,-0.0011125108489718411,231.91013071895424,0.03370778867102393
wisdm,LAC,horizon,0.5,480,0.9052751028849686,9.156944524372326,0.027837502707196243,0.005883121833760529,0.17885290874707796,-0.0032728122776912185,442.27941176470586,0.07858455882352935
wisdm,LAC,horizon,0.5,960,0.906891254704627,9.201532131833032,0.02672353357969598,0.0077261499861313926,0.24133484316440357,-0.004364411803630095,832.6111111111111,0.1326967592592592
wisdm,LAC,horizon,1.0,120,0.9036023638456429,9.172346009070205,0.03030857748240132,0.004636276537933792,0.13353400598675957,-0.0023017741408754354,111.00980392156863,0.07491830065359471
wisdm,LAC,horizon,1.0,240,0.9103027642980761,9.339198237504512,0.02567329094666309,0.011110198501102456,0.33330005256182255,-0.006053803908014722,208.38398692810458,0.13173338779956423
wisdm,LAC,horizon,1.0,480,0.9144763025906708,9.45199123448106,0.022970569176217988,0.015084321539462724,0.473899618855811,-0.008139745808669469,372.22058823529414,0.22454044117647057
wisdm,LAC,horizon,1.0,960,0.9147911591781265,9.459127954427185,0.02272240052934607,0.015626054459631004,0.4989306657585576,-0.008365544853980004,635.3088235294117,0.33821997549019606
wisdm,LAC,hypergeom,0.1,120,0.8989666308230418,9.038822261751056,0.03260993778944627,5.435153327432436e-07,1.0258667611278926e-05,-4.1383383051272214e-07,119.98202614379085,0.00014978213507625034
wisdm,LAC,hypergeom,0.1,240,0.8991703846893109,9.005276310904115,0.03174072747115396,-2.2181107662690703e-05,-0.000621874038574319,1.3632616476120856e-05,239.8856209150327,0.00047657952069716006
wisdm,LAC,hypergeom,0.1,480,0.8994124843658013,8.978772011195417,0.031103831129154488,2.0503314593363783e-05,0.0006803955701680859,-6.48385573299701e-06,479.5735294117647,0.0008884803921568438
wisdm,LAC,hypergeom,0.1,960,0.8993882515244216,8.966323163803516,0.03097225548994749,0.00022314680592605988,0.006125875134889044,-0.00011568989337859641,957.3496732026143,0.0027607570806099935
wisdm,LAC,hypergeom,0.25,120,0.8989939133867915,9.039444591456563,0.03259677109317898,2.7826079082275333e-05,0.0006325883731185444,-1.3580530097797398e-05,119.84967320261438,0.0012527233115468312
wisdm,LAC,hypergeom,0.25,240,0.8993523580601671,9.009212420084415,0.03163411346014889,0.00015979226319352632,0.0033142351417255497,-9.298139452894323e-05,239.01797385620915,0.004091775599128516
wisdm,LAC,hypergeom,0.25,480,0.9003095874061136,9.003341156082248,0.03062471157002068,0.0009176063549053785,0.025249540457000983,-0.0004856034148667911,475.0980392156863,0.010212418300653534
wisdm,LAC,hypergeom,0.25,960,0.90220317626858,9.04883535592885,0.02932517507515975,0.003038071550084575,0.08863806726022151,-0.0017627703081663254,935.3022875816994,0.025726783769063143
wisdm,LAC,hypergeom,0.5,120,0.8994626352237116,9.051002020892001,0.03231594637109836,0.0004965479160024347,0.012190017808555293,-0.0002944052521784097,118.9624183006536,0.008646514161220005
wisdm,LAC,hypergeom,0.5,240,0.9012034146876945,9.058972443141403,0.030650457863515303,0.002010848890720817,0.0530742581987143,-0.0010766369911625097,234.3218954248366,0.023658769063180794
wisdm,LAC,hypergeom,0.5,480,0.9050569135706907,9.146425033300739,0.027950603944307054,0.005664932519482545,0.16833341767548987,-0.003159711040580401,455.7859477124183,0.05044594226579514
wisdm,LAC,hypergeom,0.5,960,0.9070799180712621,9.206011623224677,0.026586199498190643,0.007914813352766571,0.24581433455604978,-0.004501745885135435,872.2124183006536,0.09144539760348579
wisdm,LAC,hypergeom,1.0,120,0.9031703684309318,9.153644144150649,0.030488785932207663,0.004204281123222722,0.11483214106720373,-0.0021215656910690884,114.390522875817,0.04674564270152499
wisdm,LAC,hypergeom,1.0,240,0.9104155439818977,9.340308615456921,0.025608822243849215,0.011222978184924098,0.33441043051423264,-0.006118272610828594,215.46241830065358,0.10223992374727663
wisdm,LAC,hypergeom,1.0,480,0.9152592748733642,9.478297383391126,0.0225737139905434,0.015867293822156077,0.5002057677658788,-0.00853660099434406,399.7875816993464,0.16710920479302832
wisdm,LAC,hypergeom,1.0,960,0.915097657445892,9.470953849012425,0.022479470673940877,0.015932552727396552,0.5107565603437961,-0.0086084747093852,707.7745098039215,0.262734885620915
wisdm,LAC,martingale,0.1,120,0.8989660873077091,9.038812003083445,0.03261035162327678,0.0,0.0,0.0,120.0,0.0
wisdm,LAC,martingale,0.1,240,0.8991945521113642,9.005974498063658,0.03172592772115776,1.9863143905857058e-06,7.631312096897648e-05,-1.167133520074183e-06,239.98366013071896,6.808278867102287e-05
wisdm,LAC,martingale,0.1,480,0.8994010235234026,8.978272342983825,0.031104852650678194,9.042472194555379e-06,0.00018072735857731765,-5.462334209291796e-06,479.9477124183006,0.00010893246187363497
wisdm,LAC,martingale,0.1,960,0.8992530371410367,8.962832745581059,0.031044363679489248,8.793242254119969e-05,0.0026354569124319048,-4.358170383684965e-05,959.1601307189543,0.0008748638344226445
wisdm,LAC,martingale,0.25,120,0.8989788644888423,9.03907782526411,0.03260541719924232,1.277718113323782e-05,0.00026582218066580196,-4.934424034465039e-06,119.9656862745098,0.00028594771241829606
wisdm,LAC,martingale,0.25,240,0.8992284444697829,9.006775512416745,0.03171149598320939,3.587867280933317e-05,0.0008773274740550049,-1.5598871468453982e-05,239.8643790849673,0.0005650871459694935
wisdm,LAC,martingale,0.25,480,0.8999821900244982,8.993449615151809,0.030808802660328875,0.0005902089732900648,0.015357999526560008,-0.00030151232455859786,477.828431372549,0.004524101307189504
wisdm,LAC,martingale,0.25,960,0.9014823128935894,9.02668486795398,0.029780200033481478,0.0023172081750938364,0.06648757928535269,-0.0013077453498446052,946.3594771241831,0.014208877995642672
wisdm,LAC,martingale,0.5,120,0.8990147860034304,9.040025294794633,0.032586591543240555,4.8698695721421574e-05,0.001213291711186785,-2.3760080036223345e-05,119.84803921568627,0.0012663398692810324
wisdm,LAC,martingale,0.5,240,0.8999435058885252,9.024997295520361,0.03132905801492352,0.0007509400915515364,0.01909911057767098,-0.00039803683975430174,238.58006535947712,0.005916394335511959
wisdm,LAC,martingale,0.5,480,0.9042614569681583,9.11837330978574,0.02846329707840109,0.004869475916950223,0.14028169416049124,-0.002647017906486372,465.67483660130716,0.029844090413943286
wisdm,LAC,martingale,0.5,960,0.9075174001853638,9.221199340099325,0.02632932611712277,0.00835229546686824,0.26100205143069594,-0.004758619266203304,899.9346405228758,0.06256808278867097
wisdm,LAC,martingale,1.0,120,0.9002864214341932,9.073978567430965,0.03196982428327851,0.0013203341264840704,0.03516656434751961,-0.0006405273399982551,118.73692810457516,0.01052559912854026
wisdm,LAC,martingale,1.0,240,0.9080122486935064,9.257812620807938,0.02719708731604016,0.0088196828965328,0.25191443586524725,-0.004530007538637653,228.05555555555554,0.04976851851851849
wisdm,LAC,martingale,1.0,480,0.9158224144006096,9.498041373587602,0.022272553764655773,0.016430433349401547,0.5199497579623537,-0.008837761220231688,424.98692810457516,0.1146105664488017
wisdm,LAC,martingale,1.0,960,0.9155413364421474,9.488029945610812,0.022241122080128833,0.016376231723651827,0.5278326569421846,-0.008846823303197245,768.281045751634,0.1997072440087146
wisdm,LAC,midpoint,0.5,120,0.8988173435125444,9.033840033605514,0.032705244584325596,-0.0001487437951648061,-0.004971969477931231,9.48929610488118e-05,117.7875816993464,0.018436819172113237
wisdm,LAC,midpoint,0.5,240,0.8992621082822607,9.006190798769156,0.03169627821006495,6.954248528713203e-05,0.00029261382646706476,-3.08166446128846e-05,231.91013071895424,0.03370778867102393
wisdm,LAC,midpoint,0.5,480,0.8997597388701521,8.991721276086864,0.03092804063666674,0.00036775781894403067,0.013629660461615825,-0.00018227434822074094,442.27941176470586,0.07858455882352935
wisdm,LAC,midpoint,0.5,960,0.8993257927532781,8.967190343069419,0.03103081706558997,0.00016068803478267924,0.006993054400789876,-5.71283177361267e-05,832.6111111111111,0.1326967592592592
wisdm,LAC,no_intersection,0.5,120,0.8993392245219538,9.048687511261473,0.032410326389567264,0.0003731372142445578,0.009875508178027176,-0.0002000252337095066,119.0326797385621,0.008061002178649211
wisdm,LAC,no_intersection,0.5,240,0.9011758729487465,9.05881727741792,0.030676624784606865,0.001983307151772703,0.052919092475230474,-0.001050470070070952,235.31045751633988,0.01953976034858385
wisdm,LAC,no_intersection,0.5,480,0.905266804289955,9.154736061239868,0.027806988285413177,0.005874823238746853,0.17664444561462075,-0.0033033266994742815,450.58986928104576,0.061271105664487964
wisdm,LAC,no_intersection,0.5,960,0.9070553961068697,9.205470010749051,0.02660693684185069,0.007890291388374125,0.24527272208042358,-0.0044810085414753835,858.4624183006536,0.10576831427015247
wisdm,LAC,one_look_50,0.5,120,0.9494359232836374,11.246161744857298,0.010211255355274455,0.05046983597592808,2.207349741773854,-0.022399096268002305,60.0,0.5000000000000002
wisdm,LAC,one_look_50,0.5,240,0.94003952802031,10.605701243613323,0.012845385196907352,0.040846962223336204,1.5998030586706335,-0.018881709657770463,120.0,0.5000000000000002
wisdm,LAC,one_look_50,0.5,480,0.9241809910620161,9.856800621668985,0.0185144127340802,0.024789010010808056,0.8787090060437363,-0.012595902250807263,240.0,0.5000000000000002
wisdm,LAC,one_look_50,0.5,960,0.9172074847697805,9.579891231519536,0.02146459985220127,0.018042380051284897,0.6196939428509083,-0.00962334553112481,480.0,0.5000000000000002
wisdm,LAC,sparse_checks,0.5,120,0.899033419950039,9.040635378633878,0.03258672558464976,6.73326423298578e-05,0.0018233755504330593,-2.3626038627012058e-05,119.20915032679738,0.0065904139433551005
wisdm,LAC,sparse_checks,0.5,240,0.8992710677752297,9.008056226274801,0.03169974777521856,7.850197825612126e-05,0.0021580413321117386,-2.7347079459268464e-05,238.718954248366,0.005337690631808261
wisdm,LAC,sparse_checks,0.5,480,0.8995274305660419,8.981850898149489,0.031059202883993758,0.00013544951483373722,0.003759282524240425,-5.1112100893724644e-05,474.7124183006536,0.011015795206971662
wisdm,LAC,sparse_checks,0.5,960,0.9019031958409954,9.037124176073773,0.02962585789491327,0.0027380911224998967,0.07692688740514565,-0.001462087488412805,887.4117647058823,0.07561274509803914
wisdm,LAC,uncorrected,0.5,120,0.8998348002861245,9.06110131186865,0.03214302962676509,0.0008687129784152797,0.022289308785205884,-0.00046732199651167904,117.390522875817,0.021745642701525004
wisdm,LAC,uncorrected,0.5,240,0.9023911637782206,9.09483826788351,0.029970099187770004,0.00319859798124696,0.08894008294081956,-0.0017569956669078101,221.85294117647058,0.0756127450980392
wisdm,LAC,uncorrected,0.5,480,0.9056339946990122,9.172063871598924,0.02774277265872581,0.0062420136478041404,0.19397225597367565,-0.0033675423261616553,390.9330065359477,0.1855562363834422
wisdm,LAC,uncorrected,0.5,960,0.9061715703009474,9.185372765166166,0.02732085619048437,0.007006465582451926,0.22517547649753836,-0.0037670891928417074,660.3611111111111,0.3121238425925925
