dataset,score,policy,spent,reference_spent,saving,coverage,shortfall,size_fraction,set_size,empty_rate,singleton_rate,delta_coverage,delta_shortfall,delta_size_fraction,support,spent_sd,campaign_violation,min_component_coverage,max_component_coverage
dsads,APS,deterministic,209.30555555555554,263.8541666666667,0.1962989562830251,0.8681731523361355,0.05759650455348437,0.39954134425175697,7.591285540783382,0.06050963998538008,0.07191368177387909,0.0003461181164717509,-8.886147660819342e-05,0.0012061007753988344,1.0,0.0,0.35670572916666665,0.8681731523361355,0.8681731523361355
dsads,APS,drop_coverage,122.6611847102317,263.8541666666667,0.5118541322434161,0.8592960196264157,0.06868265347506687,0.4025715150521653,7.648858785991141,0.06738766018930484,0.07385937735926436,-0.008531014593247987,0.010997287444974274,0.004236271575807199,2.8203125,35.550961631770114,0.7126089288898978,0.8218161302235624,0.8780639505665205
dsads,APS,drop_shortfall,130.47318619336897,263.8541666666667,0.48388391741672604,0.8597866919238334,0.06782746435030348,0.40101945379683607,7.619369622139884,0.06695196964903018,0.07395922814814988,-0.008040342295830291,0.010142098320210895,0.0026842103204779166,2.8680555555555554,39.4047607724657,0.670538448185703,0.8191565774244639,0.8786196584125244
dsads,APS,drop_size,85.92632018250362,263.8541666666667,0.6412963721233731,0.8692964992206482,0.06281148248384003,0.42534577689003666,8.081569760910698,0.06134978050560357,0.06947513865912536,0.0014694650009844871,0.005126116453747453,0.027010533413678553,1.8715277777777777,14.195981636573377,0.8265210034813513,0.8412168387548733,0.8821211870278995
dsads,APS,fixed_25,74.5,263.8541666666667,0.6906677672687204,0.8228759289717349,0.10173743413438106,0.3708624924455923,7.046387356466252,0.09132799174585766,0.08801171494273874,-0.044951105247928835,0.04405206810428847,-0.027472751030765866,1.0,0.0,0.8253255208333333,0.8228759289717349,0.8228759289717349
dsads,APS,fixed_50,134.79166666666666,263.8541666666667,0.4747790692014524,0.85337585092288,0.07282247502436644,0.3928911299630655,7.464931469298246,0.07081226014254381,0.07673456917032159,-0.014451183296783616,0.015137108994273852,-0.005444113513292558,1.0,0.0,0.6862196180555555,0.85337585092288,0.85337585092288
dsads,APS,fixed_75,198.75,263.8541666666667,0.24079233848526868,0.8632603481359649,0.062769906265229,0.3975532710986393,7.553512150874147,0.06398663080226603,0.07340473851730016,-0.0045666860836988295,0.005084540235136429,-0.0007819723777187953,1.0,0.0,0.4832248263888889,0.8632603481359649,0.8632603481359649
dsads,APS,full_b1,245.0,263.8541666666667,0.051911318955306616,0.8161047149122806,0.10352744654605261,0.3501898345524584,6.653606856496711,0.09362855788559937,0.0933831894188596,-0.051722319307383,0.04584208051596,-0.048145408923899624,1.0,0.0,0.9060546875000001,0.8161047149122806,0.8161047149122806
dsads,APS,full_b2,254.36170212765958,266.9148936170213,0.034897470619135354,0.8476869867487867,0.07547694452220975,0.37855128552238654,7.192474424925346,0.07311046760296126,0.08063725776098042,-0.023848266221848925,0.021224220791340013,-0.022719997622017877,1.0,0.0,0.8967420212765957,0.847686986748787,0.847686986748787
dsads,APS,full_b4,270.10869565217394,270.10869565217394,0.0,0.8730829479722857,0.052789100241545865,0.402447016515115,7.646493313787185,0.057238560338799864,0.07003632127192978,0.0,0.0,0.0,1.0,0.0,0.0,0.8730829479722858,0.8730829479722858
dsads,APS,full_b8,301.9318181818182,276.9318181818182,-0.0704380112411132,0.8811653230495747,0.04300083482854861,0.399871151897262,7.59755188604798,0.05142685074428491,0.06845790345893138,0.006975158658957997,-0.008702942251461962,-0.0034142400021684896,1.0,0.0,0.8827414772727273,0.8811653230495747,0.8811653230495747
dsads,APS,full_reference,263.8541666666667,263.8541666666667,0.0,0.8678270342196637,0.057685366030092576,0.39833524347635807,7.568369626050804,0.06077051352339177,0.07199394835830891,0.0,0.0,0.0,1.0,0.0,0.0,0.8678270342196637,0.8678270342196637
dsads,APS,kappa0,80.14622391967085,263.8541666666667,0.6666470048246634,0.8495364128477388,0.07923942614096824,0.40189700846481563,7.636043160831498,0.0740440721183223,0.07710036287534139,-0.01829062137192482,0.021554060110875645,0.0035617649884575678,2.438368055555556,16.7466766422375,0.8453142776364114,0.8064594469572368,0.8752745606420566
dsads,APS,kappa05,102.15246794188344,263.8541666666667,0.586484886863497,0.8579313195393549,0.0704749569673257,0.40427250110571417,7.68117752100857,0.0681780097047852,0.07444644826482891,-0.009895714680308802,0.012789590937233098,0.005937257629356079,2.875,26.68502681848774,0.7802330765637562,0.8120914237634015,0.8775977990222953
dsads,APS,kappa2,173.42531218916898,263.8541666666667,0.32645371818946683,0.8632938633249175,0.06350225237791936,0.4001772054970043,7.6033669044430825,0.06429444068889846,0.07316869292504295,-0.004533170894746182,0.005816886347826775,0.0018419620206461998,3.006944444444444,53.951950644447756,0.4808682550825287,0.8165933864065545,0.8776196812560917
dsads,APS,matched_b1,131.41666666666666,263.8541666666667,0.48109878722584437,0.7843917138767056,0.13336425781249997,0.3258609995984341,6.191358992370248,0.11574179725572609,0.10468877543250484,-0.08343532034295804,0.07567889178240737,-0.07247424387792394,1.0,0.0,0.9283854166666666,0.7843917138767056,0.7843917138767056
dsads,APS,matched_b2,131.42361111111111,263.8541666666667,0.480993335936732,0.8241355423062865,0.09785664519371344,0.3616377875884888,6.871117964181287,0.08886581688596489,0.08883256997746097,-0.04369149191337716,0.040171279163620816,-0.03669745588786932,1.0,0.0,0.9097222222222222,0.8241355423062865,0.8241355423062865
dsads,APS,matched_b4,131.23697916666666,263.8541666666667,0.48111473929028065,0.8621101745248537,0.06568322254203213,0.40310477793247285,7.658990780716984,0.06574215894554089,0.07262319345455648,-0.00571685969480995,0.007997856511939554,0.004769534456114696,1.0,0.0,0.6710720486111111,0.862110174524854,0.862110174524854
dsads,APS,matched_b8,130.703125,263.8541666666667,0.4820090852619545,0.8754042264406676,0.0543557923672027,0.4176446218227403,7.935247814632066,0.05644222861842101,0.0676200048732943,0.007577192221003874,-0.003329573662889855,0.019309378346382213,1.0,0.0,0.8507595486111111,0.8754042264406676,0.8754042264406676
dsads,APS,random_planning,148.1206597222222,263.8541666666667,0.4071615413499496,0.8610650908412524,0.06592237565484889,0.3990412940560237,7.5817845870644485,0.06573682877984889,0.07458895856176896,-0.006761943378411274,0.008237009624756311,0.0007060505796655284,1.0,0.0,0.5323784722222222,0.8610650908412524,0.8610650908412524
dsads,APS,restricted_b1,238.64138820034327,263.8541666666667,0.09183759937560083,0.8536539332287548,0.07091771431800531,0.3876305089789598,7.364979670600236,0.07057480094372898,0.07734469151791838,-0.014173100990908766,0.013232348287912693,-0.010704734497398241,2.089409722222222,55.9177452228719,0.14369955141690183,0.764662638584308,0.8676697562591374
dsads,APS,restricted_b4,160.6175188921802,263.8541666666667,0.37681079307386794,0.8638783469011017,0.0633646790745004,0.4022786846020314,7.643295007438597,0.06360701615368934,0.07303454831987617,-0.003948687318562135,0.005679313044407795,0.003943441125673328,2.690972222222222,41.58022695069791,0.4939047742450728,0.8425230434484648,0.8715857147752194
dsads,APS,restricted_b8,191.0332190281756,263.8541666666667,0.2554828576374895,0.8700576422783172,0.05710572287013779,0.4047709538076097,7.690648122344586,0.059397707519963684,0.07018347212239358,0.0022306080586533927,-0.0005796431599547573,0.0064357103312516345,2.290798611111111,51.83741283313628,0.40933253884076093,0.8617637899000975,0.8821486659356724
dsads,APS,sparse,132.295970938169,263.8541666666667,0.477158933566157,0.8604922624015114,0.06708208025213244,0.40118626894592996,7.62253910997267,0.06646389008116356,0.07391745085725232,-0.0073347718181522885,0.009396714222039856,0.002851025469571876,2.998263888888889,39.9717624250785,0.6639243630163182,0.8215132150036549,0.8783666659052144
dsads,APS,two_plan,171.6877962525751,263.8541666666667,0.33588560285691504,0.863489162032898,0.06317578553552972,0.39895568054875374,7.580157930426321,0.06410783401362387,0.07339078145430164,-0.004337872186765748,0.005490419505437134,0.0006204370723956041,1.7526041666666667,50.03155801791272,0.47690326496448354,0.8534487028661063,0.8718866121466862
dsads,APS,variance_save,158.46788194444443,263.8541666666667,0.37767586740169773,0.8713672826815303,0.05438059667397658,0.4006660122185031,7.612654232151559,0.05833499901011204,0.0713080797697368,0.003540248461866439,-0.0033047693561159765,0.0023307687421450125,1.0,0.0,0.7486762152777778,0.8713672826815303,0.8713672826815303
dsads,LAC,deterministic,218.1293402777778,263.8541666666667,0.1705390325601357,0.8545688752588938,0.0742113068043372,0.2791579976330858,5.304001955028631,0.010630986918250462,0.26333531310916175,0.0019135580378898578,-0.0015147664625974678,9.471964931518067e-05,1.0,0.0,0.31493055555555555,0.8545688752588938,0.8545688752588938
dsads,LAC,drop_coverage,132.86146763493903,263.8541666666667,0.47823978366326375,0.8463145105591515,0.08303452290185558,0.28469443578443865,5.409194279904335,0.01572983992699965,0.268773657222848,-0.0063408066618523655,0.007308449634920888,0.0056311578006680045,2.8654513888888893,39.326160576415205,0.6670861267798179,0.8017103740253412,0.8635457404361598
dsads,LAC,drop_shortfall,140.60976672718914,263.8541666666667,0.4523659142369742,0.84673441954256,0.08243222993388978,0.28251708613032356,5.367824636476148,0.015453477936212814,0.26912130620035496,-0.0059208976784439135,0.006706156666955097,0.003453808146552916,2.881076388888889,43.639694153852396,0.6410460317582681,0.8007546848349172,0.8633763744212963
dsads,LAC,drop_size,83.99070519778786,263.8541666666667,0.6472469608320384,0.8529423632417448,0.07944239323918849,0.3050892667950402,5.796696069105764,0.015358907901456803,0.2539194347571107,0.0002870460207409619,0.0037163199722538153,0.026025988811269548,1.8932291666666667,12.022790482081382,0.8182572181711031,0.8182640697337963,0.86518290082846
dsads,LAC,fixed_25,74.5,263.8541666666667,0.6906677672687204,0.7973729612116228,0.1283428324500487,0.2521061643766992,4.790017123157286,0.04896028455470269,0.3230275245949074,-0.055282356009381084,0.05261675918311401,-0.02695711360707141,1.0,0.0,0.8352864583333334,0.7973729612116228,0.7973729612116228
dsads,LAC,fixed_50,134.79166666666666,263.8541666666667,0.4747790692014524,0.8350362641630117,0.0934039104379873,0.27632575147320965,5.250189277990985,0.023412838465521408,0.28528294613486843,-0.017619053057992214,0.017677837171052615,-0.0027375265105609517,1.0,0.0,0.6986545138888888,0.8350362641630117,0.8350362641630117
dsads,LAC,fixed_75,198.75,263.8541666666667,0.24079233848526868,0.8475392147904484,0.08108371786671537,0.2802456374798014,5.324667112116228,0.014789210983187107,0.27224737870065785,-0.0051161024305555755,0.0053576445997806955,0.001182359496030812,1.0,0.0,0.48956163194444446,0.8475392147904484,0.8475392147904484
dsads,LAC,full_b1,245.0,263.8541666666667,0.051911318955306616,0.8036606245431287,0.11987458881578944,0.2405334649243036,4.570135833561769,0.03606805098684207,0.33533208835891815,-0.04899469267787523,0.04414851554885474,-0.03852981305946698,1.0,0.0,0.8914062500000001,0.8036606245431287,0.8036606245431287
dsads,LAC,full_b2,254.36170212765958,266.9148936170213,0.034897470619135354,0.835337462672639,0.09123131687818835,0.2652311380179171,5.039391622340426,0.01576350978287915,0.2967302592696279,-0.021502620691800423,0.019376059552693763,-0.016489186218509123,1.0,0.0,0.8824911347517731,0.835337462672639,0.835337462672639
dsads,LAC,full_b4,270.10869565217394,270.10869565217394,0.0,0.8586675247902363,0.07018553942601065,0.2831094763062547,5.37908004981884,0.006049165315916577,0.2632145467836257,0.0,0.0,0.0,1.0,0.0,0.0,0.8586675247902366,0.8586675247902366
dsads,LAC,full_b8,301.9318181818182,276.9318181818182,-0.0704380112411132,0.8813806236709197,0.04956923262227536,0.2882664831093133,5.4770631790769535,0.0011686042165071676,0.2122865060971557,0.020901344863104642,-0.01892259353402442,0.0039744872329597804,1.0,0.0,0.8918323863636363,0.8813806236709197,0.8813806236709197
dsads,LAC,full_reference,263.8541666666667,263.8541666666667,0.0,0.852655317221004,0.07572607326693466,0.2790632779837706,5.302202281691642,0.010343072307504848,0.26871020460221734,0.0,0.0,0.0,1.0,0.0,0.0,0.852655317221004,0.852655317221004
dsads,LAC,kappa0,81.81370731120894,263.8541666666667,0.6587289418870345,0.8390031901124709,0.09119306492302963,0.2895474932681892,5.501402372095595,0.021311779148445776,0.27721040038521816,-0.013652127108533071,0.015466991656094933,0.010484215284418584,2.5538194444444446,16.250876909001523,0.8300413776554278,0.790942849201998,0.8652243999756335
dsads,LAC,kappa05,109.9732136555567,263.8541666666667,0.5607565170919017,0.845086512460656,0.08500341719853326,0.28968342236242123,5.503985024886005,0.017411816260730382,0.26938598106986067,-0.0075688047603479055,0.00927734393159857,0.01062014437865065,2.779513888888889,31.699946807245823,0.7439041194845766,0.8000056061921296,0.8657870751096493
dsads,LAC,kappa2,187.88391131073445,263.8541666666667,0.28148211707774856,0.8483863982487406,0.08022660344963416,0.2790965531004999,5.302834508909498,0.013559463470949218,0.2709302713115794,-0.004268918972263208,0.004500530182699453,3.3275116729264996e-05,3.011284722222222,56.27733409442731,0.4184381436687093,0.7988419168037281,0.8614388116014863
dsads,LAC,matched_b1,141.61458333333334,263.8541666666667,0.44915243405152,0.7723768255817495,0.14828412448221243,0.21897053009499712,4.160440071804946,0.05760248195358183,0.36578190675255845,-0.08027849163925438,0.07255805121527774,-0.06009274788877344,1.0,0.0,0.9172743055555556,0.7723768255817495,0.7723768255817495
dsads,LAC,matched_b2,141.67361111111111,263.8541666666667,0.4488958615355559,0.8129047404209307,0.11222112763462473,0.2512971469186031,4.77464579145346,0.029845910620735827,0.32014296265838205,-0.0397505768000731,0.03649505436769002,-0.02776613106516747,1.0,0.0,0.8832682291666667,0.8129047404209307,0.8129047404209307
dsads,LAC,matched_b4,141.38368055555557,263.8541666666667,0.44923565234742796,0.846148346125731,0.08382746824744149,0.2877765298978211,5.467754068058601,0.015132740162037006,0.2741999040570175,-0.006506971095272919,0.00810139498050681,0.008713251914050459,1.0,0.0,0.6659505208333333,0.846148346125731,0.846148346125731
dsads,LAC,matched_b8,140.66232638888889,263.8541666666667,0.4505310605961394,0.8657152416087962,0.06710200794956137,0.3058008538885362,5.810216223882189,0.010048628243786528,0.23007795367324557,0.013059924387792321,-0.008624065317373275,0.02673757590476555,1.0,0.0,0.8565104166666666,0.8657152416087963,0.8657152416087963
dsads,LAC,random_planning,142.83420138888889,263.8541666666667,0.42421129177766853,0.8356455782468323,0.09248283877010231,0.2741441447127962,5.208738749543129,0.019174128898635446,0.29452410186708083,-0.017009738974171514,0.01675676550316761,-0.004919133270974391,1.0,0.0,0.5705295138888888,0.8356455782468323,0.8356455782468323
dsads,LAC,restricted_b1,245.41427378053513,263.8541666666667,0.06709185951495768,0.8424513538757217,0.0851450673463245,0.27227069997741826,5.173143299570948,0.016639674399065153,0.2808898515177823,-0.010203963345282181,0.009418994079389799,-0.006792578006352305,2.087673611111111,48.76840573293298,0.11317716213962455,0.7484335975572612,0.8526617324561404
dsads,LAC,restricted_b4,162.78856519876817,263.8541666666667,0.3725075838398643,0.8472558703389956,0.08240354661001638,0.2866938490966438,5.4471831328362335,0.01481766463495395,0.27179794328785295,-0.005399446882008214,0.006677473343081685,0.007630571112873183,2.7855902777777772,48.187180591867445,0.510890069040043,0.8128522382888645,0.8591944882279483
dsads,LAC,restricted_b8,204.16457907346572,263.8541666666667,0.2113235919511467,0.8577006104894053,0.07177428860355946,0.2825288332455217,5.368047831664913,0.009718821930979837,0.25564611965179274,0.005045293268401384,-0.003951784663375188,0.0034655552617510743,2.146701388888889,49.371993711306835,0.35580942295031637,0.8500405949226364,0.8716376648544103
dsads,LAC,sparse,142.57383295232034,263.8541666666667,0.4449162371255935,0.8474051103336118,0.08177759422287041,0.28268447445314476,5.371005014609751,0.01513540429980094,0.26840923206836204,-0.005250206887392079,0.006051520955935724,0.0036211964693741404,2.948784722222222,43.28411430768717,0.6370273193718572,0.8017682063230994,0.8636632229989035
dsads,LAC,two_plan,183.60806392422353,263.8541666666667,0.2984792325972218,0.8521164748150373,0.07659911076658849,0.27828052752005505,5.287330022881047,0.011836961071385078,0.2648407182327956,-0.000538842405966587,0.000873037499653815,-0.0007827504637155416,1.745659722222222,47.72603312364339,0.450900320873707,0.8416945929276315,0.8595644017269737
dsads,LAC,variance_save,154.86545138888889,263.8541666666667,0.39229637454584537,0.8662829232913012,0.06457382469846489,0.28942507199731327,5.499076367948952,0.008096531204312848,0.23348447208516077,0.01362760607029719,-0.011152248568469766,0.01036179401354262,1.0,0.0,0.7532769097222222,0.8662829232913012,0.8662829232913012
har,APS,deterministic,216.5902777777778,449.8958333333333,0.3913808547576832,0.8756461760424948,0.056567645597492805,0.38604796027232124,2.316287761633927,0.11003244343214065,0.21813878851825538,-0.0010702543375123944,0.003163867387498059,0.0023880051847231724,1.0,0.0,0.631545138888889,0.8756461760424946,0.8756461760424946
har,APS,drop_coverage,147.84406522978836,449.8958333333333,0.5678957281527491,0.8709339733025098,0.06246276668561432,0.38656627238440294,2.3193976343064175,0.11405177028210012,0.21793536652976067,-0.005782457077497339,0.009058988475619556,0.002906317296804871,2.722222222222222,33.97907017677357,0.7788276642489564,0.848935206172305,0.882921180036636
har,APS,drop_shortfall,142.96619365917562,449.8958333333333,0.5732773951529283,0.8709394275794061,0.06291022428270919,0.3870877650335862,2.3225265902015173,0.11403067840133845,0.21708484957335203,-0.005777002800600876,0.009506446072714433,0.0034278099459881754,2.7951388888888893,34.31317924302835,0.7759031901603061,0.8467549977920249,0.8838986189205991
har,APS,drop_size,116.84764802992741,449.8958333333333,0.6354500177852223,0.8752592459221161,0.06135112886645742,0.3956312718597044,2.3737876311582267,0.11013894892742054,0.211081574605265,-0.0014571844578910762,0.007947350656462666,0.01197131677210637,2.0305555555555554,24.954875883492246,0.8218450947358003,0.8591852351539145,0.8841383755106019
har,APS,fixed_25,121.14583333333333,449.8958333333333,0.6900095116725767,0.8462208252070563,0.08565897796688864,0.3705069136021461,2.2230414816128765,0.13601368012330722,0.225222731005695,-0.030495605172950843,0.032255199756893886,-0.013153041485451968,1.0,0.0,0.8371527777777779,0.8462208252070562,0.8462208252070562
har,APS,fixed_50,227.95833333333334,449.8958333333333,0.47421967346335697,0.8657154745615115,0.06596207175823668,0.38028602824209834,2.2817161694525896,0.11894098607740622,0.22061197076468889,-0.011000955818495679,0.012558293548241924,-0.0033739268454997446,1.0,0.0,0.7302777777777778,0.8657154745615115,0.8657154745615115
har,APS,fixed_75,338.4166666666667,449.8958333333333,0.24099438534278964,0.8720850347378709,0.05876181783601866,0.3823508393081341,2.294105035848805,0.11345924713798505,0.2194765621014733,-0.004631395642136327,0.005358039626023906,-0.0013091157794638986,1.0,0.0,0.5764583333333334,0.8720850347378709,0.8720850347378709
har,APS,full_b1,450.0,449.8958333333333,-0.00044326241134751463,0.8770570340312988,0.056223705468827906,0.3884102617208156,2.3304615703248936,0.10897091105964313,0.2150712201281849,0.0003406036512915873,0.0028199272588331774,0.00475030663321756,1.0,0.0,0.8088368055555556,0.8770570340312988,0.8770570340312988
har,APS,full_b2,456.9148936170213,456.9148936170213,-9.431115135051073e-06,0.8902307236277092,0.04566581194302557,0.3993046422449252,2.395827853469551,0.09733396351475694,0.20841045147767198,0.01135802160181549,-0.005670387754606429,0.014337050481427803,1.0,0.0,0.8137234042553191,0.890230723627709,0.890230723627709
har,APS,full_b4,464.2391304347827,464.2391304347827,0.0,0.8798252838137897,0.05027291033302713,0.3852909535805668,2.3117457214834007,0.10670652875712616,0.21834282295868057,0.0,0.0,0.0,1.0,0.0,0.0,0.8798252838137897,0.8798252838137897
har,APS,full_b8,479.8863636363637,479.8863636363637,-1.0074145712440918e-05,0.891106782520774,0.04299974918446192,0.3970120077795938,2.3820720466775627,0.09679724309061914,0.2082545956097678,0.01020227935610146,-0.006173319376980226,0.01117558238509144,1.0,0.0,0.7805113636363638,0.891106782520774,0.891106782520774
har,APS,full_reference,449.8958333333333,449.8958333333333,0.0,0.8767164303800072,0.053403778209994736,0.38365995508759804,2.301959730525588,0.10942125514591251,0.21918867364109249,0.0,0.0,0.0,1.0,0.0,0.0,0.8767164303800071,0.8767164303800071
har,APS,kappa0,105.82413363483175,449.8958333333333,0.6680034733393311,0.8672052074918607,0.067877394186617,0.3884871265460567,2.33092275927634,0.11726039144259603,0.21631781845351203,-0.009511222888146561,0.014473615976622231,0.00482717145845864,2.5340277777777778,21.453652478520002,0.8381514602160222,0.8435946121227668,0.8808421967391061
har,APS,kappa05,127.36560799182293,449.8958333333333,0.6168407845558562,0.8698753669123006,0.06448991860367403,0.387932304858784,2.3275938291527045,0.11492234655168258,0.21677990277680745,-0.006841063467706403,0.011086140393679287,0.0042723497711860065,2.685416666666667,27.61335579004427,0.8109712217216924,0.8466227742823831,0.8827306570053562
har,APS,kappa2,207.41321919858967,449.8958333333333,0.430010044917485,0.8742393163557001,0.05829536554155238,0.38633370646119475,2.318002238767169,0.11123559446773944,0.21774450482435506,-0.002477114024307012,0.004891587331557631,0.0026737513735967788,3.0083333333333333,58.06792612226641,0.6213692646440819,0.850376233887035,0.8857126906658266
har,APS,matched_b1,150.79861111111111,449.8958333333333,0.561168519749803,0.8638291484200851,0.07061486122720408,0.3842915885634271,2.305749531380563,0.12036629168433215,0.21838502112391267,-0.012887281959922137,0.017211083017209316,0.0006316334758291086,1.0,0.0,0.8760590277777779,0.8638291484200851,0.8638291484200851
har,APS,matched_b2,151.17013888888889,449.8958333333333,0.5596154236849882,0.8745251558739451,0.061605587298786325,0.39268491219749374,2.3561094731849628,0.11093839005456226,0.21306470609827768,-0.0021912745060621696,0.008201809088791586,0.00902495710989572,1.0,0.0,0.8513715277777778,0.874525155873945,0.874525155873945
har,APS,matched_b4,151.32083333333333,449.8958333333333,0.5589636586386919,0.8728025746513085,0.06155525514607896,0.38855380894569924,2.331322853674196,0.11263436295467716,0.21559652787069825,-0.003913855728698582,0.008151476936084211,0.004893853858101206,1.0,0.0,0.7728993055555554,0.8728025746513085,0.8728025746513085
har,APS,matched_b8,151.09097222222223,449.8958333333333,0.5589643820183214,0.8802286477477299,0.05641427198310798,0.39626825066612376,2.377609503996743,0.1060336492956852,0.20914824539718568,0.0035122173677226884,0.003010493773113238,0.012608295578525724,1.0,0.0,0.8325694444444446,0.8802286477477299,0.8802286477477299
har,APS,random_planning,154.60763888888889,449.8958333333333,0.5246228421739559,0.8700398549030579,0.0631652518058551,0.3857125498950298,2.3142752993701783,0.1151556005786506,0.2174867746649194,-0.006676575476949252,0.009761473595860345,0.0020525948074317144,1.0,0.0,0.7014756944444445,0.8700398549030579,0.8700398549030579
har,APS,restricted_b1,228.5683329878558,449.8958333333333,0.39122791374778415,0.8686584820879023,0.06309648944411188,0.38297893038974334,2.29787358233846,0.11597698942313567,0.2211926930630026,-0.008057948292104848,0.009692711234117113,-0.0006810246978546777,2.486111111111111,84.12838292457091,0.6035845133100738,0.8390782649909042,0.8792418485562914
har,APS,restricted_b4,191.02788090503145,449.8958333333333,0.4568129328661434,0.872411644685493,0.06022504902812149,0.3857735252315255,2.314641151389153,0.112809375392756,0.21917894213686337,-0.004304785694514166,0.006821270818126733,0.0021135701439274294,2.495833333333333,43.772792075067436,0.6406974853204587,0.8583838479116359,0.8804539675240615
har,APS,restricted_b8,223.38264096876867,449.8958333333333,0.4065162591920534,0.8772760302153216,0.0568459403963254,0.3900695985146916,2.3404175910881495,0.10863951093595337,0.21334376605948172,0.0005595998353144265,0.0034421621863306557,0.0064096434270935155,2.5395833333333333,73.21783639142399,0.5903199227749814,0.8673065813534077,0.8876049435338748
har,APS,sparse,152.7615127701301,449.8958333333333,0.5547957179574426,0.8719478131724653,0.06163285918528655,0.3871858746037298,2.3231152476223786,0.11315052975260531,0.2172479265608888,-0.004768617207541937,0.008229080975291791,0.003525919516131701,2.861111111111111,36.347313459242336,0.7647696908841901,0.8489423223138012,0.8841916471539365
har,APS,two_plan,186.35732226487684,449.8958333333333,0.48203555096281514,0.8732380786488386,0.059595478001501084,0.38640471273412763,2.3184282764047657,0.11204914917651942,0.21828743407533394,-0.003478351731168538,0.006191699791506331,0.002744757646529579,1.6555555555555557,52.36775150400848,0.6579795946317574,0.8666466927652694,0.8792937323767959
har,APS,variance_save,316.6875,449.8958333333333,0.24405682070035462,0.8822533303174837,0.05083739828460538,0.3911958502603405,2.347175101562043,0.1044547288193578,0.21311596518291367,0.005536899937476497,-0.0025663799253893443,0.007535895172742401,1.0,0.0,0.6436979166666666,0.8822533303174837,0.8822533303174837
har,LAC,deterministic,234.7152777777778,449.8958333333333,0.36255017484239555,0.8870518937313742,0.052854274550582316,0.17812933143183404,1.0687759885910046,0.04781163303227106,0.8606732256247035,-0.003255930477577249,0.0033541309202770094,0.001573512103203443,1.0,0.0,0.5265451388888889,0.8870518937313743,0.8870518937313743
har,LAC,drop_coverage,174.7893927006237,449.8958333333333,0.5061486804183303,0.8808686525508858,0.058609291038688664,0.17963891554125486,1.0778334932475293,0.0572597571236795,0.841806979776846,-0.009439171658065763,0.009109147408383351,0.003083096212624229,2.6263888888888887,38.27133519266187,0.6431410288472261,0.8531797609134261,0.8919076130070239
har,LAC,drop_shortfall,176.7966708279463,449.8958333333333,0.500865576296693,0.8811429880408901,0.058587565685509435,0.18044199587464707,1.0826519752478827,0.05734449760699239,0.8387987473224623,-0.009164836168061378,0.009087422055204117,0.003886176546016442,2.6972222222222224,40.73269797783663,0.6319317180462748,0.8533337925768992,0.8921625070601049
har,LAC,drop_size,152.69242136840697,449.8958333333333,0.5605946153767265,0.883457596171158,0.05755784752676466,0.18426874491042178,1.1056124694625307,0.05722645961071171,0.826904046327266,-0.006850228037793366,0.008057703896459356,0.007712925581791115,2.0416666666666665,35.35163103043354,0.683857213886759,0.870795956271111,0.8915111874591385
har,LAC,fixed_25,121.14583333333333,449.8958333333333,0.6900095116725767,0.8475858928592599,0.08832300279664455,0.17428823316182954,1.0457293989709775,0.09681478346237045,0.8034316912096139,-0.042721931349691544,0.03882285916633923,-0.0022675861668010806,1.0,0.0,0.7403819444444445,0.8475858928592599,0.8475858928592599
har,LAC,fixed_50,227.95833333333334,449.8958333333333,0.47421967346335697,0.8727369992222043,0.06561328846775764,0.176753573248798,1.0605214394927884,0.06505787225793995,0.8424504193033863,-0.017570824986747214,0.016113144837452322,0.00019775392016739912,1.0,0.0,0.5988368055555556,0.8727369992222043,0.8727369992222043
har,LAC,fixed_75,338.4166666666667,449.8958333333333,0.24099438534278964,0.8842480809917045,0.055373915057837696,0.17715682240578745,1.062940934434725,0.049682638627575444,0.8635992764845679,-0.006059743217246918,0.005873771427532387,0.0006010030771568322,1.0,0.0,0.42381944444444447,0.8842480809917047,0.8842480809917047
har,LAC,full_b1,450.0,449.8958333333333,-0.00044326241134751463,0.8748208166216461,0.061776077296201305,0.17292000450970632,1.0375200270582383,0.059323744143622355,0.8659177392395957,-0.015487007587305321,0.012275933665895996,-0.0036358148189242745,1.0,0.0,0.7010937500000001,0.8748208166216461,0.8748208166216461
har,LAC,full_b2,456.9148936170213,456.9148936170213,-9.431115135051073e-06,0.8825048448527406,0.05595767227854507,0.1756581956681003,1.053949174008602,0.05077153490750066,0.8689372762686206,-0.010173496119643145,0.008522304071939968,-0.001284952038189062,1.0,0.0,0.6956382978723404,0.8825048448527406,0.8825048448527406
har,LAC,full_b4,464.2391304347827,464.2391304347827,0.0,0.8945847331005751,0.04569864869682914,0.17709680445423479,1.0625808267254089,0.03528491822596103,0.8859921053361773,0.0,0.0,0.0,1.0,0.0,0.0,0.8945847331005751,0.8945847331005751
har,LAC,full_b8,479.8863636363637,479.8863636363637,-1.0074145712440918e-05,0.8980719392063907,0.04332412407580296,0.17844196587401262,1.070651795244076,0.032096871690479915,0.8844576148250747,0.002207719512096814,-0.0012114948237776668,0.0015344216792970405,1.0,0.0,0.6202272727272727,0.8980719392063907,0.8980719392063907
har,LAC,full_reference,449.8958333333333,449.8958333333333,0.0,0.8903078242089514,0.049500143630305284,0.17655581932863063,1.0593349159717838,0.04061486348776763,0.8799703913397092,0.0,0.0,0.0,1.0,0.0,0.0,0.8903078242089516,0.8903078242089516
har,LAC,kappa0,139.54822802002283,449.8958333333333,0.590760560401323,0.8766023146629754,0.06277618219613065,0.1817192643556853,1.090315586134112,0.06445551988055315,0.8245096076878666,-0.013705509545975955,0.013276038565825333,0.005163445027054663,2.6180555555555554,31.547063086324176,0.7058835577025263,0.8529681995680517,0.8885066939663874
har,LAC,kappa05,161.22652587937955,449.8958333333333,0.5392191621966808,0.8795717876246343,0.05993989336054445,0.18062538421010765,1.083752305260646,0.059641044769803336,0.8351361932428808,-0.010736036584317134,0.010439749730239136,0.004069564881477027,2.6770833333333335,35.65458622539842,0.6684076331695259,0.8557505504187205,0.8904724219793212
har,LAC,kappa2,226.8320739358356,449.8958333333333,0.3946217065950181,0.8850457797194636,0.05475341871180716,0.1786628594660614,1.0719771567963685,0.05064907041976261,0.8552851121699776,-0.005262044489487833,0.005253275081501848,0.0021070401374307366,2.6909722222222228,54.83341575243319,0.5093061964162913,0.8609883121046957,0.8939676306017971
har,LAC,matched_b1,181.64930555555554,449.8958333333333,0.494215363967691,0.863848821444849,0.07233466978586171,0.17614015873434538,1.0568409524060725,0.07739920032311821,0.8271041536242344,-0.026459002764102582,0.022834526155556385,-0.0004156605942852405,1.0,0.0,0.7888541666666665,0.8638488214448489,0.8638488214448489
har,LAC,matched_b2,182.0,449.8958333333333,0.4926355028565799,0.8702197799388247,0.06857920809585781,0.18115675881210222,1.0869405528726135,0.07210788468025064,0.8186533910224011,-0.02008804427012666,0.019079064465552492,0.004600939483471559,1.0,0.0,0.76921875,0.8702197799388248,0.8702197799388248
har,LAC,matched_b4,182.33333333333334,449.8958333333333,0.49144120308806144,0.8835926126822228,0.05730199890969315,0.18303210141816736,1.0981926085090041,0.05600335338984482,0.833283895500719,-0.0067152115267287244,0.007801855279387843,0.0064762820895367,1.0,0.0,0.6155208333333334,0.8835926126822228,0.8835926126822228
har,LAC,matched_b8,181.35416666666666,449.8958333333333,0.49302612785657995,0.886725950859731,0.05493060380800165,0.1844630941643177,1.1067785649859063,0.05365780639189974,0.8295310427267838,-0.0035818733492203984,0.005430460177696344,0.007907274835687029,1.0,0.0,0.7180902777777778,0.886725950859731,0.886725950859731
har,LAC,random_planning,177.88541666666666,449.8958333333333,0.47530974500098494,0.8767226124608847,0.06198594030175314,0.1796998629843123,1.078199177905874,0.06234601459616893,0.8347744054297451,-0.013585211748066733,0.01248579667144783,0.003144043655681664,1.0,0.0,0.5576388888888889,0.8767226124608848,0.8767226124608848
har,LAC,restricted_b1,287.04588271411797,449.8958333333333,0.2743603786568591,0.8799607348874705,0.057925451041568064,0.17633762952035759,1.0580257771221457,0.054981975359052034,0.8595492902761676,-0.010347089321481024,0.008425307411262746,-0.00021818980827302393,2.3875,87.17363043321963,0.4255326105861381,0.8483458242001364,0.8891424281757954
har,LAC,restricted_b4,223.3699543830779,449.8958333333333,0.3982704911928224,0.8816962485251184,0.05731221551390345,0.17845155675774335,1.0707093405464603,0.05483107918538658,0.8513753485520527,-0.008611575683833075,0.007812071883598136,0.0018957374291127171,2.3444444444444446,50.604975032927996,0.4724573939915014,0.8672072769171116,0.8884440953485093
har,LAC,restricted_b8,226.0281628524336,449.8958333333333,0.38921675776725567,0.8879056470277895,0.05319309738725583,0.18216666165170023,1.0929999699102015,0.049649123120898274,0.8438259635374944,-0.0024021771811619922,0.0036929537569505336,0.005610842323069583,2.3249999999999997,59.53076387271324,0.5227419073532366,0.876915552610461,0.8957145487502776
har,LAC,sparse,183.86490460047204,449.8958333333333,0.4872118607751828,0.8818899872560652,0.057753394352394294,0.179790272023155,1.0787416321389303,0.055918038638796054,0.8433507422510177,-0.008417836952886249,0.008253250722088986,0.0032344526945243582,2.6916666666666664,41.98496592823648,0.6207635118511042,0.8572291378987115,0.8921308338628373
har,LAC,two_plan,208.6868503996989,449.8958333333333,0.43356419904950166,0.8839936480909626,0.05570001067507833,0.17887340901155946,1.073240454069357,0.052349899301513146,0.8518313453935233,-0.006314176117988876,0.006199867044773024,0.0023175896829288303,1.6159722222222221,45.48730487322251,0.5374158875120726,0.87754610297243,0.890539501152431
har,LAC,variance_save,298.29861111111114,449.8958333333333,0.273241264036643,0.8863856822073877,0.053139918622463735,0.17652368825998246,1.059142129559895,0.04637849988482923,0.870888493405395,-0.003922142001563776,0.003639774992158442,-3.213106864811286e-05,1.0,0.0,0.5348263888888889,0.8863856822073877,0.8863856822073877
mhealth,APS,deterministic,245.36458333333334,333.6458333333333,0.22345482248271534,0.8830205692975217,0.05099470563620304,0.3618698182061216,4.342437818473459,0.09024545045109561,0.12785004844713194,-0.002894822104877909,0.002630868636610761,0.0004967636881788927,1.0,0.0,0.4091666666666667,0.8830205692975216,0.8830205692975216
mhealth,APS,drop_coverage,148.14145576726818,333.6458333333333,0.5068449856473752,0.8722296953199385,0.061852798902885454,0.3594979860229672,4.313975832275606,0.09910399511511264,0.13098491474294574,-0.013685696082460994,0.013488961903293156,-0.0018750684949755284,2.7715277777777785,38.2409192388746,0.6922656445152776,0.8405550813370359,0.886404176828102
mhealth,APS,drop_shortfall,159.01162493297124,333.6458333333333,0.47489381611934833,0.8754423533047372,0.05907738810387914,0.36145225993765245,4.3374271192518306,0.09667611710130197,0.12944366745749206,-0.01047303809766229,0.010713551104286846,7.92054197098232e-05,2.8305555555555557,44.98566119504002,0.6605794381835285,0.8434453033600677,0.8895305402276471
mhealth,APS,drop_size,113.3465717335521,333.6458333333333,0.5989446788684061,0.8722991365353142,0.06393882154153535,0.36640334098829824,4.39684009185958,0.10008504584385847,0.1268452134735659,-0.013616254867085197,0.015574984541943055,0.005030286470355577,2.022222222222222,21.79217685644673,0.7762090714296978,0.8520037536333263,0.8839420451237209
mhealth,APS,fixed_25,91.85416666666667,333.6458333333333,0.6906437324973451,0.8428301827428556,0.0889573404539664,0.3409744541489748,4.091693449787699,0.1247510429507792,0.13896212696625063,-0.04308520865954396,0.040593503454374076,-0.02039860036896783,1.0,0.0,0.8284895833333333,0.8428301827428556,0.8428301827428556
mhealth,APS,fixed_50,169.54166666666666,333.6458333333333,0.4748109614409482,0.8689010441169565,0.06504043461480573,0.35464069506621626,4.255688340794595,0.1022186063269271,0.13111807037291875,-0.017014347285443102,0.01667659761521342,-0.0067323594517264065,1.0,0.0,0.7417013888888889,0.8689010441169565,0.8689010441169565
mhealth,APS,fixed_75,251.04166666666666,333.6458333333333,0.24052431011883604,0.879054188399071,0.05563996103550093,0.3582833518570303,4.299400222284364,0.09344394319645725,0.12839509676800234,-0.006861203003328498,0.00727612403590864,-0.003089702660912404,1.0,0.0,0.5868229166666666,0.879054188399071,0.879054188399071
mhealth,APS,full_b1,311.25,333.6458333333333,0.04282357786956021,0.8746863428887971,0.056763902858677384,0.3482093215554842,4.178511858665811,0.09739736221472778,0.13800499458038964,-0.011229048513602442,0.008400065859085098,-0.013163732962458485,1.0,0.0,0.6176736111111111,0.874686342888797,0.874686342888797
mhealth,APS,full_b2,323.82978723404256,338.1914893617021,0.027454162267610622,0.8894316879451892,0.04551172233609424,0.3649692456150613,4.379630947380735,0.0847925287303501,0.1285688003183318,0.001107141330170371,-0.0006892185334974489,0.00195330475162509,1.0,0.0,0.5568262411347518,0.889431687945189,0.889431687945189
mhealth,APS,full_b4,342.9347826086957,342.9347826086957,0.0,0.8899718693476251,0.044665285016214494,0.3638878635940399,4.366654363128479,0.08440232414497917,0.12578075504250805,0.0,0.0,0.0,1.0,0.0,0.0,0.889971869347625,0.889971869347625
mhealth,APS,full_b8,376.9318181818182,353.0681818181818,-0.04468568993728295,0.8912276066437297,0.0423228595141747,0.36531385015636336,4.3837662018763615,0.08354886939803445,0.12652169482349254,-0.00021178617714514027,-0.0009394001059394504,0.000825044406541341,1.0,0.0,0.5485606060606061,0.8912276066437297,0.8912276066437297
mhealth,APS,full_reference,333.6458333333333,333.6458333333333,0.0,0.8859153914023995,0.048363836999592284,0.3613730545179427,4.336476654215312,0.08789069131318494,0.1271793438379773,0.0,0.0,0.0,1.0,0.0,0.0,0.8859153914023995,0.8859153914023995
mhealth,APS,kappa0,104.72287235964238,333.6458333333333,0.6324375898781716,0.8622801975042247,0.07220378992949066,0.35727526701666096,4.287303204199932,0.10815269630223512,0.1317712010028953,-0.02363519389817484,0.02383995292989835,-0.0040977875012817135,2.5131944444444443,25.11242008447985,0.7843889932810252,0.8259515807759111,0.8804392602721806
mhealth,APS,kappa05,133.43023682837773,333.6458333333333,0.5511386491632297,0.8700570688083347,0.06407627832031203,0.35952370695132885,4.314284483415947,0.10108113064771702,0.13119058954624618,-0.01585832259406485,0.015712441320719726,-0.001849347566613783,2.7638888888888893,34.90759299976053,0.7344697065175051,0.837032754706279,0.8860304603758208
mhealth,APS,kappa2,219.4749113109017,333.6458333333333,0.308079484991182,0.8785793170504523,0.05534835992041018,0.3596044422001466,4.315253306401758,0.09397742079237631,0.12891804388793493,-0.007336074351947261,0.006984522920817872,-0.0017686123177961073,2.970833333333333,67.18069718994558,0.4552885772459924,0.8475941659393054,0.8906546086843768
mhealth,APS,matched_b1,166.18958333333333,333.6458333333333,0.4598514899576765,0.8629422399027579,0.06933421177191211,0.34749549146664527,4.169945897599743,0.10723252852876597,0.13916749487869598,-0.02297315149964163,0.020970374772319805,-0.013877563051297432,1.0,0.0,0.8122048611111111,0.8629422399027579,0.8629422399027579
mhealth,APS,matched_b2,166.26944444444442,333.6458333333333,0.4595223637157737,0.8760601153569141,0.05994489167861735,0.3653821856891876,4.384586228270251,0.0955080654525749,0.12921787034634,-0.009855276045485556,0.011581054679025052,0.004009131171244902,1.0,0.0,0.8048611111111111,0.8760601153569137,0.8760601153569137
mhealth,APS,matched_b4,166.33402777777778,333.6458333333333,0.458881598356691,0.8780080229936121,0.05781695152409916,0.36505438359811454,4.380652603177375,0.09452411740596944,0.12604360992820463,-0.007907368408787346,0.009453114524506851,0.003681329080171849,1.0,0.0,0.71078125,0.8780080229936121,0.8780080229936121
mhealth,APS,matched_b8,165.58541666666667,333.6458333333333,0.4598363350700139,0.8801649100362963,0.05507934793106989,0.3677075369834295,4.412490443801155,0.09315625836248997,0.1258242334327768,-0.005750481366103327,0.006715510931477602,0.006334482465486852,1.0,0.0,0.769982638888889,0.8801649100362962,0.8801649100362962
mhealth,APS,random_planning,165.19444444444443,333.6458333333333,0.4437315680988106,0.8721918761304724,0.06228475760714101,0.35898806690232116,4.307856802827854,0.09895325954130664,0.12849577204606175,-0.013723515271927174,0.013920920607548697,-0.0023849876156215523,1.0,0.0,0.6038194444444445,0.8721918761304722,0.8721918761304722
mhealth,APS,restricted_b1,233.98764964562739,333.6458333333333,0.24827240841813766,0.8760264122541527,0.05707775450003696,0.3548505615265826,4.258206738318991,0.09646981175593589,0.131526504130812,-0.009888979148246912,0.008713917500444646,-0.006522492991360081,2.441666666666667,67.27802035890853,0.39798824530712346,0.8312307526108363,0.8886348413701534
mhealth,APS,restricted_b4,208.21209781078406,333.6458333333333,0.34445599688320966,0.8769349950205392,0.05763293199508015,0.3610704579034782,4.332845494841738,0.09544568585145176,0.12736556992699263,-0.008980396381860335,0.009269094995487842,-0.0003025966144645171,2.6680555555555556,66.89290547584262,0.5046587490752975,0.8529827878094425,0.8863531647765264
mhealth,APS,restricted_b8,218.21773819122362,333.6458333333333,0.3029486380598797,0.8804303472455365,0.054182729081538074,0.36358893861049885,4.363067263325987,0.09246284931335137,0.12774406459309237,-0.005485044156863098,0.0058188920819457765,0.0022158840925561355,2.5,62.671035600360504,0.4518792037890429,0.8689446954270363,0.8910850729439161
mhealth,APS,sparse,167.47947017937193,333.6458333333333,0.4548378168690032,0.8759862548562665,0.05837037575723033,0.36092652611487425,4.331118313378491,0.09609110926672665,0.1296820309860881,-0.009929136546133078,0.010006538757638024,-0.00044652840306843997,2.9000000000000004,47.452042766627216,0.6436613893681461,0.84450315694298,0.8902078910678557
mhealth,APS,two_plan,200.77397159531165,333.6458333333333,0.36128049091394737,0.8790472607053367,0.055034033795642444,0.3603649653522997,4.3243795842275965,0.09352300481502616,0.1293510192175886,-0.006868130697062896,0.00667019679605015,-0.0010080891656430106,1.7590277777777779,58.930797179148385,0.4992362693501899,0.869946641303093,0.8865958184586642
mhealth,APS,variance_save,183.92708333333334,333.6458333333333,0.40016118565405695,0.8805941336340138,0.05391166578123218,0.3621393011481266,4.345671613777519,0.09223210713826731,0.12701015098091417,-0.005321257768385711,0.005547828781639878,0.0007662466301838535,1.0,0.0,0.6776562500000001,0.8805941336340138,0.8805941336340138
mhealth,LAC,deterministic,242.1736111111111,333.6458333333333,0.23660229231643384,0.8784607761890411,0.05128292464982818,0.13432237461260638,1.611868495351277,0.02319462438534516,0.690859804386843,-0.004334669194127457,0.004940585537589459,0.002684611783825569,1.0,0.0,0.3715104166666667,0.8784607761890411,0.8784607761890411
mhealth,LAC,drop_coverage,158.91624746116136,333.6458333333333,0.4702046308477641,0.870982617016363,0.060209380169642,0.139190165087792,1.6702819810535043,0.03426715287231045,0.6752820383402643,-0.01181282836680547,0.013867041057403278,0.007552402259011174,2.6750000000000003,35.34234675409667,0.5796468047867536,0.8379624367011157,0.8857535382637026
mhealth,LAC,drop_shortfall,170.65039184928463,333.6458333333333,0.43870177059869403,0.8724478355466241,0.05827626460766049,0.13884009244662768,1.6660811093595325,0.03206970933694806,0.6761921518612501,-0.010347609836544426,0.011933925495421762,0.007202329617846864,2.7291666666666665,39.17255929201189,0.5543160040445992,0.8435771136764182,0.8870218872836112
mhealth,LAC,drop_size,125.04665676624468,333.6458333333333,0.564392757569816,0.8762696032282294,0.05741495600585116,0.1509716382500233,1.81165965900028,0.031807677659384886,0.6515931079725154,-0.006525842154939108,0.011072616893612433,0.019333875421242465,2.048611111111111,26.993089648948814,0.6603966430331436,0.8539906205943771,0.8876936398051806
mhealth,LAC,fixed_25,91.85416666666667,333.6458333333333,0.6906437324973451,0.841511046734316,0.08754566819846633,0.13711673176713016,1.6454007812055627,0.06885896715925595,0.6603225730593038,-0.041284398648852735,0.041203329086227605,0.00547896893834936,1.0,0.0,0.7436284722222223,0.8415110467343158,0.8415110467343158
mhealth,LAC,fixed_50,169.54166666666666,333.6458333333333,0.4748109614409482,0.8678992225621182,0.06243372439726964,0.1375095722389277,1.650114866867133,0.037957575029392523,0.6776411780458839,-0.014896222821050355,0.016091385285030912,0.0058718094101468865,1.0,0.0,0.6203645833333333,0.8678992225621182,0.8678992225621182
mhealth,LAC,fixed_75,251.04166666666666,333.6458333333333,0.24052431011883604,0.8777612147793926,0.05245618309556907,0.13418103776528276,1.6101724531833934,0.025120888037963775,0.6922519272573608,-0.005034230603775951,0.006113843983330346,0.0025432749365019293,1.0,0.0,0.42446180555555557,0.8777612147793926,0.8777612147793926
mhealth,LAC,full_b1,311.25,333.6458333333333,0.04282357786956021,0.8561237524957384,0.06699315991683015,0.117525235292066,1.4103028235047927,0.03644005128883023,0.7349404743512166,-0.026671692887430206,0.020650820804591415,-0.014112527536714768,1.0,0.0,0.5905208333333333,0.8561237524957384,0.8561237524957384
mhealth,LAC,full_b2,323.82978723404256,338.1914893617021,0.027454162267610622,0.8831829810471751,0.04586013255082313,0.13400903990911128,1.6081084789093358,0.017616964767859424,0.6916469565236961,-0.0025177225856368246,0.0021779092222128957,0.0017718958877804257,1.0,0.0,0.48709219858156033,0.8831829810471751,0.8831829810471751
mhealth,LAC,full_b4,342.9347826086957,342.9347826086957,0.0,0.8872061236842793,0.0422291022401672,0.13230541170297835,1.587664940435741,0.011797756529322722,0.7083137014276054,0.0,0.0,0.0,1.0,0.0,0.0,0.8872061236842793,0.8872061236842793
mhealth,LAC,full_b8,376.9318181818182,353.0681818181818,-0.04468568993728295,0.8880416176455997,0.04018227647908467,0.13201974781074793,1.5842369737289757,0.008466575118362575,0.7131276858139377,0.0004496758986799962,-0.001479056581541636,0.00035543091144798843,1.0,0.0,0.47363636363636363,0.8880416176455999,0.8880416176455999
mhealth,LAC,full_reference,333.6458333333333,333.6458333333333,0.0,0.8827954453831687,0.04634233911223871,0.1316377628287808,1.57965315394537,0.01681526944621349,0.7063095734674479,0.0,0.0,0.0,1.0,0.0,0.0,0.8827954453831685,0.8827954453831685
mhealth,LAC,kappa0,122.50736499374511,333.6458333333333,0.5753234240501143,0.8649773874657812,0.06642054918229778,0.141732144511315,1.7007857341357804,0.041986721303003884,0.6658870272971221,-0.017818057917387276,0.020078210070059044,0.01009438168253418,2.597222222222222,27.04581141641748,0.6696894576370447,0.831353233416703,0.8852967871796085
mhealth,LAC,kappa05,147.66891404752542,333.6458333333333,0.5036393852060965,0.869336063266195,0.0617823116292334,0.14031170656867314,1.6837404788240782,0.03588726152257523,0.6728132948831539,-0.01345938211697363,0.01543997251699467,0.00867394373989233,2.7083333333333335,33.10109353744596,0.6120689769898483,0.8390533515435629,0.8860134745367511
mhealth,LAC,kappa2,221.94195841799822,333.6458333333333,0.29896923943428383,0.8765646903988361,0.05333890186907605,0.13562177158593472,1.627461259031217,0.026052806192707983,0.6865764989748687,-0.006230754984332461,0.006996562756837316,0.003984008757153891,2.8166666666666664,55.07230624501066,0.4072030446947828,0.850160310661539,0.8893212934862093
mhealth,LAC,matched_b1,175.20833333333334,333.6458333333333,0.42885888819880624,0.8437276919147254,0.08077420493246114,0.1222867251373807,1.467440701648569,0.055133342405688505,0.7049120348720854,-0.03906775346844308,0.0344318658202224,-0.009351037691400084,1.0,0.0,0.7503472222222222,0.8437276919147254,0.8437276919147254
mhealth,LAC,matched_b2,175.24305555555557,333.6458333333333,0.42859620228925516,0.8727509457679634,0.05818581499523556,0.14238447016604905,1.7086136419925892,0.034661934739998575,0.6579879564735605,-0.010044499615205099,0.011843475882996843,0.010746707337268235,1.0,0.0,0.689513888888889,0.8727509457679634,0.8727509457679634
mhealth,LAC,matched_b4,175.35625000000002,333.6458333333333,0.42793610691406087,0.8795225089693566,0.052881686941092965,0.1417324723155761,1.7007896677869134,0.026851541279432442,0.6690448495998241,-0.00327293641381202,0.006539347828854243,0.010094709486795264,1.0,0.0,0.5580555555555556,0.8795225089693565,0.8795225089693565
mhealth,LAC,matched_b8,174.6451388888889,333.6458333333333,0.4288309093415463,0.8839465553362071,0.0483684388794088,0.14427725451916032,1.7313270542299246,0.02100962503716068,0.6702232462622444,0.001151109953038575,0.0020260997671700874,0.012639491690379492,1.0,0.0,0.6389583333333334,0.8839465553362071,0.8839465553362071
mhealth,LAC,random_planning,182.5972222222222,333.6458333333333,0.39530065094183203,0.8744631282383053,0.056435711443498356,0.138244900900602,1.6589388108072243,0.03065827498282651,0.6777347823828074,-0.008332317144863254,0.010093372331259625,0.006607138071821177,1.0,0.0,0.4796875,0.8744631282383053,0.8744631282383053
mhealth,LAC,restricted_b1,239.30747442017034,333.6458333333333,0.2355734561972412,0.8672599203111435,0.06092863771331942,0.12984537692126372,1.558144523055165,0.033262801437182375,0.7018886104292522,-0.015535525072025028,0.014586298601080676,-0.0017923859075170874,2.442361111111111,62.996101881956776,0.3665926705399713,0.8246430542918572,0.8800797949930529
mhealth,LAC,restricted_b4,211.0199866412121,333.6458333333333,0.32843929818838596,0.8765229373459628,0.05434636152530612,0.13675730809329384,1.6410876971195265,0.027208587991497505,0.6840325558514007,-0.006272508037205725,0.008004022413067384,0.005119545264513023,2.536111111111111,53.18958522103296,0.4133975658140779,0.8581732794206616,0.8854105161246681
mhealth,LAC,restricted_b8,225.93039370419362,333.6458333333333,0.2844805417522712,0.8827170700897504,0.04842307101928858,0.14027473028411666,1.6832967634094003,0.020060572509042616,0.6807203540473421,-7.837529341819342e-05,0.002080731907049865,0.008636967455335817,2.390277777777778,59.901031113729545,0.3786164717980798,0.8733544013726094,0.8931852587099763
mhealth,LAC,sparse,176.5015502818469,333.6458333333333,0.4237670735880843,0.8729194240934035,0.05773572886636879,0.13827796716097693,1.6593356059317237,0.031090285241692623,0.6785760428496334,-0.009876021289765082,0.011393389754130056,0.006640204332196105,2.7826388888888887,41.31448874409575,0.5430222907768861,0.8443235087162805,0.8875909346981906
mhealth,LAC,two_plan,205.01116195620452,333.6458333333333,0.34585093250375926,0.8758918041625035,0.05443294006736338,0.1361599977477218,1.6339199729726621,0.02723580847681226,0.6842410209447468,-0.0069036412206651444,0.008090600955124656,0.004522234918940995,1.7340277777777777,52.61180970960972,0.43411202836314505,0.8660275720867325,0.883873821020741
mhealth,LAC,variance_save,177.76041666666666,333.6458333333333,0.41561548501395756,0.8806559566854849,0.05019530263110175,0.145316204076215,1.7437944489145807,0.02341084570655885,0.674828514086567,-0.0021394886976836163,0.003852963518863037,0.013678441247434175,1.0,0.0,0.6058680555555557,0.8806559566854849,0.8806559566854849
pamap2,APS,deterministic,219.77951388888889,263.8541666666667,0.15671552814169112,0.8606231338460416,0.06696959726129004,0.4763255140594583,5.7159061687134995,0.08348412511900737,0.09938805749890305,-5.096137958419001e-06,0.0010367220195333672,0.0043337672256852046,1.0,0.0,0.2748524305555556,0.8606231338460417,0.8606231338460417
pamap2,APS,drop_coverage,135.98450131733708,263.8541666666667,0.46411894998147396,0.856155660476417,0.07317791049252839,0.48065140311081,5.767816837329721,0.08690624584062062,0.10084220596949707,-0.00447256950758303,0.007245035250771702,0.008659656277036952,2.9104166666666664,38.728992746746535,0.6455762735997389,0.8228973192770099,0.8739408601416193
pamap2,APS,drop_shortfall,143.90599663512322,263.8541666666667,0.43543751688158167,0.8568467290871481,0.0725691058282806,0.48180829381554197,5.781699525786505,0.08632934332176206,0.10037275035466552,-0.003781500896851949,0.00663623058652392,0.009816546981768905,2.9253472222222228,43.16623443869933,0.6136206586658669,0.8221150746859217,0.8762837892068595
pamap2,APS,drop_size,88.189296791811,263.8541666666667,0.6359149253966844,0.8700843826020485,0.06603466515455483,0.5162330381778589,6.194796458134307,0.0776757354186764,0.09141341683635508,0.009456152618048358,0.00010178991279816169,0.044241291344085804,1.9371527777777777,17.64472008197597,0.7997493235036731,0.850767711333218,0.8840640301108178
pamap2,APS,fixed_25,74.5,263.8541666666667,0.6906677672687204,0.8376746699644894,0.09229011383643915,0.47262396375211296,5.671487565025355,0.1009431700685156,0.10612107757346977,-0.02295356001951081,0.026357238594682458,0.000632216918339828,1.0,0.0,0.8288107638888889,0.8376746699644894,0.8376746699644894
pamap2,APS,fixed_50,134.79166666666666,263.8541666666667,0.4747790692014524,0.8542979661654249,0.07493717505773605,0.47876834717594674,5.745220166111362,0.08826851607051998,0.10090292936535043,-0.006330263818575217,0.009004299815979363,0.006776600342173634,1.0,0.0,0.7045052083333333,0.8542979661654249,0.8542979661654249
pamap2,APS,fixed_75,198.75,263.8541666666667,0.24079233848526868,0.8588455137087476,0.06903866803709234,0.4761500356312949,5.713800427575539,0.08472511330514321,0.09990400147120553,-0.00178271627525247,0.003105792795335667,0.004158288797521802,1.0,0.0,0.5326736111111111,0.8588455137087476,0.8588455137087476
pamap2,APS,full_b1,245.0,263.8541666666667,0.051911318955306616,0.8195879637928147,0.0992600829548136,0.42179658119902913,5.06155897438835,0.11204477314587917,0.11769876726287105,-0.04104026619118523,0.03332720771305691,-0.050195165634743945,1.0,0.0,0.8570225694444445,0.8195879637928148,0.8195879637928148
pamap2,APS,full_b2,254.36170212765958,266.9148936170213,0.034897470619135354,0.8301933431262398,0.0901966542399268,0.4334638917688875,5.20156670122665,0.10449349939757291,0.11475536894846594,-0.03279293646322316,0.026464370870258772,-0.040488712597468134,1.0,0.0,0.8305053191489362,0.8301933431262398,0.8301933431262398
pamap2,APS,full_b4,270.10869565217394,270.10869565217394,0.0,0.8635604419311815,0.06304389633979278,0.4737986391880596,5.685583670256715,0.08115490233306738,0.09905174332440668,0.0,0.0,0.0,1.0,0.0,0.0,0.8635604419311815,0.8635604419311815
pamap2,APS,full_b8,301.9318181818182,276.9318181818182,-0.0704380112411132,0.8895149815759567,0.04180437805243143,0.5051816846875584,6.0621802162507015,0.06213476136251275,0.08852060099593666,0.025251434896354282,-0.020489128129824338,0.031158443526185353,1.0,0.0,0.8006818181818182,0.8895149815759567,0.8895149815759567
pamap2,APS,full_reference,263.8541666666667,263.8541666666667,0.0,0.860628229984,0.06593287524175667,0.4719917468337731,5.663900962005276,0.08333077755168504,0.10011663236446629,0.0,0.0,0.0,1.0,0.0,0.0,0.860628229984,0.860628229984
pamap2,APS,kappa0,82.49872820398929,263.8541666666667,0.6592486309035078,0.8512762767416105,0.08084784529847652,0.48750806132388463,5.850096735886616,0.09067937483829984,0.10101015960102334,-0.009351953242389527,0.01491497005671983,0.01551631449011154,2.6840277777777772,17.78393401306084,0.8133406861676059,0.8119016702195445,0.8780203398791708
pamap2,APS,kappa05,116.08508323349422,263.8541666666667,0.5377255059554544,0.8558161806932717,0.07440363966998224,0.4838118528577313,5.805742234292777,0.08708525844983457,0.10068973283244215,-0.004812049290728367,0.008470764428225551,0.011820106023958244,2.9736111111111114,29.854002950980917,0.7270460202657271,0.8221876592140321,0.8777512195028431
pamap2,APS,kappa2,185.32189161622944,263.8541666666667,0.2845516169660274,0.8579336251354018,0.07028942080355742,0.4773119945012429,5.7277439340149146,0.08550887381509631,0.10028126350204469,-0.0026946048485981342,0.004356545561800732,0.005320247667469802,3.099305555555555,57.06170993081812,0.4214206735868311,0.8227014784916985,0.8741022823721479
pamap2,APS,matched_b1,148.49027777777778,263.8541666666667,0.4203449409755737,0.8151932362593007,0.10629352482786668,0.4283886579634972,5.140663895561965,0.11587276417313563,0.11883297836306106,-0.045434993724699425,0.04036064958610996,-0.043603088870275926,1.0,0.0,0.889079861111111,0.8151932362593005,0.8151932362593005
pamap2,APS,matched_b2,148.53993055555554,263.8541666666667,0.42012985101805467,0.8336969128852835,0.0904227748591031,0.4482211394460596,5.378653673352716,0.10227366424284083,0.11176840920499943,-0.026931317098716632,0.024489899617346402,-0.023770607387713378,1.0,0.0,0.8390104166666666,0.8336969128852835,0.8336969128852835
pamap2,APS,matched_b4,148.3861111111111,263.8541666666667,0.42022028130012296,0.8643516569756325,0.06631287668368414,0.4897772504634672,5.8773270055616065,0.08072085821923329,0.096166322904755,0.0037234269916324157,0.0003800014419274838,0.017785503629694107,1.0,0.0,0.6597743055555555,0.8643516569756325,0.8643516569756325
pamap2,APS,matched_b8,147.46944444444443,263.8541666666667,0.4219025707017239,0.8846080271167719,0.05041957932283114,0.5167815385904662,6.201378463085594,0.06599645769282865,0.0873979902741836,0.023979797132771773,-0.015513295918925496,0.04478979175669303,1.0,0.0,0.8002777777777778,0.884608027116772,0.884608027116772
pamap2,APS,random_planning,146.26736111111111,263.8541666666667,0.409171208333923,0.8540509838684209,0.07375892833315077,0.47501046570034905,5.700125588404188,0.08833704695682983,0.10194611450482631,-0.0065772461155791705,0.007826053091394086,0.003018718866575952,1.0,0.0,0.5711979166666666,0.8540509838684209,0.8540509838684209
pamap2,APS,restricted_b1,240.77440883856093,263.8541666666667,0.08367282577647195,0.8521748446223549,0.07372780908976274,0.4649095667710612,5.578914801252735,0.0894973076208778,0.103320579004342,-0.008453385361645053,0.007794933848006037,-0.007082180062711836,2.072569444444445,57.17042764372055,0.12225455730053407,0.7904985631584349,0.8608462264197385
pamap2,APS,restricted_b4,167.05254065747133,263.8541666666667,0.3507811273691013,0.8585306531082662,0.07017660152675913,0.4803385690844532,5.764062829013439,0.08550947802264923,0.09951705279993985,-0.002097576875733864,0.004243726285002441,0.008346822250680152,2.7774305555555556,47.37981972166539,0.49940185083418415,0.841640836560115,0.8675514274814135
pamap2,APS,restricted_b8,214.23513724535997,263.8541666666667,0.17384412483435815,0.8682809018437263,0.06135202612918069,0.48749977032081265,5.849997243849752,0.07766396258628795,0.09614679080156846,0.0076526718597261486,-0.004580849112575949,0.015508023487039557,2.1732638888888887,52.56871371478295,0.26816703685111304,0.8589857234490846,0.8860248342331386
pamap2,APS,sparse,149.43368244780604,263.8541666666667,0.4161509256310554,0.8578425794173049,0.07140814516468491,0.4815890976410438,5.779069171692527,0.08566349459874671,0.10011878290369414,-0.002785650566695181,0.005475269922928225,0.009597350807270756,3.029166666666667,44.31108582906714,0.5930549992337837,0.8241811721664517,0.8760194824579207
pamap2,APS,two_plan,177.0671026660231,263.8541666666667,0.31328329410100403,0.8582542839281396,0.07028755644884162,0.47905823826527066,5.748698859183249,0.08537729914832061,0.1002469179875997,-0.0023739460558604123,0.004354681207084932,0.007066491431497596,1.8069444444444445,54.26862481566044,0.4362707474716117,0.8477750562072356,0.865814836553303
pamap2,APS,variance_save,152.80729166666666,263.8541666666667,0.39987939673749784,0.8799092668692349,0.05262043316199796,0.5059770260409279,6.071724312491135,0.06974845632125447,0.0906171973240214,0.019281036885234835,-0.013312442079758693,0.03398527920715475,1.0,0.0,0.7256076388888889,0.8799092668692349,0.8799092668692349
pamap2,LAC,deterministic,235.00173611111111,263.8541666666667,0.10594461918642573,0.848550632068045,0.08036271699816754,0.237742611340946,2.8529113360913514,0.007074613964291877,0.436517363173748,-0.0006541623209121295,0.0010427427421561247,0.0024386718677992802,1.0,0.0,0.2437152777777778,0.8485506320680453,0.8485506320680453
pamap2,LAC,drop_coverage,152.06808477607726,263.8541666666667,0.4039169693980534,0.842134837394875,0.0880668437822717,0.2463167398705566,2.9558008784466803,0.013790740345227563,0.4393757534988101,-0.007069956994082231,0.008746869526260248,0.011012800397409934,2.9010416666666665,39.96675865172927,0.6319391583306327,0.8164024598519802,0.8571381011896918
pamap2,LAC,drop_shortfall,166.32573302541857,263.8541666666667,0.35516789722992154,0.8446310834741656,0.08556997239370456,0.2454506979803449,2.945408375764139,0.01226334222035728,0.436406768588959,-0.00457371091479166,0.006249998137693121,0.010146758507198208,2.922222222222222,46.451326536331884,0.5682854075590988,0.8169995429662951,0.8574875014914832
pamap2,LAC,drop_size,99.94325479900063,263.8541666666667,0.5954966053817924,0.8523363310710229,0.08299965942883213,0.2823052439498694,3.387662927398433,0.01560045882670065,0.40134851112763553,0.003131536682065651,0.003679685172820701,0.04700130447672269,2.0256944444444445,20.259962599165032,0.7910344485057313,0.831934686656456,0.8624183288570549
pamap2,LAC,fixed_25,74.5,263.8541666666667,0.6906677672687204,0.8232811407172685,0.10849920742513967,0.2577275280628921,3.0927303367547054,0.041299297615971016,0.4229595038975884,-0.025923653671688817,0.02917923316912822,0.022423588589745403,1.0,0.0,0.8456684027777778,0.8232811407172685,0.8232811407172685
pamap2,LAC,fixed_50,134.79166666666666,263.8541666666667,0.4747790692014524,0.8414245573258183,0.08953704702964359,0.2516699049371393,3.020038859245673,0.017844299390342048,0.4291467036744325,-0.0077802370631389174,0.010217072773632154,0.016365965463992643,1.0,0.0,0.723064236111111,0.8414245573258183,0.8414245573258183
pamap2,LAC,fixed_75,198.75,263.8541666666667,0.24079233848526868,0.8462249200588022,0.08336616164480966,0.24181231066187361,2.901747727942484,0.010687348072192326,0.43256480795677005,-0.0029798743301551437,0.004046187388798246,0.006508371188726943,1.0,0.0,0.5413541666666667,0.8462249200588022,0.8462249200588022
pamap2,LAC,full_b1,245.0,263.8541666666667,0.051911318955306616,0.8340680176202827,0.09232498976604492,0.22312794359442997,2.67753532313316,0.016011243000197413,0.4558642167750646,-0.015136776768674679,0.013005015510033495,-0.01217599587871672,1.0,0.0,0.8306944444444445,0.8340680176202827,0.8340680176202827
pamap2,LAC,full_b2,254.36170212765958,266.9148936170213,0.034897470619135354,0.8465087574838268,0.08154201476475836,0.22992783903586664,2.7591340684304004,0.006635052693789144,0.4459057642620521,-0.005218204643391958,0.004590422906909946,-0.006301662025653545,1.0,0.0,0.7963741134751773,0.8465087574838268,0.8465087574838268
pamap2,LAC,full_b4,270.10869565217394,270.10869565217394,0.0,0.852160926455614,0.07635568973862983,0.23500021905158883,2.8200026286190663,0.0025668279576602678,0.4356153945303565,0.0,0.0,0.0,1.0,0.0,0.0,0.852160926455614,0.852160926455614
pamap2,LAC,full_b8,301.9318181818182,276.9318181818182,-0.0704380112411132,0.8580079142992137,0.07190340750175071,0.2415846097457672,2.8990153169492068,0.0013687482501359668,0.421059355217406,0.00499644115608544,-0.003645275853243884,0.006439262535248777,1.0,0.0,0.783314393939394,0.8580079142992137,0.8580079142992137
pamap2,LAC,full_reference,263.8541666666667,263.8541666666667,0.0,0.8492047943889572,0.07931997425601141,0.23530393947314668,2.8236472736777607,0.006054153090340883,0.43550239761620285,0.0,0.0,0.0,1.0,0.0,0.0,0.8492047943889572,0.8492047943889572
pamap2,LAC,kappa0,105.21558677539309,263.8541666666667,0.576527643786383,0.8368131946951712,0.09461095921712866,0.254161697622322,3.0499403714678643,0.021174514128936162,0.4339268094956537,-0.012391599693786094,0.01529098496111722,0.01885775814917529,2.8340277777777776,23.751795576302722,0.7915638941831001,0.8063296785788555,0.8558961093461468
pamap2,LAC,kappa05,138.96835106585158,263.8541666666667,0.45481437091150473,0.8433525098247013,0.0877081020545385,0.25089932061817183,3.0107918474180626,0.014680982287366586,0.4336883548293275,-0.005852284564256067,0.008388127798527066,0.015595381145025145,2.9493055555555556,35.984328316465856,0.6932410527528056,0.816244706566389,0.8582835867741173
pamap2,LAC,kappa2,199.6161175831913,263.8541666666667,0.23259882430990994,0.8457197788325533,0.08373042425421577,0.24093587512205125,2.891230501464616,0.010056429530690912,0.4381553872465007,-0.0034850155564038854,0.004410449998204332,0.0056319356489045735,3.035763888888889,55.23814216743091,0.3770955178240174,0.815904383014602,0.8571762542147057
pamap2,LAC,matched_b1,167.359375,263.8541666666667,0.3524449769360782,0.8268218206761317,0.10026479491714847,0.2285892333398112,2.743070800077735,0.023219226885036044,0.4619696990845062,-0.022382973712825587,0.02094482066113704,-0.006714706133335457,1.0,0.0,0.8646180555555555,0.8268218206761316,0.8268218206761316
pamap2,LAC,matched_b2,167.490625,263.8541666666667,0.35200127959587996,0.8416313506787029,0.08811228574504824,0.23980273803776386,2.877632856453167,0.01454808610407867,0.43942746886860334,-0.007573443710254365,0.00879231148903681,0.004498798564617172,1.0,0.0,0.8262760416666666,0.841631350678703,0.841631350678703
pamap2,LAC,matched_b4,167.46180555555557,263.8541666666667,0.35183963222708686,0.8527526294548594,0.07920381343917975,0.2562792647286627,3.0753511767439528,0.008236400464360577,0.41935668777072693,0.003547835065902019,-0.0001161608168316735,0.020975325255515976,1.0,0.0,0.6288020833333333,0.8527526294548594,0.8527526294548594
pamap2,LAC,matched_b8,165.57881944444443,263.8541666666667,0.35555677490550247,0.8570609212945429,0.07601460880628565,0.2614043377971887,3.136852053566265,0.007254647946476137,0.40863187664550865,0.007856126905585499,-0.003305365449725753,0.02610039832404201,1.0,0.0,0.7968142361111111,0.8570609212945429,0.8570609212945429
pamap2,LAC,random_planning,148.69270833333334,263.8541666666667,0.3988101108725415,0.8398929565787733,0.08963965504266092,0.23984386235388377,2.8781263482466053,0.012756590041731936,0.4476510136922723,-0.009311837810184001,0.010319680786649472,0.004539922880737072,1.0,0.0,0.5728211805555555,0.8398929565787733,0.8398929565787733
pamap2,LAC,restricted_b1,229.67172998450397,263.8541666666667,0.1177825272559408,0.8403841848671801,0.08698560047325243,0.22967389466205157,2.7560867359446193,0.011606727091925178,0.4500151181576118,-0.00882060952177696,0.007665626217240988,-0.005630044811095081,2.2260416666666667,57.03398075390114,0.20651609327479548,0.795267551757089,0.8501758686651275
pamap2,LAC,restricted_b4,191.74312261893434,263.8541666666667,0.2628338382302467,0.8454643477624955,0.08393109711642072,0.241893971614329,2.902727659371948,0.009836997371900278,0.43819141782604104,-0.0037404466264618235,0.004611122860409292,0.006590032141182288,2.7604166666666665,50.138135381041245,0.41534150626415234,0.8281866146960676,0.8548365798760295
pamap2,LAC,restricted_b8,204.25898139464275,263.8541666666667,0.21147722588516102,0.8496256052370206,0.08069588188669868,0.2451734348106864,2.942081217728237,0.007404361324998741,0.43175603382598776,0.0004208108480632169,0.001375907630687263,0.009869495337539676,2.3604166666666666,46.83406713588183,0.37458508241360194,0.8396247369227302,0.861733366610712
pamap2,LAC,sparse,168.450839535809,263.8541666666667,0.34778818747065515,0.8446073681282792,0.0855474709858199,0.24498340238275892,2.9398008285931074,0.012072465781040558,0.43670531651000566,-0.00459742626067817,0.006227496729808479,0.009679462909612241,3.0204861111111114,46.128384698736234,0.5630261739107848,0.8172816842121077,0.8580307000700511
pamap2,LAC,two_plan,191.55157984926356,263.8541666666667,0.262946703420936,0.8454733407604952,0.08399467209110473,0.2410478676922658,2.8925744123071904,0.010256384388327211,0.43827804982167345,-0.0037314536284619947,0.004674697835093299,0.0057439282191191115,1.8583333333333334,49.77830317887359,0.4220564611636026,0.8357916489107523,0.8527597287127603
pamap2,LAC,variance_save,169.06076388888889,263.8541666666667,0.3431531662339355,0.853270414099975,0.0785992330605019,0.25252215045840737,3.0302658055008886,0.007786421292750406,0.41810704476286187,0.004065619711017684,-0.0007207411955095065,0.017218210985260638,1.0,0.0,0.6741232638888889,0.853270414099975,0.853270414099975
realdisp,APS,deterministic,236.39583333333334,382.8125,0.3088674629351292,0.885160542836088,0.041168040778265025,0.25862285310956995,8.53455415261581,0.08679719480531967,0.08770266296155103,-0.0020185793438494306,0.0026488125570094524,0.001666214259844579,1.0,0.0,0.5823472222222222,0.8851605428360881,0.8851605428360881
realdisp,APS,drop_coverage,153.20365675692494,382.8125,0.52739975152763,0.8797621910691548,0.04805959864544126,0.2610119607086931,8.613394703386872,0.09099917306374654,0.08924785810616924,-0.00741693111078275,0.00954037042418567,0.004055321858967719,2.8375,35.73404310466392,0.7546041114338154,0.8573027201930686,0.8919036259379537
realdisp,APS,drop_shortfall,158.60050996794902,382.8125,0.5098513053144366,0.8801648419199347,0.04774297437784109,0.2611042058921396,8.61643879444061,0.09060832269456993,0.08895942418438009,-0.007014280260002761,0.009223746156585505,0.004147567042414286,2.884444444444444,38.627234385997866,0.7261434720087486,0.8572179166273072,0.8925768267523928
realdisp,APS,drop_size,107.6848023378959,382.8125,0.6396952094257684,0.8836646224827159,0.04868730257240619,0.27535282458467936,9.08664321129442,0.08766037402053987,0.0857134147166191,-0.0035144996972216124,0.010168074351150592,0.01839618573495399,2.0716666666666668,22.460107431379004,0.8165150916395145,0.8700928601963419,0.8925288911327676
realdisp,APS,fixed_25,104.3125,382.8125,0.6901892645207025,0.8684020358286427,0.06218883039252237,0.26409071118441435,8.714993469085675,0.09976075525779719,0.09068620545259061,-0.018777086351294835,0.023669602171266763,0.007134072334689036,1.0,0.0,0.8504166666666667,0.8684020358286428,0.8684020358286428
realdisp,APS,fixed_50,194.125,382.8125,0.4746522045179839,0.8799138886087107,0.04876020351663433,0.2617537131028232,8.637872532393166,0.09081289502231456,0.08818438764267139,-0.007265233571226903,0.010240975295378742,0.004797074253097858,1.0,0.0,0.7692847222222222,0.8799138886087107,0.8799138886087107
realdisp,APS,fixed_75,287.9166666666667,382.8125,0.24086388078195364,0.8836958609484835,0.043143946669791766,0.2585870821408551,8.533373710648219,0.08792061987700196,0.08781427496959815,-0.0034832612314539203,0.00462471844853619,0.0016304432911297528,1.0,0.0,0.6203472222222222,0.8836958609484836,0.8836958609484836
realdisp,APS,full_b1,365.0,382.8125,0.024833215903006804,0.8842216258303597,0.04128994709313521,0.25498784667273033,8.414598940200102,0.088246010280472,0.08780777128280028,-0.0029574963495778185,0.002770718871879642,-0.001968792176995011,1.0,0.0,0.7788055555555555,0.8842216258303597,0.8842216258303597
realdisp,APS,full_b2,376.9148936170213,388.40425531914894,0.016461315349484428,0.879015338675026,0.04426508763203921,0.2513241721773151,8.2936976818514,0.09183262609847427,0.09150803805300362,-0.00944399838939985,0.0070562763167601045,-0.005963421015907873,1.0,0.0,0.7291418439716312,0.879015338675026,0.879015338675026
realdisp,APS,full_b4,394.2391304347827,394.2391304347827,0.0,0.8891709928857735,0.03634128039609908,0.25705005602792724,8.4826518489216,0.08363559921151027,0.08659319712752256,0.0,0.0,0.0,1.0,0.0,0.0,0.8891709928857736,0.8891709928857736
realdisp,APS,full_b8,427.6136363636363,406.70454545454544,-0.03105167952867711,0.8981818673899155,0.029853966734794818,0.26562877809250934,8.765749677052812,0.07634193118203096,0.08207750316351349,0.00850908381946303,-0.005789061640226828,0.008931256891643998,1.0,0.0,0.718810606060606,0.8981818673899155,0.8981818673899155
realdisp,APS,full_reference,382.8125,382.8125,0.0,0.8871791221799376,0.038519228221255565,0.2569566388497253,8.479569082040937,0.08519119572857244,0.08712743755275192,0.0,0.0,0.0,1.0,0.0,0.0,0.8871791221799376,0.8871791221799376
realdisp,APS,kappa0,109.78042788625073,382.8125,0.6416887725080548,0.8761432782880235,0.053613470782284546,0.26524954725629324,8.753235059457678,0.09379227981949866,0.08935454214758896,-0.011035843891914025,0.015094242561028953,0.0082929084065679,2.82,25.325819641004955,0.8226079803447554,0.8503558080925177,0.8905066015924206
realdisp,APS,kappa05,135.80581879006684,382.8125,0.5724847997629436,0.8788660892121817,0.049775545865056094,0.2626964167083096,8.668981751374217,0.09163507789999105,0.0891529200796657,-0.00831303296775582,0.01125631764380051,0.005739777858584244,2.9094444444444445,31.80259005521525,0.7841835842269634,0.8554941757252054,0.8922869205462375
realdisp,APS,kappa2,218.97815639814965,382.8125,0.36219703969792155,0.882957426351657,0.043906458230045,0.25938814220838285,8.559808692876635,0.08846285059921828,0.08837683889177413,-0.00422169582828045,0.005387230008789416,0.00243150335865751,3.020277777777778,64.37151722032893,0.5629939145572028,0.8626003946660665,0.8937672316997921
realdisp,APS,matched_b1,163.05333333333334,382.8125,0.5028166193945913,0.8808108367573236,0.04856942944543211,0.2647499945807607,8.736749821165104,0.09074214587557887,0.08730153879478607,-0.006368285422613901,0.010050201224176528,0.007793355731035336,1.0,0.0,0.8659583333333334,0.8808108367573236,0.8808108367573236
realdisp,APS,matched_b2,163.16444444444443,382.8125,0.5021682401907301,0.8762951243447915,0.05193742796347306,0.2641564553251625,8.717163025730365,0.09372103952842976,0.0901198847497948,-0.010883997835146,0.013418199742217465,0.007199816475437195,1.0,0.0,0.8421944444444445,0.8762951243447916,0.8762951243447916
realdisp,APS,matched_b4,163.26555555555555,382.8125,0.5015340456750931,0.8861928136940106,0.044539202786899185,0.27090801799264,8.939964593757123,0.08578345141323647,0.08505547338105844,-0.0009863084859270388,0.006019974565643599,0.013951379142914689,1.0,0.0,0.767076388888889,0.8861928136940106,0.8861928136940106
realdisp,APS,matched_b8,163.00166666666667,382.8125,0.5017452273866341,0.8937897263420598,0.03902806240209807,0.27811070011408756,9.177653103764891,0.0796976852906279,0.08133741037008695,0.006610604162122201,0.0005088341808425011,0.02115406126436221,1.0,0.0,0.8222361111111111,0.8937897263420598,0.8937897263420598
realdisp,APS,random_planning,177.94583333333335,382.8125,0.44419072919275887,0.8799432842515005,0.047976680220236545,0.26265961950546696,8.667767443680411,0.09085778142998684,0.08879774635523417,-0.007235837928436982,0.009457451998980957,0.005702980655741652,1.0,0.0,0.6597569444444445,0.8799432842515005,0.8799432842515005
realdisp,APS,restricted_b1,222.30056037951326,382.8125,0.3546360386655796,0.8818539015428688,0.04476018256213687,0.25754659970854216,8.499037790381893,0.08973950521172887,0.08868197830235404,-0.00532522063706871,0.006240954340881284,0.000589960858816836,2.6219444444444444,80.1584889993678,0.536998698072421,0.8540595714762996,0.892971145253259
realdisp,APS,restricted_b4,216.54997467119622,382.8125,0.3714890367048431,0.8823989602502792,0.04532602668936234,0.26227036950191374,8.654922193563154,0.08884576877324485,0.08803945717881617,-0.00478016192965828,0.0068067984681067515,0.005313730652188417,2.7133333333333334,54.377671194986625,0.5811339693827584,0.8693270706650685,0.8896056353236238
realdisp,APS,restricted_b8,240.71699423113918,382.8125,0.30358558359920845,0.8881813766426251,0.040225692678714266,0.26499934814376686,8.744978488744307,0.08420668678143334,0.08552958660098516,0.0010022544626875518,0.0017064644574586948,0.008042709294041503,2.35,65.53264339315463,0.4846287110488023,0.8815289578538561,0.8953667115405652
realdisp,APS,sparse,164.5723457125083,382.8125,0.4972623612017583,0.8807132106504579,0.047008816315423245,0.26095064026888987,8.611371128873367,0.09017384287193342,0.08893059694403145,-0.006465911529479548,0.008489588094167654,0.003994001419164537,2.9780555555555552,40.27642586668561,0.7218727856915755,0.8588445677636685,0.8930231915729703
realdisp,APS,two_plan,200.5054223372653,382.8125,0.4111874386270629,0.8826016711582921,0.04446907877447254,0.2601566895596239,8.58517075546759,0.08877985227418299,0.08842594671097025,-0.004577451021645463,0.005949850553216948,0.0032000507098985755,1.7116666666666667,55.319380341672456,0.6043266884791686,0.8757727953443731,0.8891277108965235
realdisp,APS,variance_save,239.86666666666667,382.8125,0.3127075345210994,0.8891567274136056,0.03893198896576127,0.2625406149799225,8.663840294337442,0.08342088865503917,0.08570517963410011,0.001977605233668115,0.0004127607445057002,0.005583976130197097,1.0,0.0,0.6824097222222223,0.8891567274136056,0.8891567274136056
realdisp,LAC,deterministic,249.99583333333337,382.8125,0.28615567879041465,0.8842682818121577,0.04666437594751588,0.08666541759711356,2.859958780704749,0.008265519212366788,0.4675273713245145,-0.0038953269829150997,0.0033579326091212024,0.0013188427936792538,1.0,0.0,0.4655833333333333,0.8842682818121577,0.8842682818121577
realdisp,LAC,drop_coverage,171.53832920124012,382.8125,0.4877868599100135,0.878645358327434,0.05231556846225869,0.09164725673583274,3.0243594722824816,0.01259559179585796,0.47253888902239655,-0.009518250467638767,0.009009125123864,0.006300681932398405,2.7866666666666666,40.01160632412991,0.6448754258663298,0.8602475202596126,0.8885518497562139
realdisp,LAC,drop_shortfall,182.7645963572279,382.8125,0.4571608422741708,0.8794355007558391,0.05158391194603094,0.09066444514924664,2.99192668992514,0.01238741743665086,0.4705856870802787,-0.008728108039233582,0.008277468607636241,0.005317870345812301,2.8377777777777777,42.63148082069926,0.6132533733775326,0.8612890572439232,0.8894398347625323
realdisp,LAC,drop_size,133.86681767767348,382.8125,0.5793967919099311,0.8788162916475858,0.05461977962349568,0.10389174060792372,3.4284274400614847,0.016550192760994554,0.4584579810526515,-0.00934731714748688,0.01131333628510098,0.018545165804489398,2.104722222222222,30.123605642586124,0.7182930046850942,0.8656238387343876,0.8869271063537466
realdisp,LAC,fixed_25,104.3125,382.8125,0.6901892645207025,0.8609010058615114,0.0711470763499387,0.09860737702096704,3.254043441691914,0.033758944334672684,0.46913698117624264,-0.027262602933561173,0.027840633011544002,0.01326080221753271,1.0,0.0,0.7703958333333333,0.8609010058615115,0.8609010058615115
realdisp,LAC,fixed_50,194.125,382.8125,0.4746522045179839,0.8771406028373127,0.055137738296964,0.0932732212201402,3.0780163002646286,0.0176301438668308,0.46268017560228086,-0.011023005957760124,0.011831294958569305,0.007926646416705875,1.0,0.0,0.6576944444444445,0.8771406028373127,0.8771406028373127
realdisp,LAC,fixed_75,287.9166666666667,382.8125,0.24086388078195364,0.8837779708982619,0.048292777244617335,0.0897077965907519,2.9603572874948134,0.011599517452832117,0.4584662616939333,-0.004385637896810766,0.004986333906222656,0.004361221787317558,1.0,0.0,0.49422916666666666,0.8837779708982619,0.8837779708982619
realdisp,LAC,full_b1,365.0,382.8125,0.024833215903006804,0.8804928989264948,0.04814921388632754,0.08095830775343969,2.6716241558635114,0.009075955778141255,0.4802714270137209,-0.007670709868577809,0.00484277054793287,-0.0043882670499946095,1.0,0.0,0.6433958333333333,0.880492898926495,0.880492898926495
realdisp,LAC,full_b2,376.9148936170213,388.40425531914894,0.016461315349484428,0.8862832669270189,0.044174677457121524,0.08698567060555022,2.870527129983159,0.007316520197953178,0.46482406505083157,-0.003297538793382062,0.0021859650972228246,0.001599777808743275,1.0,0.0,0.6059929078014185,0.8862832669270189,0.8862832669270189
realdisp,LAC,full_b4,394.2391304347827,394.2391304347827,0.0,0.8904978188311814,0.04104139144458311,0.08494906033537576,2.803318991067402,0.004663281238767692,0.4574462275868554,0.0,0.0,0.0,1.0,0.0,0.0,0.8904978188311814,0.8904978188311814
realdisp,LAC,full_b8,427.6136363636363,406.70454545454544,-0.03105167952867711,0.8924053803581278,0.03902268435944966,0.08359602722638936,2.75866889847085,0.0031759690674812544,0.4549861609709817,0.0011983325691541243,-0.0012710589494740055,-0.00040250585511144725,1.0,0.0,0.5890530303030302,0.8924053803581278,0.8924053803581278
realdisp,LAC,full_reference,382.8125,382.8125,0.0,0.8881636087950727,0.04330644333839467,0.08534657480343431,2.8164369685133335,0.006903858259568745,0.4587525141855804,0.0,0.0,0.0,1.0,0.0,0.0,0.8881636087950727,0.8881636087950727
realdisp,LAC,kappa0,133.36185005213238,382.8125,0.5871286310085767,0.8744339714922278,0.05697799866328479,0.09655630254408255,3.1863579839547262,0.017289179712898582,0.47155357483513965,-0.013729637302844946,0.01367155532489009,0.011209727740648226,2.813055555555555,30.079438295430446,0.7235456128562626,0.8540437415357883,0.8862163967066254
realdisp,LAC,kappa05,160.66891469886932,382.8125,0.5167126927048125,0.8778837909309359,0.05331786884531794,0.09293703067662808,3.066922012328728,0.013819552732920468,0.4708682977876287,-0.010279817864136806,0.010011425506923235,0.007590455873193762,2.873333333333333,36.127922174495914,0.6710818273188317,0.859411625225173,0.8884348472544094
realdisp,LAC,kappa2,232.60909657089462,382.8125,0.33622964379305204,0.882471309489255,0.048611493072826674,0.08831345138212375,2.914343895610085,0.010079581773199849,0.46806137026548167,-0.005692299305817618,0.0053050497344319806,0.002966876578689425,2.93,60.388743884896975,0.4663546792455537,0.8650699974570456,0.8912265357747579
realdisp,LAC,matched_b1,185.87277777777777,382.8125,0.4539137175948138,0.8786746347481632,0.052095349520396905,0.09167041427027184,3.025123670918972,0.012715852469102062,0.4717553869219622,-0.009488974046909491,0.008788906182002223,0.006323839466837508,1.0,0.0,0.7521597222222223,0.8786746347481632,0.8786746347481632
realdisp,LAC,matched_b2,185.96749999999997,382.8125,0.45332163019358873,0.8823913952327436,0.05056976682297026,0.10251854172745173,3.383111877005908,0.013046787929985863,0.45699681553356647,-0.005772213562329236,0.007263323484575568,0.01717196692401738,1.0,0.0,0.7475555555555555,0.8823913952327436,0.8823913952327436
realdisp,LAC,matched_b4,186.07500000000002,382.8125,0.45262824370618987,0.8846810962550645,0.049089746293910434,0.10023743239129329,3.30783526891268,0.011865781499131286,0.4509565089502236,-0.003482512540008162,0.00578330295551574,0.014890857587858956,1.0,0.0,0.6338611111111111,0.8846810962550645,0.8846810962550645
realdisp,LAC,matched_b8,185.49027777777778,382.8125,0.4534209410338728,0.8882364195233393,0.04617567763365,0.09934667631493681,3.278440318392916,0.010194234987848043,0.44312958660205526,7.281072826672049e-05,0.002869234295255329,0.014000101511502461,1.0,0.0,0.7154166666666667,0.8882364195233395,0.8882364195233395
realdisp,LAC,random_planning,198.0583333333333,382.8125,0.395422402348154,0.8803276935494609,0.051806100210909596,0.09611081875278382,3.171657018841868,0.013053003251873243,0.4635375313015985,-0.0078359152456117,0.008499656872514904,0.010764243949349495,1.0,0.0,0.5143125,0.8803276935494609,0.8803276935494609
realdisp,LAC,restricted_b1,256.7937292075515,382.8125,0.2768693489708682,0.879805579639877,0.04998575140544901,0.08541324446796583,2.818637067442874,0.009844780497690527,0.4786076462948022,-0.008358029155195642,0.0066793080670543145,6.66696645315095e-05,2.4616666666666664,85.99245441360837,0.3845023523731586,0.859258894108979,0.8878178008467472
realdisp,LAC,restricted_b4,233.8768674127679,382.8125,0.3333215558341776,0.8814711125876133,0.05019317908981435,0.09285702838756181,3.0642819367895413,0.011786886518801236,0.4653299056473352,-0.0066924962074594065,0.006886735751419644,0.007510453584127473,2.575833333333333,55.742497069285776,0.4578008945199223,0.8677867159595151,0.8881810945195413
realdisp,LAC,restricted_b8,243.15023972402992,382.8125,0.3030278787843635,0.8855814684884358,0.046723703051467856,0.0907766924964266,2.9956308523820794,0.009273398693956547,0.45803967336780466,-0.002582140306636859,0.0034172597130731758,0.005430117692992255,2.4455555555555555,60.18607388396399,0.43538618877169893,0.8779030135540618,0.892009910985355
realdisp,LAC,sparse,187.43929714555807,382.8125,0.4481794333148228,0.8799297671211139,0.05113557250854051,0.09039694857462725,2.983099302962701,0.011844839925270014,0.47057154531012113,-0.008233841673958821,0.007829129170145816,0.005050373771192924,2.9030555555555555,44.09231246594521,0.6068753083219748,0.8624752678843136,0.8897612545337417
realdisp,LAC,two_plan,215.36146195079198,382.8125,0.38212510396253424,0.8817209535474975,0.04939439161690017,0.08949661961580524,2.9533884473215744,0.010377264554267972,0.469095212012599,-0.006442655247575285,0.006087948278505481,0.0041500448123709234,1.6877777777777778,53.71346217523947,0.5073551820675636,0.8750429960888849,0.8874812554088202
realdisp,LAC,variance_save,230.9888888888889,382.8125,0.33562897696909233,0.884442907426538,0.047221481211226886,0.08687354504596861,2.8668269865169655,0.00932811384915066,0.46257030903941426,-0.003720701368534757,0.003915037872832206,0.0015269702425342983,1.0,0.0,0.5949722222222222,0.884442907426538,0.884442907426538
wisdm,APS,deterministic,226.9859749455338,449.8958333333333,0.3619219934205952,0.8813713640945062,0.04830086415919193,0.5438675083853292,9.789615150935925,0.02098554924466446,0.02611665059535471,-0.0009805480022163022,0.0021786862322810607,0.0025875703742731563,1.0,0.0,0.6354864515250545,0.8813713640945062,0.8813713640945062
wisdm,APS,drop_coverage,160.27591528586674,449.8958333333333,0.5377949403933098,0.8792107652160341,0.05216955377493859,0.5482582630761302,9.868648735370344,0.02149795079488531,0.026758038280644696,-0.003141146880688469,0.006047375848027725,0.006978325065074199,2.782135076252723,33.4397359449054,0.7942236102930756,0.8609589014884534,0.8898179883001219
wisdm,APS,drop_shortfall,155.75505952235338,449.8958333333333,0.5443609829397552,0.8785907012838615,0.05295318127942327,0.5483498937105491,9.870298086789882,0.021601857256828602,0.026858735395913685,-0.003761210812861068,0.006831003352512385,0.007069955699493092,2.8590686274509807,35.554795445191836,0.7827280192973164,0.8578589930238759,0.8901418331693051
wisdm,APS,drop_size,127.06799300724022,449.8958333333333,0.6135881639996404,0.885125784599546,0.05104420633839374,0.5663683077722054,10.194629539899699,0.020040777547044055,0.025145637503330886,0.0027738725028233734,0.004922028411482866,0.025088369761149403,2.0305010893246185,27.944562810649018,0.8331368742957507,0.8727842501137824,0.8918427720284555
wisdm,APS,fixed_25,121.14583333333333,449.8958333333333,0.6900095116725767,0.8415018368754853,0.08628530060162466,0.5144799374626582,9.260638874327848,0.0311700672844,0.036244792005151065,-0.040850075221237236,0.04016312267471378,-0.026800000548397814,1.0,0.0,0.8484392020697168,0.8415018368754854,0.8415018368754854
wisdm,APS,fixed_50,227.95833333333334,449.8958333333333,0.47421967346335697,0.8664760291064996,0.062251301476911824,0.5325997710844682,9.586795879520428,0.024557290239404613,0.029675986632417245,-0.015875882990222894,0.01612912355000095,-0.008680166926587842,1.0,0.0,0.7475745506535948,0.8664760291064996,0.8664760291064996
wisdm,APS,fixed_75,338.0833333333333,449.8958333333333,0.24168882978723402,0.8768740146147406,0.051951190056610586,0.5394070606050927,9.709327090891668,0.022144500752403196,0.027101264011575907,-0.005477897481981933,0.005829012129699721,-0.0018728774059633257,1.0,0.0,0.6108115468409586,0.8768740146147406,0.8768740146147406
wisdm,APS,full_b1,450.0,449.8958333333333,-0.00044326241134751463,0.8610345360722066,0.06507676104794209,0.5205572395119087,9.370030311214355,0.025515267771048535,0.031063126857348786,-0.021317376024515874,0.01895458312103122,-0.020722698499147322,1.0,0.0,0.8835137527233115,0.8610345360722067,0.8610345360722067
wisdm,APS,full_b2,456.9148936170213,456.9148936170213,-9.431115135051073e-06,0.8817638917889467,0.04751230753220257,0.5423970537279343,9.76314696710282,0.020573523079598737,0.02591196379310189,-0.004082343450232398,0.004606765536826481,-0.0019661499312493363,1.0,0.0,0.8742316784869977,0.881763891788947,0.881763891788947
wisdm,APS,full_b4,464.23913043478257,464.23913043478257,0.0,0.8873392333384443,0.041443108873441624,0.5453843177734706,9.816917719922472,0.019377625338665196,0.024329644747334376,0.0,0.0,0.0,1.0,0.0,0.0,0.8873392333384444,0.8873392333384444
wisdm,APS,full_b8,479.8863636363637,479.8863636363637,-1.0074145712440918e-05,0.8957872511307846,0.0344411329302173,0.5539078220616759,9.970340797110167,0.01773535120884343,0.022347774445998902,0.00694701045270879,-0.005505433347654844,0.0077056140074171975,1.0,0.0,0.861285650623886,0.8957872511307846,0.8957872511307846
wisdm,APS,full_reference,449.8958333333333,449.8958333333333,0.0,0.8823519120967226,0.04612217792691085,0.541279938011056,9.743038884199008,0.020675550502483354,0.02563004044378328,0.0,0.0,0.0,1.0,0.0,0.0,0.8823519120967226,0.8823519120967226
wisdm,APS,kappa0,118.81558970874994,449.8958333333333,0.6348931001563164,0.8771220215498,0.05599143477809106,0.5530872963694843,9.955571334650715,0.021924175886248884,0.02722267801717186,-0.0052298905469225195,0.00986925685118018,0.011807358358428215,2.599264705882353,24.385251323402628,0.8466077489731786,0.85573859757606,0.8887590631257676
wisdm,APS,kappa05,139.0388088954785,449.8958333333333,0.5870232136757391,0.8785103127296946,0.05369692422261588,0.5506315876268456,9.91136857728322,0.021636372909173463,0.026916209920960735,-0.00384159936702797,0.007574746295705,0.009351649615789557,2.744553376906318,28.415551219165653,0.824438878902033,0.8598442447538274,0.8895931861324522
wisdm,APS,kappa2,220.0408698232532,449.8958333333333,0.4065631097591719,0.8803558124116962,0.050009104379783155,0.5456236268438208,9.821225283188774,0.021218633249195012,0.026364580823784487,-0.0019960996850262517,0.0038869264528722867,0.0043436888327647765,3.026007625272331,62.277881862279266,0.6171255827071865,0.856112314018412,0.8895793437758449
wisdm,APS,matched_b1,162.09572440087143,449.8958333333333,0.5344802552066433,0.8381734663499804,0.08762275595666795,0.5053643213949086,9.096557785108356,0.030506775727075403,0.036453666746776185,-0.04417844574674213,0.04150057802975706,-0.03591561661614737,1.0,0.0,0.9181968273420479,0.8381734663499804,0.8381734663499804
wisdm,APS,matched_b2,162.7335239651416,449.8958333333333,0.5325081237614726,0.8631140714291362,0.06701704625616275,0.5338661445796078,9.60959060243294,0.02457219792985299,0.030413064553294306,-0.019237840667586287,0.020894868329251873,-0.007413793431448236,1.0,0.0,0.8929874727668845,0.8631140714291362,0.8631140714291362
wisdm,APS,matched_b4,163.0705337690632,449.8958333333333,0.5315369511489091,0.8758400073142422,0.05574850206841689,0.5475839924691487,9.856511864444677,0.02198159415521032,0.027174216141383174,-0.006511904782480413,0.009626324141506007,0.0063040544580927,1.0,0.0,0.7831341911764707,0.8758400073142423,0.8758400073142423
wisdm,APS,matched_b8,162.1385484749455,449.8958333333333,0.5326428000278125,0.886170893356792,0.04764824893233335,0.5594100645556369,10.069381162001465,0.019948565199294957,0.02488207380505079,0.003818981260069546,0.001526071005422491,0.018130126544580898,1.0,0.0,0.8571333741830065,0.8861708933567921,0.8861708933567921
wisdm,APS,random_planning,154.90468409586057,449.8958333333333,0.5270305118328852,0.8694836785864819,0.060712198263995355,0.539862185127732,9.717519332299178,0.023184991668664542,0.028715555156779062,-0.012868233510240586,0.014590020337084474,-0.0014177528833239274,1.0,0.0,0.7060083061002178,0.869483678586482,0.869483678586482
wisdm,APS,restricted_b1,310.54079351297185,449.8958333333333,0.2314615172665199,0.8742887334192272,0.05412546369972073,0.5362119907457963,9.651815833424331,0.02242234874028497,0.02775824040601633,-0.008063178677495349,0.008003285772809836,-0.005067947265259683,2.2190223311546844,94.61575564000411,0.401660975850939,0.8351551363549211,0.8831249653158476
wisdm,APS,restricted_b4,197.4163449913002,449.8958333333333,0.4507073304918277,0.876784590545958,0.05367945503622749,0.5444738942745622,9.800530096942119,0.02186869203968429,0.027142679016767427,-0.005567321550764595,0.007557277109316609,0.003193956263506125,2.6962826797385624,42.12874031134381,0.6585077176803559,0.8621997227090845,0.8832391079854895
wisdm,APS,restricted_b8,195.95243588741172,449.8958333333333,0.4373687716174102,0.8824895490500109,0.048913716122825,0.5499623546262443,9.899322383272397,0.02068068563424292,0.025841086175879147,0.00013763695328827529,0.0027915381959141487,0.008682416615188258,2.571350762527233,49.76242558217888,0.6631849743907261,0.8751918626165957,0.8914240693696999
wisdm,APS,sparse,164.56358797068893,449.8958333333333,0.5271292541243308,0.8794067446350732,0.051945650381174546,0.5481688895398347,9.867040011717025,0.021436391474766864,0.02666232420148246,-0.002945167461649333,0.0058234724542636646,0.006888951528778698,2.8936546840958606,36.13295091109518,0.7762843859984722,0.860729572527056,0.8899839565378208
wisdm,APS,two_plan,196.12113520527177,449.8958333333333,0.45630820340910044,0.8797401313850548,0.0507330571030871,0.5456569127443004,9.82182442939741,0.0213299725340648,0.02652922690611063,-0.002611780711667608,0.004610879176176231,0.004376974733244486,1.6851851851851851,51.488332024193994,0.6719844565301587,0.8758876351896241,0.8844046671664104
wisdm,APS,variance_save,358.6979166666667,449.8958333333333,0.189480263053064,0.8836614948830944,0.04535088502020973,0.5433510973621046,9.780319752517885,0.02049360017415086,0.025404568990936627,0.0013095827863719059,-0.0007712929067011147,0.0020711593510487005,1.0,0.0,0.6754459422657951,0.8836614948830945,0.8836614948830945
wisdm,LAC,deterministic,235.00646786492374,449.8958333333333,0.34886173182334396,0.8787570715355937,0.05344863623177132,0.49508255292718384,8.91148595268931,0.0009706524282525396,0.03569117751446287,-0.001824682415934981,0.002540290377620679,0.001473309494934731,1.0,0.0,0.6196537990196078,0.8787570715355937,0.8787570715355937
wisdm,LAC,drop_coverage,165.75972803861313,449.8958333333333,0.5292543751438769,0.875463094952277,0.0576212533318556,0.49727113260732736,8.950880386931894,0.001184331762128184,0.03719963198878511,-0.005118658999251649,0.0067129074777049534,0.0036618891750782715,2.728281590413943,38.26489814463869,0.7726263496092094,0.8581480216123994,0.8846455607118596
wisdm,LAC,drop_shortfall,165.19254548669156,449.8958333333333,0.5285553996440037,0.8753612816986521,0.05791237543963612,0.4977803911692525,8.960047041046547,0.0011882606491118804,0.03728614667258407,-0.00522047225287648,0.007004029585485479,0.004171147737003451,2.7903730936819175,40.30087937756946,0.7576526049030181,0.8569497686705517,0.8847464306492366
wisdm,LAC,drop_size,149.08774129097935,449.8958333333333,0.5694335023436656,0.8771742244661467,0.057547999822567975,0.5042879885615167,9.0771837941073,0.0011382292231878477,0.03686274424275552,-0.003407529485381979,0.006639653968417331,0.010678745129267532,2.068218954248366,38.149933196733,0.7938925499222282,0.8659736861464163,0.8836514989606937
wisdm,LAC,fixed_25,121.14583333333333,449.8958333333333,0.6900095116725767,0.8352975689852841,0.0942697240746498,0.4620132867915053,8.316239162247095,0.00807438776483075,0.05865775473976559,-0.0452841849662445,0.043361378220499146,-0.031595956640743765,1.0,0.0,0.8467269199346404,0.8352975689852841,0.8352975689852841
wisdm,LAC,fixed_50,227.95833333333334,449.8958333333333,0.47421967346335697,0.8628258717442079,0.06829390688587615,0.4828949775331508,8.692109595596717,0.003243964143753532,0.04377201209027861,-0.017755882207320762,0.017385561031725505,-0.01071426589909825,1.0,0.0,0.7467507489106754,0.8628258717442079,0.8628258717442079
wisdm,LAC,fixed_75,338.0833333333333,449.8958333333333,0.24168882978723402,0.8748077708555226,0.05695944013670571,0.49172124656731003,8.850982438211581,0.0019121494268908425,0.03798582519448405,-0.005773983096006029,0.006051094282555077,-0.0018879968649390046,1.0,0.0,0.6069767837690632,0.8748077708555226,0.8748077708555226
wisdm,LAC,full_b1,450.0,449.8958333333333,-0.00044326241134751463,0.8614633809502562,0.06846050116582315,0.47672764264446993,8.581097567600459,0.0029318948240783338,0.043957440384666334,-0.01911837300127243,0.017552155311672507,-0.016881600787779186,1.0,0.0,0.8875953159041394,0.8614633809502562,0.8614633809502562
wisdm,LAC,full_b2,456.9148936170213,456.9148936170213,-9.431115135051073e-06,0.8804771068148525,0.051653078143259895,0.49610984198824326,8.92997715578838,0.00046180509827817946,0.03499518505011594,-0.003797628513996489,0.004122061183327197,-0.0007808187387567319,1.0,0.0,0.8721474760116813,0.8804771068148526,0.8804771068148526
wisdm,LAC,full_b4,464.23913043478257,464.23913043478257,0.0,0.8859708612974743,0.04590000536187482,0.4980921952047969,8.965659513686346,2.146068224368761e-05,0.03199652624567275,0.0,0.0,0.0,1.0,0.0,0.0,0.8859708612974743,0.8859708612974743
wisdm,LAC,full_b8,479.8863636363637,479.8863636363637,-1.0074145712440918e-05,0.8909149094518728,0.04125580373675155,0.5019737422411504,9.035527360340708,0.0,0.03026348511990878,0.0031081977114866557,-0.002908183503062212,0.0026701582069636937,1.0,0.0,0.8537377450980393,0.8909149094518728,0.8909149094518728
wisdm,LAC,full_reference,449.8958333333333,449.8958333333333,0.0,0.8805817539515286,0.050908345854150626,0.49360924343224905,8.884966381780485,0.00096142997552069,0.03493074102704823,0.0,0.0,0.0,1.0,0.0,0.0,0.8805817539515287,0.8805817539515287
wisdm,LAC,kappa0,123.7811951860947,449.8958333333333,0.6256438456230939,0.8730545209919868,0.06131432696622069,0.5014604786285076,9.026288615313137,0.0012827275131869125,0.038404698658000704,-0.007527232959541888,0.010405981112070034,0.007851235196258523,2.5420070806100217,28.073885944739473,0.8282331758376967,0.8548425348167735,0.8818333833560468
wisdm,LAC,kappa05,146.1193077289079,449.8958333333333,0.5747137389242454,0.8746318002900315,0.05902995920847969,0.4991275494696083,8.98429589045295,0.0012004884200341771,0.037583638387443684,-0.005949953661497021,0.008121613354329047,0.005518306037359182,2.6905637254901955,33.72090872717438,0.8024494443510265,0.8578974759140111,0.8832032344450563
wisdm,LAC,kappa2,227.47818444621268,449.8958333333333,0.3951467486738584,0.8772914994576814,0.055176024174281024,0.4954849214601615,8.918728586282906,0.001104621709864864,0.036417328411723494,-0.0032902544938471882,0.004267678320130382,0.0018756780279123688,2.9328703703703702,65.47568613774169,0.5963857589792682,0.8562711031046958,0.8855301959107406
wisdm,LAC,matched_b1,169.92095588235296,449.8958333333333,0.5212029540687433,0.8376369333929098,0.09116071239293455,0.4598366784599768,8.277060212279583,0.004488595182377984,0.05467890979490695,-0.04294482055861885,0.040252366538783904,-0.033772564972272275,1.0,0.0,0.9171960103485839,0.8376369333929098,0.8376369333929098
wisdm,LAC,matched_b2,170.61839596949892,449.8958333333333,0.5192464958488813,0.8617492982787778,0.07099503670651879,0.48841653827663817,8.791497688979488,0.0020384383592964095,0.04393706274578535,-0.018832455672750787,0.020086690852368128,-0.005192705155610887,1.0,0.0,0.8913756127450981,0.8617492982787779,0.8617492982787779
wisdm,LAC,matched_b4,171.0335648148148,449.8958333333333,0.5180044813926358,0.8728752074717846,0.06059823743914027,0.4971105896495798,8.947990613692438,0.0010852742922297272,0.037756105924637955,-0.007706546479744082,0.009689891584989627,0.003501346217330789,1.0,0.0,0.773588984204793,0.8728752074717846,0.8728752074717846
wisdm,LAC,matched_b8,170.15631808278866,449.8958333333333,0.519440957314023,0.8790734645906341,0.0554539219036212,0.5044414346569005,9.07994582382421,0.0010516983934730773,0.03573796495470863,-0.0015082893608945474,0.004545576049470567,0.010832191224651344,1.0,0.0,0.8512935729847495,0.8790734645906341,0.8790734645906341
wisdm,LAC,random_planning,163.55290032679738,449.8958333333333,0.509725381915473,0.8702790143809335,0.06262539350491769,0.49398518725205615,8.89173337053701,0.0010324672254934592,0.03851312249898084,-0.010302739570595047,0.01171704765076704,0.0003759438198069701,1.0,0.0,0.6934776688453158,0.8702790143809337,0.8702790143809337
wisdm,LAC,restricted_b1,309.27128558111957,449.8958333333333,0.2300092229701515,0.8734673210612116,0.05812610395516491,0.49036993962159664,8.826658913188739,0.0014195086082886658,0.03791804381354947,-0.007114432890316939,0.0072177581010142615,-0.0032393038106524317,2.249523420479303,90.80808620853202,0.40994545762760026,0.8341391667166093,0.8820105879670782
wisdm,LAC,restricted_b4,202.3978075048898,449.8958333333333,0.4426705995874734,0.8751663439970633,0.05769627098864386,0.4961426115049554,8.930567007089197,0.0010884350027225115,0.03715918238206971,-0.005415409954465343,0.0067879251344932215,0.002533368072706286,2.592116013071896,48.074785288107286,0.6435920868043855,0.8584037170608841,0.8818103176916946
wisdm,LAC,restricted_b8,209.04524303345934,449.8958333333333,0.4167961488312186,0.8781476069413411,0.055049015609259816,0.49911686265758487,8.98410352783653,0.0009597647915042168,0.035788955571715,-0.0024341470101874713,0.004140669755109185,0.005507619225335782,2.4694308278867103,56.80651918045957,0.6354193289488704,0.8711846251256784,0.8856410235499467
wisdm,LAC,sparse,172.42298860169277,449.8958333333333,0.5138888062378891,0.8758792541867558,0.05723851158661577,0.4974026316817475,8.953247370271454,0.0011591297708354045,0.0370108173413698,-0.004702499764772797,0.006330165732465125,0.003793388249498339,2.8390522875816995,41.27544994334053,0.7498357733384865,0.8587871816611713,0.8845598990756592
wisdm,LAC,two_plan,203.47819096753844,449.8958333333333,0.445847938103832,0.8768066055952745,0.055985075326908496,0.4965248859854762,8.937447947738573,0.0010839121778145383,0.036551563056829085,-0.0037751483562541376,0.005076729472757856,0.0029156425532271386,1.7098992374727668,57.33360746507341,0.6468825758499791,0.8730640448344306,0.8818852968805851
wisdm,LAC,variance_save,355.4690904139434,449.8958333333333,0.19728687823755386,0.8801637355362422,0.05136863413159293,0.49398788418633316,8.891781915353997,0.001203676009758002,0.03551868274466929,-0.0004180184152863928,0.00046028827744230665,0.0003786407540840005,1.0,0.0,0.6688521241830067,0.8801637355362423,0.8801637355362423
